run_id,day,stock_id,price,fair_value,trend,shares,position_value,operating_income
seed-0000__cash_control,0,moon,86,100,0,0,0,0
seed-0000__cash_control,0,bank,75,72,0,0,0,0
seed-0000__cash_control,0,sky,80,80,0,0,0,0
seed-0000__cash_control,0,forge,88,92,0,0,0,0
seed-0000__cash_control,0,crystal,62,68,0,0,0,0
seed-0000__cash_control,0,dream,58,55,0,0,0,0
seed-0000__cash_control,1,moon,90.87,99.61,0.06,0,0,0
seed-0000__cash_control,1,bank,74.08,72.08,-0.01,0,0,0
seed-0000__cash_control,1,sky,78.02,80.14,-0.02,0,0,0
seed-0000__cash_control,1,forge,88,92.92,0,0,0,0
seed-0000__cash_control,1,crystal,64.87,68.45,0.05,0,0,0
seed-0000__cash_control,1,dream,53.88,55.19,-0.07,0,0,0
seed-0000__cash_control,2,moon,94.72,100.06,0.04,0,0,0
seed-0000__cash_control,2,bank,73.35,71.98,-0.01,0,0,0
seed-0000__cash_control,2,sky,75.87,80.19,-0.03,0,0,0
seed-0000__cash_control,2,forge,87.51,92.53,-0.01,0,0,0
seed-0000__cash_control,2,crystal,62.31,67.78,-0.04,0,0,0
seed-0000__cash_control,2,dream,49.46,56.06,-0.08,0,0,0
seed-0000__cash_control,3,moon,95.39,99.7,0.01,0,0,0
seed-0000__cash_control,3,bank,71.71,71.49,-0.02,0,0,0
seed-0000__cash_control,3,sky,74.23,79.67,-0.02,0,0,0
seed-0000__cash_control,3,forge,84.29,92.14,-0.04,0,0,0
seed-0000__cash_control,3,crystal,59.97,66.58,-0.04,0,0,0
seed-0000__cash_control,3,dream,44.22,55.39,-0.11,0,0,0
seed-0000__cash_control,4,moon,96.4,99.43,0.01,0,0,0
seed-0000__cash_control,4,bank,70.86,71.69,-0.01,0,0,0
seed-0000__cash_control,4,sky,75.43,82.37,0.02,0,0,0
seed-0000__cash_control,4,forge,84.98,92.88,0.01,0,0,0
seed-0000__cash_control,4,crystal,59.86,67.61,0,0,0,0
seed-0000__cash_control,4,dream,39.03,56.01,-0.12,0,0,0
seed-0000__cash_control,5,moon,98.26,99.51,0.02,0,0,0
seed-0000__cash_control,5,bank,71.7,72.04,0.01,0,0,0
seed-0000__cash_control,5,sky,79.25,82.96,0.05,0,0,0
seed-0000__cash_control,5,forge,92.15,96.87,0.08,0,0,0
seed-0000__cash_control,5,crystal,61.51,68.17,0.03,0,0,0
seed-0000__cash_control,5,dream,36.59,57.02,-0.06,0,0,0
seed-0000__cash_control,6,moon,97.94,98.63,0,0,0,0
seed-0000__cash_control,6,bank,71.86,71.91,0,0,0,0
seed-0000__cash_control,6,sky,80.93,83.07,0.02,0,0,0
seed-0000__cash_control,6,forge,94.27,97.51,0.02,0,0,0
seed-0000__cash_control,6,crystal,54.65,64.7,-0.11,0,0,0
seed-0000__cash_control,6,dream,33.49,57.7,-0.08,0,0,0
seed-0000__cash_control,7,moon,96.65,97.94,-0.01,0,0,0
seed-0000__cash_control,7,bank,71.32,71.86,-0.01,0,0,0
seed-0000__cash_control,7,sky,80.12,83.03,-0.01,0,0,0
seed-0000__cash_control,7,forge,92.94,96.05,-0.01,0,0,0
seed-0000__cash_control,7,crystal,54,65.19,-0.01,0,0,0
seed-0000__cash_control,7,dream,29.94,57,-0.11,0,0,0
seed-0000__cash_control,8,moon,96.92,98.24,0,0,0,0
seed-0000__cash_control,8,bank,71.23,71.9,0,0,0,0
seed-0000__cash_control,8,sky,78.62,82.89,-0.02,0,0,0
seed-0000__cash_control,8,forge,93.14,96.41,0,0,0,0
seed-0000__cash_control,8,crystal,56.49,64.81,0.05,0,0,0
seed-0000__cash_control,8,dream,27.01,56.71,-0.1,0,0,0
seed-0000__cash_control,9,moon,97.67,98.44,0.01,0,0,0
seed-0000__cash_control,9,bank,71.68,72.1,0.01,0,0,0
seed-0000__cash_control,9,sky,80.75,83.93,0.03,0,0,0
seed-0000__cash_control,9,forge,95.03,96.35,0.02,0,0,0
seed-0000__cash_control,9,crystal,56.48,64.12,0,0,0,0
seed-0000__cash_control,9,dream,31.87,58.8,0.18,0,0,0
seed-0000__cash_control,10,moon,96.12,97.88,-0.02,0,0,0
seed-0000__cash_control,10,bank,70.74,72.1,-0.01,0,0,0
seed-0000__cash_control,10,sky,79.53,80.92,-0.02,0,0,0
seed-0000__cash_control,10,forge,93.84,95.98,-0.01,0,0,0
seed-0000__cash_control,10,crystal,54.49,63.75,-0.04,0,0,0
seed-0000__cash_control,10,dream,35.88,58.23,0.13,0,0,0
seed-0000__cash_control,11,moon,96.06,98.02,0,0,0,0
seed-0000__cash_control,11,bank,70.95,72.09,0,0,0,0
seed-0000__cash_control,11,sky,81.89,83.23,0.03,0,0,0
seed-0000__cash_control,11,forge,93.42,95.93,0,0,0,0
seed-0000__cash_control,11,crystal,54.2,63.35,-0.01,0,0,0
seed-0000__cash_control,11,dream,42.34,59.14,0.18,0,0,0
seed-0000__cash_control,12,moon,96.67,98.21,0.01,0,0,0
seed-0000__cash_control,12,bank,71.41,72.44,0.01,0,0,0
seed-0000__cash_control,12,sky,82.66,83.36,0.01,0,0,0
seed-0000__cash_control,12,forge,99.3,100.12,0.06,0,0,0
seed-0000__cash_control,12,crystal,57.26,64.33,0.06,0,0,0
seed-0000__cash_control,12,dream,46.97,60.51,0.11,0,0,0
seed-0000__moon_hold,0,moon,86,100,0,4.65116279,400,0
seed-0000__moon_hold,0,bank,75,72,0,0,0,0
seed-0000__moon_hold,0,sky,80,80,0,0,0,0
seed-0000__moon_hold,0,forge,88,92,0,0,0,0
seed-0000__moon_hold,0,crystal,62,68,0,0,0,0
seed-0000__moon_hold,0,dream,58,55,0,0,0,0
seed-0000__moon_hold,1,moon,90.87,99.61,0.06,4.65116279,422.65116273,14.7927907
seed-0000__moon_hold,1,bank,74.08,72.08,-0.01,0,0,0
seed-0000__moon_hold,1,sky,78.02,80.14,-0.02,0,0,0
seed-0000__moon_hold,1,forge,88,92.92,0,0,0,0
seed-0000__moon_hold,1,crystal,64.87,68.45,0.05,0,0,0
seed-0000__moon_hold,1,dream,53.88,55.19,-0.07,0,0,0
seed-0000__moon_hold,2,moon,94.72,100.06,0.04,4.65116279,440.55813947,15.41953488
seed-0000__moon_hold,2,bank,73.35,71.98,-0.01,0,0,0
seed-0000__moon_hold,2,sky,75.87,80.19,-0.03,0,0,0
seed-0000__moon_hold,2,forge,87.51,92.53,-0.01,0,0,0
seed-0000__moon_hold,2,crystal,62.31,67.78,-0.04,0,0,0
seed-0000__moon_hold,2,dream,49.46,56.06,-0.08,0,0,0
seed-0000__moon_hold,3,moon,95.39,99.7,0.01,4.65116279,443.67441854,15.52860465
seed-0000__moon_hold,3,bank,71.71,71.49,-0.02,0,0,0
seed-0000__moon_hold,3,sky,74.23,79.67,-0.02,0,0,0
seed-0000__moon_hold,3,forge,84.29,92.14,-0.04,0,0,0
seed-0000__moon_hold,3,crystal,59.97,66.58,-0.04,0,0,0
seed-0000__moon_hold,3,dream,44.22,55.39,-0.11,0,0,0
seed-0000__moon_hold,4,moon,96.4,99.43,0.01,4.65116279,448.37209296,15.69302325
seed-0000__moon_hold,4,bank,70.86,71.69,-0.01,0,0,0
seed-0000__moon_hold,4,sky,75.43,82.37,0.02,0,0,0
seed-0000__moon_hold,4,forge,84.98,92.88,0.01,0,0,0
seed-0000__moon_hold,4,crystal,59.86,67.61,0,0,0,0
seed-0000__moon_hold,4,dream,39.03,56.01,-0.12,0,0,0
seed-0000__moon_hold,5,moon,98.26,99.51,0.02,4.65116279,457.02325575,15.99581395
seed-0000__moon_hold,5,bank,71.7,72.04,0.01,0,0,0
seed-0000__moon_hold,5,sky,79.25,82.96,0.05,0,0,0
seed-0000__moon_hold,5,forge,92.15,96.87,0.08,0,0,0
seed-0000__moon_hold,5,crystal,61.51,68.17,0.03,0,0,0
seed-0000__moon_hold,5,dream,36.59,57.02,-0.06,0,0,0
seed-0000__moon_hold,6,moon,97.94,98.63,0,4.65116279,455.53488365,15.94372093
seed-0000__moon_hold,6,bank,71.86,71.91,0,0,0,0
seed-0000__moon_hold,6,sky,80.93,83.07,0.02,0,0,0
seed-0000__moon_hold,6,forge,94.27,97.51,0.02,0,0,0
seed-0000__moon_hold,6,crystal,54.65,64.7,-0.11,0,0,0
seed-0000__moon_hold,6,dream,33.49,57.7,-0.08,0,0,0
seed-0000__moon_hold,7,moon,96.65,97.94,-0.01,4.65116279,449.53488365,15.73372093
seed-0000__moon_hold,7,bank,71.32,71.86,-0.01,0,0,0
seed-0000__moon_hold,7,sky,80.12,83.03,-0.01,0,0,0
seed-0000__moon_hold,7,forge,92.94,96.05,-0.01,0,0,0
seed-0000__moon_hold,7,crystal,54,65.19,-0.01,0,0,0
seed-0000__moon_hold,7,dream,29.94,57,-0.11,0,0,0
seed-0000__moon_hold,8,moon,96.92,98.24,0,4.65116279,450.79069761,15.77767442
seed-0000__moon_hold,8,bank,71.23,71.9,0,0,0,0
seed-0000__moon_hold,8,sky,78.62,82.89,-0.02,0,0,0
seed-0000__moon_hold,8,forge,93.14,96.41,0,0,0,0
seed-0000__moon_hold,8,crystal,56.49,64.81,0.05,0,0,0
seed-0000__moon_hold,8,dream,27.01,56.71,-0.1,0,0,0
seed-0000__moon_hold,9,moon,97.67,98.44,0.01,4.65116279,454.2790697,15.89976744
seed-0000__moon_hold,9,bank,71.68,72.1,0.01,0,0,0
seed-0000__moon_hold,9,sky,80.75,83.93,0.03,0,0,0
seed-0000__moon_hold,9,forge,95.03,96.35,0.02,0,0,0
seed-0000__moon_hold,9,crystal,56.48,64.12,0,0,0,0
seed-0000__moon_hold,9,dream,31.87,58.8,0.18,0,0,0
seed-0000__moon_hold,10,moon,96.12,97.88,-0.02,4.65116279,447.06976737,15.64744186
seed-0000__moon_hold,10,bank,70.74,72.1,-0.01,0,0,0
seed-0000__moon_hold,10,sky,79.53,80.92,-0.02,0,0,0
seed-0000__moon_hold,10,forge,93.84,95.98,-0.01,0,0,0
seed-0000__moon_hold,10,crystal,54.49,63.75,-0.04,0,0,0
seed-0000__moon_hold,10,dream,35.88,58.23,0.13,0,0,0
seed-0000__moon_hold,11,moon,96.06,98.02,0,4.65116279,446.79069761,15.63767442
seed-0000__moon_hold,11,bank,70.95,72.09,0,0,0,0
seed-0000__moon_hold,11,sky,81.89,83.23,0.03,0,0,0
seed-0000__moon_hold,11,forge,93.42,95.93,0,0,0,0
seed-0000__moon_hold,11,crystal,54.2,63.35,-0.01,0,0,0
seed-0000__moon_hold,11,dream,42.34,59.14,0.18,0,0,0
seed-0000__moon_hold,12,moon,96.67,98.21,0.01,0,0,15.73697674
seed-0000__moon_hold,12,bank,71.41,72.44,0.01,0,0,0
seed-0000__moon_hold,12,sky,82.66,83.36,0.01,0,0,0
seed-0000__moon_hold,12,forge,99.3,100.12,0.06,0,0,0
seed-0000__moon_hold,12,crystal,57.26,64.33,0.06,0,0,0
seed-0000__moon_hold,12,dream,46.97,60.51,0.11,0,0,0
seed-0000__sky_hold,0,moon,86,100,0,0,0,0
seed-0000__sky_hold,0,bank,75,72,0,0,0,0
seed-0000__sky_hold,0,sky,80,80,0,5,400,0
seed-0000__sky_hold,0,forge,88,92,0,0,0,0
seed-0000__sky_hold,0,crystal,62,68,0,0,0,0
seed-0000__sky_hold,0,dream,58,55,0,0,0,0
seed-0000__sky_hold,1,moon,90.87,99.61,0.06,0,0,0
seed-0000__sky_hold,1,bank,74.08,72.08,-0.01,0,0,0
seed-0000__sky_hold,1,sky,78.02,80.14,-0.02,5,390.1,4.6812
seed-0000__sky_hold,1,forge,88,92.92,0,0,0,0
seed-0000__sky_hold,1,crystal,64.87,68.45,0.05,0,0,0
seed-0000__sky_hold,1,dream,53.88,55.19,-0.07,0,0,0
seed-0000__sky_hold,2,moon,94.72,100.06,0.04,0,0,0
seed-0000__sky_hold,2,bank,73.35,71.98,-0.01,0,0,0
seed-0000__sky_hold,2,sky,75.87,80.19,-0.03,5,379.35,4.5522
seed-0000__sky_hold,2,forge,87.51,92.53,-0.01,0,0,0
seed-0000__sky_hold,2,crystal,62.31,67.78,-0.04,0,0,0
seed-0000__sky_hold,2,dream,49.46,56.06,-0.08,0,0,0
seed-0000__sky_hold,3,moon,95.39,99.7,0.01,0,0,0
seed-0000__sky_hold,3,bank,71.71,71.49,-0.02,0,0,0
seed-0000__sky_hold,3,sky,74.23,79.67,-0.02,5,371.15,4.4538
seed-0000__sky_hold,3,forge,84.29,92.14,-0.04,0,0,0
seed-0000__sky_hold,3,crystal,59.97,66.58,-0.04,0,0,0
seed-0000__sky_hold,3,dream,44.22,55.39,-0.11,0,0,0
seed-0000__sky_hold,4,moon,96.4,99.43,0.01,0,0,0
seed-0000__sky_hold,4,bank,70.86,71.69,-0.01,0,0,0
seed-0000__sky_hold,4,sky,75.43,82.37,0.02,5,377.15,22.629
seed-0000__sky_hold,4,forge,84.98,92.88,0.01,0,0,0
seed-0000__sky_hold,4,crystal,59.86,67.61,0,0,0,0
seed-0000__sky_hold,4,dream,39.03,56.01,-0.12,0,0,0
seed-0000__sky_hold,5,moon,98.26,99.51,0.02,0,0,0
seed-0000__sky_hold,5,bank,71.7,72.04,0.01,0,0,0
seed-0000__sky_hold,5,sky,79.25,82.96,0.05,5,396.25,23.775
seed-0000__sky_hold,5,forge,92.15,96.87,0.08,0,0,0
seed-0000__sky_hold,5,crystal,61.51,68.17,0.03,0,0,0
seed-0000__sky_hold,5,dream,36.59,57.02,-0.06,0,0,0
seed-0000__sky_hold,6,moon,97.94,98.63,0,0,0,0
seed-0000__sky_hold,6,bank,71.86,71.91,0,0,0,0
seed-0000__sky_hold,6,sky,80.93,83.07,0.02,5,404.65,24.279
seed-0000__sky_hold,6,forge,94.27,97.51,0.02,0,0,0
seed-0000__sky_hold,6,crystal,54.65,64.7,-0.11,0,0,0
seed-0000__sky_hold,6,dream,33.49,57.7,-0.08,0,0,0
seed-0000__sky_hold,7,moon,96.65,97.94,-0.01,0,0,0
seed-0000__sky_hold,7,bank,71.32,71.86,-0.01,0,0,0
seed-0000__sky_hold,7,sky,80.12,83.03,-0.01,5,400.6,4.8072
seed-0000__sky_hold,7,forge,92.94,96.05,-0.01,0,0,0
seed-0000__sky_hold,7,crystal,54,65.19,-0.01,0,0,0
seed-0000__sky_hold,7,dream,29.94,57,-0.11,0,0,0
seed-0000__sky_hold,8,moon,96.92,98.24,0,0,0,0
seed-0000__sky_hold,8,bank,71.23,71.9,0,0,0,0
seed-0000__sky_hold,8,sky,78.62,82.89,-0.02,5,393.1,4.7172
seed-0000__sky_hold,8,forge,93.14,96.41,0,0,0,0
seed-0000__sky_hold,8,crystal,56.49,64.81,0.05,0,0,0
seed-0000__sky_hold,8,dream,27.01,56.71,-0.1,0,0,0
seed-0000__sky_hold,9,moon,97.67,98.44,0.01,0,0,0
seed-0000__sky_hold,9,bank,71.68,72.1,0.01,0,0,0
seed-0000__sky_hold,9,sky,80.75,83.93,0.03,5,403.75,24.225
seed-0000__sky_hold,9,forge,95.03,96.35,0.02,0,0,0
seed-0000__sky_hold,9,crystal,56.48,64.12,0,0,0,0
seed-0000__sky_hold,9,dream,31.87,58.8,0.18,0,0,0
seed-0000__sky_hold,10,moon,96.12,97.88,-0.02,0,0,0
seed-0000__sky_hold,10,bank,70.74,72.1,-0.01,0,0,0
seed-0000__sky_hold,10,sky,79.53,80.92,-0.02,5,397.65,4.7718
seed-0000__sky_hold,10,forge,93.84,95.98,-0.01,0,0,0
seed-0000__sky_hold,10,crystal,54.49,63.75,-0.04,0,0,0
seed-0000__sky_hold,10,dream,35.88,58.23,0.13,0,0,0
seed-0000__sky_hold,11,moon,96.06,98.02,0,0,0,0
seed-0000__sky_hold,11,bank,70.95,72.09,0,0,0,0
seed-0000__sky_hold,11,sky,81.89,83.23,0.03,5,409.45,24.567
seed-0000__sky_hold,11,forge,93.42,95.93,0,0,0,0
seed-0000__sky_hold,11,crystal,54.2,63.35,-0.01,0,0,0
seed-0000__sky_hold,11,dream,42.34,59.14,0.18,0,0,0
seed-0000__sky_hold,12,moon,96.67,98.21,0.01,0,0,0
seed-0000__sky_hold,12,bank,71.41,72.44,0.01,0,0,0
seed-0000__sky_hold,12,sky,82.66,83.36,0.01,0,0,24.798
seed-0000__sky_hold,12,forge,99.3,100.12,0.06,0,0,0
seed-0000__sky_hold,12,crystal,57.26,64.33,0.06,0,0,0
seed-0000__sky_hold,12,dream,46.97,60.51,0.11,0,0,0
seed-0000__crystal_hold,0,moon,86,100,0,0,0,0
seed-0000__crystal_hold,0,bank,75,72,0,0,0,0
seed-0000__crystal_hold,0,sky,80,80,0,0,0,0
seed-0000__crystal_hold,0,forge,88,92,0,0,0,0
seed-0000__crystal_hold,0,crystal,62,68,0,6.4516129,399.9999998,0
seed-0000__crystal_hold,0,dream,58,55,0,0,0,0
seed-0000__crystal_hold,1,moon,90.87,99.61,0.06,0,0,0
seed-0000__crystal_hold,1,bank,74.08,72.08,-0.01,0,0,0
seed-0000__crystal_hold,1,sky,78.02,80.14,-0.02,0,0,0
seed-0000__crystal_hold,1,forge,88,92.92,0,0,0,0
seed-0000__crystal_hold,1,crystal,64.87,68.45,0.05,6.4516129,418.51612882,31.38870966
seed-0000__crystal_hold,1,dream,53.88,55.19,-0.07,0,0,0
seed-0000__crystal_hold,2,moon,94.72,100.06,0.04,0,0,0
seed-0000__crystal_hold,2,bank,73.35,71.98,-0.01,0,0,0
seed-0000__crystal_hold,2,sky,75.87,80.19,-0.03,0,0,0
seed-0000__crystal_hold,2,forge,87.51,92.53,-0.01,0,0,0
seed-0000__crystal_hold,2,crystal,62.31,67.78,-0.04,6.4516129,401.9999998,30.14999998
seed-0000__crystal_hold,2,dream,49.46,56.06,-0.08,0,0,0
seed-0000__crystal_hold,3,moon,95.39,99.7,0.01,0,0,0
seed-0000__crystal_hold,3,bank,71.71,71.49,-0.02,0,0,0
seed-0000__crystal_hold,3,sky,74.23,79.67,-0.02,0,0,0
seed-0000__crystal_hold,3,forge,84.29,92.14,-0.04,0,0,0
seed-0000__crystal_hold,3,crystal,59.97,66.58,-0.04,6.4516129,386.90322561,29.01774192
seed-0000__crystal_hold,3,dream,44.22,55.39,-0.11,0,0,0
seed-0000__crystal_hold,4,moon,96.4,99.43,0.01,0,0,0
seed-0000__crystal_hold,4,bank,70.86,71.69,-0.01,0,0,0
seed-0000__crystal_hold,4,sky,75.43,82.37,0.02,0,0,0
seed-0000__crystal_hold,4,forge,84.98,92.88,0.01,0,0,0
seed-0000__crystal_hold,4,crystal,59.86,67.61,0,6.4516129,386.19354819,4.34467742
seed-0000__crystal_hold,4,dream,39.03,56.01,-0.12,0,0,0
seed-0000__crystal_hold,5,moon,98.26,99.51,0.02,0,0,0
seed-0000__crystal_hold,5,bank,71.7,72.04,0.01,0,0,0
seed-0000__crystal_hold,5,sky,79.25,82.96,0.05,0,0,0
seed-0000__crystal_hold,5,forge,92.15,96.87,0.08,0,0,0
seed-0000__crystal_hold,5,crystal,61.51,68.17,0.03,6.4516129,396.83870948,29.76290321
seed-0000__crystal_hold,5,dream,36.59,57.02,-0.06,0,0,0
seed-0000__crystal_hold,6,moon,97.94,98.63,0,0,0,0
seed-0000__crystal_hold,6,bank,71.86,71.91,0,0,0,0
seed-0000__crystal_hold,6,sky,80.93,83.07,0.02,0,0,0
seed-0000__crystal_hold,6,forge,94.27,97.51,0.02,0,0,0
seed-0000__crystal_hold,6,crystal,54.65,64.7,-0.11,6.4516129,352.58064499,26.44354837
seed-0000__crystal_hold,6,dream,33.49,57.7,-0.08,0,0,0
seed-0000__crystal_hold,7,moon,96.65,97.94,-0.01,0,0,0
seed-0000__crystal_hold,7,bank,71.32,71.86,-0.01,0,0,0
seed-0000__crystal_hold,7,sky,80.12,83.03,-0.01,0,0,0
seed-0000__crystal_hold,7,forge,92.94,96.05,-0.01,0,0,0
seed-0000__crystal_hold,7,crystal,54,65.19,-0.01,6.4516129,348.3870966,3.91935484
seed-0000__crystal_hold,7,dream,29.94,57,-0.11,0,0,0
seed-0000__crystal_hold,8,moon,96.92,98.24,0,0,0,0
seed-0000__crystal_hold,8,bank,71.23,71.9,0,0,0,0
seed-0000__crystal_hold,8,sky,78.62,82.89,-0.02,0,0,0
seed-0000__crystal_hold,8,forge,93.14,96.41,0,0,0,0
seed-0000__crystal_hold,8,crystal,56.49,64.81,0.05,6.4516129,364.45161272,27.33387095
seed-0000__crystal_hold,8,dream,27.01,56.71,-0.1,0,0,0
seed-0000__crystal_hold,9,moon,97.67,98.44,0.01,0,0,0
seed-0000__crystal_hold,9,bank,71.68,72.1,0.01,0,0,0
seed-0000__crystal_hold,9,sky,80.75,83.93,0.03,0,0,0
seed-0000__crystal_hold,9,forge,95.03,96.35,0.02,0,0,0
seed-0000__crystal_hold,9,crystal,56.48,64.12,0,6.4516129,364.38709659,4.09935484
seed-0000__crystal_hold,9,dream,31.87,58.8,0.18,0,0,0
seed-0000__crystal_hold,10,moon,96.12,97.88,-0.02,0,0,0
seed-0000__crystal_hold,10,bank,70.74,72.1,-0.01,0,0,0
seed-0000__crystal_hold,10,sky,79.53,80.92,-0.02,0,0,0
seed-0000__crystal_hold,10,forge,93.84,95.98,-0.01,0,0,0
seed-0000__crystal_hold,10,crystal,54.49,63.75,-0.04,6.4516129,351.54838692,26.36612902
seed-0000__crystal_hold,10,dream,35.88,58.23,0.13,0,0,0
seed-0000__crystal_hold,11,moon,96.06,98.02,0,0,0,0
seed-0000__crystal_hold,11,bank,70.95,72.09,0,0,0,0
seed-0000__crystal_hold,11,sky,81.89,83.23,0.03,0,0,0
seed-0000__crystal_hold,11,forge,93.42,95.93,0,0,0,0
seed-0000__crystal_hold,11,crystal,54.2,63.35,-0.01,6.4516129,349.67741918,3.93387097
seed-0000__crystal_hold,11,dream,42.34,59.14,0.18,0,0,0
seed-0000__crystal_hold,12,moon,96.67,98.21,0.01,0,0,0
seed-0000__crystal_hold,12,bank,71.41,72.44,0.01,0,0,0
seed-0000__crystal_hold,12,sky,82.66,83.36,0.01,0,0,0
seed-0000__crystal_hold,12,forge,99.3,100.12,0.06,0,0,0
seed-0000__crystal_hold,12,crystal,57.26,64.33,0.06,0,0,27.7064516
seed-0000__crystal_hold,12,dream,46.97,60.51,0.11,0,0,0
seed-0001__cash_control,0,moon,86,100,0,0,0,0
seed-0001__cash_control,0,bank,75,72,0,0,0,0
seed-0001__cash_control,0,sky,80,80,0,0,0,0
seed-0001__cash_control,0,forge,88,92,0,0,0,0
seed-0001__cash_control,0,crystal,62,68,0,0,0,0
seed-0001__cash_control,0,dream,58,55,0,0,0,0
seed-0001__cash_control,1,moon,91.16,102.93,0.06,0,0,0
seed-0001__cash_control,1,bank,74.8,72.01,0,0,0,0
seed-0001__cash_control,1,sky,81.28,80.79,0.02,0,0,0
seed-0001__cash_control,1,forge,89.27,91.09,0.01,0,0,0
seed-0001__cash_control,1,crystal,63.64,66.96,0.03,0,0,0
seed-0001__cash_control,1,dream,60.61,54.66,0.05,0,0,0
seed-0001__cash_control,2,moon,95.99,102.49,0.05,0,0,0
seed-0001__cash_control,2,bank,74.9,73.42,0,0,0,0
seed-0001__cash_control,2,sky,84.54,80.63,0.04,0,0,0
seed-0001__cash_control,2,forge,91.36,90.41,0.02,0,0,0
seed-0001__cash_control,2,crystal,65.33,66.41,0.03,0,0,0
seed-0001__cash_control,2,dream,66.68,53.66,0.1,0,0,0
seed-0001__cash_control,3,moon,96.56,99.86,0.01,0,0,0
seed-0001__cash_control,3,bank,74.62,73.2,0,0,0,0
seed-0001__cash_control,3,sky,88.17,81.3,0.04,0,0,0
seed-0001__cash_control,3,forge,94,91.07,0.03,0,0,0
seed-0001__cash_control,3,crystal,68.91,65.08,0.05,0,0,0
seed-0001__cash_control,3,dream,74.52,54.62,0.12,0,0,0
seed-0001__cash_control,4,moon,96.66,99.09,0,0,0,0
seed-0001__cash_control,4,bank,74.71,74.15,0,0,0,0
seed-0001__cash_control,4,sky,86.58,80.99,-0.02,0,0,0
seed-0001__cash_control,4,forge,93.45,91.4,-0.01,0,0,0
seed-0001__cash_control,4,crystal,64.3,63.92,-0.07,0,0,0
seed-0001__cash_control,4,dream,74.14,53.83,-0.01,0,0,0
seed-0001__cash_control,5,moon,98.97,99.68,0.02,0,0,0
seed-0001__cash_control,5,bank,73.23,72.97,-0.02,0,0,0
seed-0001__cash_control,5,sky,85.22,81.83,-0.02,0,0,0
seed-0001__cash_control,5,forge,94.06,92.79,0.01,0,0,0
seed-0001__cash_control,5,crystal,63.51,63.34,-0.01,0,0,0
seed-0001__cash_control,5,dream,76.39,53.59,0.03,0,0,0
seed-0001__cash_control,6,moon,97.07,98.84,-0.02,0,0,0
seed-0001__cash_control,6,bank,73.07,74.02,0,0,0,0
seed-0001__cash_control,6,sky,83.02,81.16,-0.03,0,0,0
seed-0001__cash_control,6,forge,92.47,92.72,-0.02,0,0,0
seed-0001__cash_control,6,crystal,60.61,62.78,-0.05,0,0,0
seed-0001__cash_control,6,dream,79.82,52.75,0.04,0,0,0
seed-0001__cash_control,7,moon,97.71,98.96,0.01,0,0,0
seed-0001__cash_control,7,bank,73.83,74.18,0.01,0,0,0
seed-0001__cash_control,7,sky,79.72,78.52,-0.04,0,0,0
seed-0001__cash_control,7,forge,93.24,92.51,0.01,0,0,0
seed-0001__cash_control,7,crystal,60.51,63.79,0,0,0,0
seed-0001__cash_control,7,dream,83.54,53.3,0.05,0,0,0
seed-0001__cash_control,8,moon,98.45,98.97,0.01,0,0,0
seed-0001__cash_control,8,bank,74.26,74.14,0.01,0,0,0
seed-0001__cash_control,8,sky,78.6,77.79,-0.01,0,0,0
seed-0001__cash_control,8,forge,95.58,91.6,0.03,0,0,0
seed-0001__cash_control,8,crystal,67.8,67.29,0.12,0,0,0
seed-0001__cash_control,8,dream,81.64,54.37,-0.02,0,0,0
seed-0001__cash_control,9,moon,99.35,98.61,0.01,0,0,0
seed-0001__cash_control,9,bank,74.77,74.42,0.01,0,0,0
seed-0001__cash_control,9,sky,79.56,77.05,0.01,0,0,0
seed-0001__cash_control,9,forge,101.98,95.23,0.07,0,0,0
seed-0001__cash_control,9,crystal,67.19,66.21,-0.01,0,0,0
seed-0001__cash_control,9,dream,79.52,54.64,-0.03,0,0,0
seed-0001__cash_control,10,moon,96.46,95.52,-0.03,0,0,0
seed-0001__cash_control,10,bank,75.31,74.65,0.01,0,0,0
seed-0001__cash_control,10,sky,81.93,77.86,0.03,0,0,0
seed-0001__cash_control,10,forge,104.56,96.69,0.03,0,0,0
seed-0001__cash_control,10,crystal,65.79,67.62,-0.02,0,0,0
seed-0001__cash_control,10,dream,77.37,54.97,-0.03,0,0,0
seed-0001__cash_control,11,moon,96.56,95.57,0,0,0,0
seed-0001__cash_control,11,bank,75.27,74.65,0,0,0,0
seed-0001__cash_control,11,sky,82.33,77.69,0,0,0,0
seed-0001__cash_control,11,forge,104.06,97.59,0,0,0,0
seed-0001__cash_control,11,crystal,65.63,66.74,0,0,0,0
seed-0001__cash_control,11,dream,76.81,55.79,-0.01,0,0,0
seed-0001__cash_control,12,moon,91.63,92.42,-0.05,0,0,0
seed-0001__cash_control,12,bank,73.98,74.09,-0.02,0,0,0
seed-0001__cash_control,12,sky,80.42,76.6,-0.02,0,0,0
seed-0001__cash_control,12,forge,100.76,96.37,-0.03,0,0,0
seed-0001__cash_control,12,crystal,60.96,65.85,-0.07,0,0,0
seed-0001__cash_control,12,dream,76.92,55.09,0,0,0,0
seed-0001__moon_hold,0,moon,86,100,0,4.65116279,400,0
seed-0001__moon_hold,0,bank,75,72,0,0,0,0
seed-0001__moon_hold,0,sky,80,80,0,0,0,0
seed-0001__moon_hold,0,forge,88,92,0,0,0,0
seed-0001__moon_hold,0,crystal,62,68,0,0,0,0
seed-0001__moon_hold,0,dream,58,55,0,0,0,0
seed-0001__moon_hold,1,moon,91.16,102.93,0.06,4.65116279,424,14.84
seed-0001__moon_hold,1,bank,74.8,72.01,0,0,0,0
seed-0001__moon_hold,1,sky,81.28,80.79,0.02,0,0,0
seed-0001__moon_hold,1,forge,89.27,91.09,0.01,0,0,0
seed-0001__moon_hold,1,crystal,63.64,66.96,0.03,0,0,0
seed-0001__moon_hold,1,dream,60.61,54.66,0.05,0,0,0
seed-0001__moon_hold,2,moon,95.99,102.49,0.05,4.65116279,446.46511621,15.62627907
seed-0001__moon_hold,2,bank,74.9,73.42,0,0,0,0
seed-0001__moon_hold,2,sky,84.54,80.63,0.04,0,0,0
seed-0001__moon_hold,2,forge,91.36,90.41,0.02,0,0,0
seed-0001__moon_hold,2,crystal,65.33,66.41,0.03,0,0,0
seed-0001__moon_hold,2,dream,66.68,53.66,0.1,0,0,0
seed-0001__moon_hold,3,moon,96.56,99.86,0.01,4.65116279,449.116279,15.71906977
seed-0001__moon_hold,3,bank,74.62,73.2,0,0,0,0
seed-0001__moon_hold,3,sky,88.17,81.3,0.04,0,0,0
seed-0001__moon_hold,3,forge,94,91.07,0.03,0,0,0
seed-0001__moon_hold,3,crystal,68.91,65.08,0.05,0,0,0
seed-0001__moon_hold,3,dream,74.52,54.62,0.12,0,0,0
seed-0001__moon_hold,4,moon,96.66,99.09,0,4.65116279,449.58139528,15.73534883
seed-0001__moon_hold,4,bank,74.71,74.15,0,0,0,0
seed-0001__moon_hold,4,sky,86.58,80.99,-0.02,0,0,0
seed-0001__moon_hold,4,forge,93.45,91.4,-0.01,0,0,0
seed-0001__moon_hold,4,crystal,64.3,63.92,-0.07,0,0,0
seed-0001__moon_hold,4,dream,74.14,53.83,-0.01,0,0,0
seed-0001__moon_hold,5,moon,98.97,99.68,0.02,4.65116279,460.32558133,16.11139535
seed-0001__moon_hold,5,bank,73.23,72.97,-0.02,0,0,0
seed-0001__moon_hold,5,sky,85.22,81.83,-0.02,0,0,0
seed-0001__moon_hold,5,forge,94.06,92.79,0.01,0,0,0
seed-0001__moon_hold,5,crystal,63.51,63.34,-0.01,0,0,0
seed-0001__moon_hold,5,dream,76.39,53.59,0.03,0,0,0
seed-0001__moon_hold,6,moon,97.07,98.84,-0.02,4.65116279,451.48837203,15.80209302
seed-0001__moon_hold,6,bank,73.07,74.02,0,0,0,0
seed-0001__moon_hold,6,sky,83.02,81.16,-0.03,0,0,0
seed-0001__moon_hold,6,forge,92.47,92.72,-0.02,0,0,0
seed-0001__moon_hold,6,crystal,60.61,62.78,-0.05,0,0,0
seed-0001__moon_hold,6,dream,79.82,52.75,0.04,0,0,0
seed-0001__moon_hold,7,moon,97.71,98.96,0.01,4.65116279,454.46511621,15.90627907
seed-0001__moon_hold,7,bank,73.83,74.18,0.01,0,0,0
seed-0001__moon_hold,7,sky,79.72,78.52,-0.04,0,0,0
seed-0001__moon_hold,7,forge,93.24,92.51,0.01,0,0,0
seed-0001__moon_hold,7,crystal,60.51,63.79,0,0,0,0
seed-0001__moon_hold,7,dream,83.54,53.3,0.05,0,0,0
seed-0001__moon_hold,8,moon,98.45,98.97,0.01,4.65116279,457.90697668,16.02674418
seed-0001__moon_hold,8,bank,74.26,74.14,0.01,0,0,0
seed-0001__moon_hold,8,sky,78.6,77.79,-0.01,0,0,0
seed-0001__moon_hold,8,forge,95.58,91.6,0.03,0,0,0
seed-0001__moon_hold,8,crystal,67.8,67.29,0.12,0,0,0
seed-0001__moon_hold,8,dream,81.64,54.37,-0.02,0,0,0
seed-0001__moon_hold,9,moon,99.35,98.61,0.01,4.65116279,462.09302319,16.17325581
seed-0001__moon_hold,9,bank,74.77,74.42,0.01,0,0,0
seed-0001__moon_hold,9,sky,79.56,77.05,0.01,0,0,0
seed-0001__moon_hold,9,forge,101.98,95.23,0.07,0,0,0
seed-0001__moon_hold,9,crystal,67.19,66.21,-0.01,0,0,0
seed-0001__moon_hold,9,dream,79.52,54.64,-0.03,0,0,0
seed-0001__moon_hold,10,moon,96.46,95.52,-0.03,4.65116279,448.65116272,15.7027907
seed-0001__moon_hold,10,bank,75.31,74.65,0.01,0,0,0
seed-0001__moon_hold,10,sky,81.93,77.86,0.03,0,0,0
seed-0001__moon_hold,10,forge,104.56,96.69,0.03,0,0,0
seed-0001__moon_hold,10,crystal,65.79,67.62,-0.02,0,0,0
seed-0001__moon_hold,10,dream,77.37,54.97,-0.03,0,0,0
seed-0001__moon_hold,11,moon,96.56,95.57,0,4.65116279,449.116279,15.71906977
seed-0001__moon_hold,11,bank,75.27,74.65,0,0,0,0
seed-0001__moon_hold,11,sky,82.33,77.69,0,0,0,0
seed-0001__moon_hold,11,forge,104.06,97.59,0,0,0,0
seed-0001__moon_hold,11,crystal,65.63,66.74,0,0,0,0
seed-0001__moon_hold,11,dream,76.81,55.79,-0.01,0,0,0
seed-0001__moon_hold,12,moon,91.63,92.42,-0.05,0,0,14.91651163
seed-0001__moon_hold,12,bank,73.98,74.09,-0.02,0,0,0
seed-0001__moon_hold,12,sky,80.42,76.6,-0.02,0,0,0
seed-0001__moon_hold,12,forge,100.76,96.37,-0.03,0,0,0
seed-0001__moon_hold,12,crystal,60.96,65.85,-0.07,0,0,0
seed-0001__moon_hold,12,dream,76.92,55.09,0,0,0,0
seed-0001__sky_hold,0,moon,86,100,0,0,0,0
seed-0001__sky_hold,0,bank,75,72,0,0,0,0
seed-0001__sky_hold,0,sky,80,80,0,5,400,0
seed-0001__sky_hold,0,forge,88,92,0,0,0,0
seed-0001__sky_hold,0,crystal,62,68,0,0,0,0
seed-0001__sky_hold,0,dream,58,55,0,0,0,0
seed-0001__sky_hold,1,moon,91.16,102.93,0.06,0,0,0
seed-0001__sky_hold,1,bank,74.8,72.01,0,0,0,0
seed-0001__sky_hold,1,sky,81.28,80.79,0.02,5,406.4,24.384
seed-0001__sky_hold,1,forge,89.27,91.09,0.01,0,0,0
seed-0001__sky_hold,1,crystal,63.64,66.96,0.03,0,0,0
seed-0001__sky_hold,1,dream,60.61,54.66,0.05,0,0,0
seed-0001__sky_hold,2,moon,95.99,102.49,0.05,0,0,0
seed-0001__sky_hold,2,bank,74.9,73.42,0,0,0,0
seed-0001__sky_hold,2,sky,84.54,80.63,0.04,5,422.7,25.362
seed-0001__sky_hold,2,forge,91.36,90.41,0.02,0,0,0
seed-0001__sky_hold,2,crystal,65.33,66.41,0.03,0,0,0
seed-0001__sky_hold,2,dream,66.68,53.66,0.1,0,0,0
seed-0001__sky_hold,3,moon,96.56,99.86,0.01,0,0,0
seed-0001__sky_hold,3,bank,74.62,73.2,0,0,0,0
seed-0001__sky_hold,3,sky,88.17,81.3,0.04,5,440.85,26.451
seed-0001__sky_hold,3,forge,94,91.07,0.03,0,0,0
seed-0001__sky_hold,3,crystal,68.91,65.08,0.05,0,0,0
seed-0001__sky_hold,3,dream,74.52,54.62,0.12,0,0,0
seed-0001__sky_hold,4,moon,96.66,99.09,0,0,0,0
seed-0001__sky_hold,4,bank,74.71,74.15,0,0,0,0
seed-0001__sky_hold,4,sky,86.58,80.99,-0.02,5,432.9,5.1948
seed-0001__sky_hold,4,forge,93.45,91.4,-0.01,0,0,0
seed-0001__sky_hold,4,crystal,64.3,63.92,-0.07,0,0,0
seed-0001__sky_hold,4,dream,74.14,53.83,-0.01,0,0,0
seed-0001__sky_hold,5,moon,98.97,99.68,0.02,0,0,0
seed-0001__sky_hold,5,bank,73.23,72.97,-0.02,0,0,0
seed-0001__sky_hold,5,sky,85.22,81.83,-0.02,5,426.1,5.1132
seed-0001__sky_hold,5,forge,94.06,92.79,0.01,0,0,0
seed-0001__sky_hold,5,crystal,63.51,63.34,-0.01,0,0,0
seed-0001__sky_hold,5,dream,76.39,53.59,0.03,0,0,0
seed-0001__sky_hold,6,moon,97.07,98.84,-0.02,0,0,0
seed-0001__sky_hold,6,bank,73.07,74.02,0,0,0,0
seed-0001__sky_hold,6,sky,83.02,81.16,-0.03,5,415.1,4.9812
seed-0001__sky_hold,6,forge,92.47,92.72,-0.02,0,0,0
seed-0001__sky_hold,6,crystal,60.61,62.78,-0.05,0,0,0
seed-0001__sky_hold,6,dream,79.82,52.75,0.04,0,0,0
seed-0001__sky_hold,7,moon,97.71,98.96,0.01,0,0,0
seed-0001__sky_hold,7,bank,73.83,74.18,0.01,0,0,0
seed-0001__sky_hold,7,sky,79.72,78.52,-0.04,5,398.6,4.7832
seed-0001__sky_hold,7,forge,93.24,92.51,0.01,0,0,0
seed-0001__sky_hold,7,crystal,60.51,63.79,0,0,0,0
seed-0001__sky_hold,7,dream,83.54,53.3,0.05,0,0,0
seed-0001__sky_hold,8,moon,98.45,98.97,0.01,0,0,0
seed-0001__sky_hold,8,bank,74.26,74.14,0.01,0,0,0
seed-0001__sky_hold,8,sky,78.6,77.79,-0.01,5,393,4.716
seed-0001__sky_hold,8,forge,95.58,91.6,0.03,0,0,0
seed-0001__sky_hold,8,crystal,67.8,67.29,0.12,0,0,0
seed-0001__sky_hold,8,dream,81.64,54.37,-0.02,0,0,0
seed-0001__sky_hold,9,moon,99.35,98.61,0.01,0,0,0
seed-0001__sky_hold,9,bank,74.77,74.42,0.01,0,0,0
seed-0001__sky_hold,9,sky,79.56,77.05,0.01,5,397.8,23.868
seed-0001__sky_hold,9,forge,101.98,95.23,0.07,0,0,0
seed-0001__sky_hold,9,crystal,67.19,66.21,-0.01,0,0,0
seed-0001__sky_hold,9,dream,79.52,54.64,-0.03,0,0,0
seed-0001__sky_hold,10,moon,96.46,95.52,-0.03,0,0,0
seed-0001__sky_hold,10,bank,75.31,74.65,0.01,0,0,0
seed-0001__sky_hold,10,sky,81.93,77.86,0.03,5,409.65,24.579
seed-0001__sky_hold,10,forge,104.56,96.69,0.03,0,0,0
seed-0001__sky_hold,10,crystal,65.79,67.62,-0.02,0,0,0
seed-0001__sky_hold,10,dream,77.37,54.97,-0.03,0,0,0
seed-0001__sky_hold,11,moon,96.56,95.57,0,0,0,0
seed-0001__sky_hold,11,bank,75.27,74.65,0,0,0,0
seed-0001__sky_hold,11,sky,82.33,77.69,0,5,411.65,4.9398
seed-0001__sky_hold,11,forge,104.06,97.59,0,0,0,0
seed-0001__sky_hold,11,crystal,65.63,66.74,0,0,0,0
seed-0001__sky_hold,11,dream,76.81,55.79,-0.01,0,0,0
seed-0001__sky_hold,12,moon,91.63,92.42,-0.05,0,0,0
seed-0001__sky_hold,12,bank,73.98,74.09,-0.02,0,0,0
seed-0001__sky_hold,12,sky,80.42,76.6,-0.02,0,0,4.8252
seed-0001__sky_hold,12,forge,100.76,96.37,-0.03,0,0,0
seed-0001__sky_hold,12,crystal,60.96,65.85,-0.07,0,0,0
seed-0001__sky_hold,12,dream,76.92,55.09,0,0,0,0
seed-0001__crystal_hold,0,moon,86,100,0,0,0,0
seed-0001__crystal_hold,0,bank,75,72,0,0,0,0
seed-0001__crystal_hold,0,sky,80,80,0,0,0,0
seed-0001__crystal_hold,0,forge,88,92,0,0,0,0
seed-0001__crystal_hold,0,crystal,62,68,0,6.4516129,399.9999998,0
seed-0001__crystal_hold,0,dream,58,55,0,0,0,0
seed-0001__crystal_hold,1,moon,91.16,102.93,0.06,0,0,0
seed-0001__crystal_hold,1,bank,74.8,72.01,0,0,0,0
seed-0001__crystal_hold,1,sky,81.28,80.79,0.02,0,0,0
seed-0001__crystal_hold,1,forge,89.27,91.09,0.01,0,0,0
seed-0001__crystal_hold,1,crystal,63.64,66.96,0.03,6.4516129,410.58064496,30.79354837
seed-0001__crystal_hold,1,dream,60.61,54.66,0.05,0,0,0
seed-0001__crystal_hold,2,moon,95.99,102.49,0.05,0,0,0
seed-0001__crystal_hold,2,bank,74.9,73.42,0,0,0,0
seed-0001__crystal_hold,2,sky,84.54,80.63,0.04,0,0,0
seed-0001__crystal_hold,2,forge,91.36,90.41,0.02,0,0,0
seed-0001__crystal_hold,2,crystal,65.33,66.41,0.03,6.4516129,421.48387076,31.61129031
seed-0001__crystal_hold,2,dream,66.68,53.66,0.1,0,0,0
seed-0001__crystal_hold,3,moon,96.56,99.86,0.01,0,0,0
seed-0001__crystal_hold,3,bank,74.62,73.2,0,0,0,0
seed-0001__crystal_hold,3,sky,88.17,81.3,0.04,0,0,0
seed-0001__crystal_hold,3,forge,94,91.07,0.03,0,0,0
seed-0001__crystal_hold,3,crystal,68.91,65.08,0.05,6.4516129,444.58064494,33.34354837
seed-0001__crystal_hold,3,dream,74.52,54.62,0.12,0,0,0
seed-0001__crystal_hold,4,moon,96.66,99.09,0,0,0,0
seed-0001__crystal_hold,4,bank,74.71,74.15,0,0,0,0
seed-0001__crystal_hold,4,sky,86.58,80.99,-0.02,0,0,0
seed-0001__crystal_hold,4,forge,93.45,91.4,-0.01,0,0,0
seed-0001__crystal_hold,4,crystal,64.3,63.92,-0.07,6.4516129,414.83870947,31.11290321
seed-0001__crystal_hold,4,dream,74.14,53.83,-0.01,0,0,0
seed-0001__crystal_hold,5,moon,98.97,99.68,0.02,0,0,0
seed-0001__crystal_hold,5,bank,73.23,72.97,-0.02,0,0,0
seed-0001__crystal_hold,5,sky,85.22,81.83,-0.02,0,0,0
seed-0001__crystal_hold,5,forge,94.06,92.79,0.01,0,0,0
seed-0001__crystal_hold,5,crystal,63.51,63.34,-0.01,6.4516129,409.74193528,4.60959677
seed-0001__crystal_hold,5,dream,76.39,53.59,0.03,0,0,0
seed-0001__crystal_hold,6,moon,97.07,98.84,-0.02,0,0,0
seed-0001__crystal_hold,6,bank,73.07,74.02,0,0,0,0
seed-0001__crystal_hold,6,sky,83.02,81.16,-0.03,0,0,0
seed-0001__crystal_hold,6,forge,92.47,92.72,-0.02,0,0,0
seed-0001__crystal_hold,6,crystal,60.61,62.78,-0.05,6.4516129,391.03225787,29.32741934
seed-0001__crystal_hold,6,dream,79.82,52.75,0.04,0,0,0
seed-0001__crystal_hold,7,moon,97.71,98.96,0.01,0,0,0
seed-0001__crystal_hold,7,bank,73.83,74.18,0.01,0,0,0
seed-0001__crystal_hold,7,sky,79.72,78.52,-0.04,0,0,0
seed-0001__crystal_hold,7,forge,93.24,92.51,0.01,0,0,0
seed-0001__crystal_hold,7,crystal,60.51,63.79,0,6.4516129,390.38709658,4.39185484
seed-0001__crystal_hold,7,dream,83.54,53.3,0.05,0,0,0
seed-0001__crystal_hold,8,moon,98.45,98.97,0.01,0,0,0
seed-0001__crystal_hold,8,bank,74.26,74.14,0.01,0,0,0
seed-0001__crystal_hold,8,sky,78.6,77.79,-0.01,0,0,0
seed-0001__crystal_hold,8,forge,95.58,91.6,0.03,0,0,0
seed-0001__crystal_hold,8,crystal,67.8,67.29,0.12,6.4516129,437.41935462,32.8064516
seed-0001__crystal_hold,8,dream,81.64,54.37,-0.02,0,0,0
seed-0001__crystal_hold,9,moon,99.35,98.61,0.01,0,0,0
seed-0001__crystal_hold,9,bank,74.77,74.42,0.01,0,0,0
seed-0001__crystal_hold,9,sky,79.56,77.05,0.01,0,0,0
seed-0001__crystal_hold,9,forge,101.98,95.23,0.07,0,0,0
seed-0001__crystal_hold,9,crystal,67.19,66.21,-0.01,6.4516129,433.48387075,4.87669355
seed-0001__crystal_hold,9,dream,79.52,54.64,-0.03,0,0,0
seed-0001__crystal_hold,10,moon,96.46,95.52,-0.03,0,0,0
seed-0001__crystal_hold,10,bank,75.31,74.65,0.01,0,0,0
seed-0001__crystal_hold,10,sky,81.93,77.86,0.03,0,0,0
seed-0001__crystal_hold,10,forge,104.56,96.69,0.03,0,0,0
seed-0001__crystal_hold,10,crystal,65.79,67.62,-0.02,6.4516129,424.45161269,4.77508064
seed-0001__crystal_hold,10,dream,77.37,54.97,-0.03,0,0,0
seed-0001__crystal_hold,11,moon,96.56,95.57,0,0,0,0
seed-0001__crystal_hold,11,bank,75.27,74.65,0,0,0,0
seed-0001__crystal_hold,11,sky,82.33,77.69,0,0,0,0
seed-0001__crystal_hold,11,forge,104.06,97.59,0,0,0,0
seed-0001__crystal_hold,11,crystal,65.63,66.74,0,6.4516129,423.41935463,4.76346774
seed-0001__crystal_hold,11,dream,76.81,55.79,-0.01,0,0,0
seed-0001__crystal_hold,12,moon,91.63,92.42,-0.05,0,0,0
seed-0001__crystal_hold,12,bank,73.98,74.09,-0.02,0,0,0
seed-0001__crystal_hold,12,sky,80.42,76.6,-0.02,0,0,0
seed-0001__crystal_hold,12,forge,100.76,96.37,-0.03,0,0,0
seed-0001__crystal_hold,12,crystal,60.96,65.85,-0.07,0,0,29.49677418
seed-0001__crystal_hold,12,dream,76.92,55.09,0,0,0,0
seed-0002__cash_control,0,moon,86,100,0,0,0,0
seed-0002__cash_control,0,bank,75,72,0,0,0,0
seed-0002__cash_control,0,sky,80,80,0,0,0,0
seed-0002__cash_control,0,forge,88,92,0,0,0,0
seed-0002__cash_control,0,crystal,62,68,0,0,0,0
seed-0002__cash_control,0,dream,58,55,0,0,0,0
seed-0002__cash_control,1,moon,91.16,102.44,0.06,0,0,0
seed-0002__cash_control,1,bank,74.74,71.93,0,0,0,0
seed-0002__cash_control,1,sky,81.19,79.24,0.01,0,0,0
seed-0002__cash_control,1,forge,90.51,91.74,0.03,0,0,0
seed-0002__cash_control,1,crystal,65.36,66.93,0.05,0,0,0
seed-0002__cash_control,1,dream,56.53,56.23,-0.03,0,0,0
seed-0002__cash_control,2,moon,96.14,103,0.05,0,0,0
seed-0002__cash_control,2,bank,73.55,72.19,-0.02,0,0,0
seed-0002__cash_control,2,sky,80.99,79.59,0,0,0,0
seed-0002__cash_control,2,forge,93.38,93.15,0.03,0,0,0
seed-0002__cash_control,2,crystal,58.71,64.85,-0.1,0,0,0
seed-0002__cash_control,2,dream,54.85,56.53,-0.03,0,0,0
seed-0002__cash_control,3,moon,97.79,102.1,0.02,0,0,0
seed-0002__cash_control,3,bank,72.25,72.14,-0.02,0,0,0
seed-0002__cash_control,3,sky,80.55,78.45,-0.01,0,0,0
seed-0002__cash_control,3,forge,93.16,92.89,0,0,0,0
seed-0002__cash_control,3,crystal,52.02,62.17,-0.11,0,0,0
seed-0002__cash_control,3,dream,54.18,54.96,-0.01,0,0,0
seed-0002__cash_control,4,moon,97.91,101.86,0,0,0,0
seed-0002__cash_control,4,bank,70.95,72.16,-0.02,0,0,0
seed-0002__cash_control,4,sky,78.08,77.87,-0.03,0,0,0
seed-0002__cash_control,4,forge,92.37,92.03,-0.01,0,0,0
seed-0002__cash_control,4,crystal,53.13,62.63,0.02,0,0,0
seed-0002__cash_control,4,dream,54.21,54.46,0,0,0,0
seed-0002__cash_control,5,moon,99.71,101.32,0.02,0,0,0
seed-0002__cash_control,5,bank,71.54,72.27,0.01,0,0,0
seed-0002__cash_control,5,sky,74.9,78.13,-0.04,0,0,0
seed-0002__cash_control,5,forge,92.97,92.56,0.01,0,0,0
seed-0002__cash_control,5,crystal,55.28,61.63,0.04,0,0,0
seed-0002__cash_control,5,dream,60.96,54.55,0.12,0,0,0
seed-0002__cash_control,6,moon,101.72,101.16,0.02,0,0,0
seed-0002__cash_control,6,bank,72.81,72.17,0.02,0,0,0
seed-0002__cash_control,6,sky,74.51,77.71,-0.01,0,0,0
seed-0002__cash_control,6,forge,94.24,92.7,0.01,0,0,0
seed-0002__cash_control,6,crystal,56.55,60.69,0.02,0,0,0
seed-0002__cash_control,6,dream,71.01,53.66,0.16,0,0,0
seed-0002__cash_control,7,moon,101.97,101.62,0,0,0,0
seed-0002__cash_control,7,bank,73.05,72.4,0,0,0,0
seed-0002__cash_control,7,sky,75.39,77.59,0.01,0,0,0
seed-0002__cash_control,7,forge,94.25,92.79,0,0,0,0
seed-0002__cash_control,7,crystal,55.2,60.37,-0.02,0,0,0
seed-0002__cash_control,7,dream,83.79,54.5,0.18,0,0,0
seed-0002__cash_control,8,moon,100.92,99.18,-0.01,0,0,0
seed-0002__cash_control,8,bank,73.74,72.6,0.01,0,0,0
seed-0002__cash_control,8,sky,78.08,78.2,0.04,0,0,0
seed-0002__cash_control,8,forge,94.72,92.39,0,0,0,0
seed-0002__cash_control,8,crystal,57.06,60.36,0.03,0,0,0
seed-0002__cash_control,8,dream,96.99,54.96,0.16,0,0,0
seed-0002__cash_control,9,moon,101.7,100.04,0.01,0,0,0
seed-0002__cash_control,9,bank,74.15,72.92,0.01,0,0,0
seed-0002__cash_control,9,sky,78.12,75.54,0,0,0,0
seed-0002__cash_control,9,forge,95.39,91.94,0.01,0,0,0
seed-0002__cash_control,9,crystal,56.33,59.79,-0.01,0,0,0
seed-0002__cash_control,9,dream,109.56,56.08,0.13,0,0,0
seed-0002__cash_control,10,moon,101.4,100.62,0,0,0,0
seed-0002__cash_control,10,bank,73.76,73.46,-0.01,0,0,0
seed-0002__cash_control,10,sky,80.3,75.61,0.03,0,0,0
seed-0002__cash_control,10,forge,97.16,92.16,0.02,0,0,0
seed-0002__cash_control,10,crystal,61.86,62.83,0.1,0,0,0
seed-0002__cash_control,10,dream,117.52,56.81,0.07,0,0,0
seed-0002__cash_control,11,moon,98.89,100.07,-0.02,0,0,0
seed-0002__cash_control,11,bank,72.55,73.16,-0.02,0,0,0
seed-0002__cash_control,11,sky,77.22,74.8,-0.04,0,0,0
seed-0002__cash_control,11,forge,99.07,95.61,0.02,0,0,0
seed-0002__cash_control,11,crystal,59.04,63.27,-0.05,0,0,0
seed-0002__cash_control,11,dream,119.99,57.43,0.02,0,0,0
seed-0002__cash_control,12,moon,99.28,99.9,0,0,0,0
seed-0002__cash_control,12,bank,73.12,73.33,0.01,0,0,0
seed-0002__cash_control,12,sky,73.5,74.39,-0.05,0,0,0
seed-0002__cash_control,12,forge,99.91,95.7,0.01,0,0,0
seed-0002__cash_control,12,crystal,66.9,65.38,0.13,0,0,0
seed-0002__cash_control,12,dream,112.65,57.39,-0.06,0,0,0
seed-0002__moon_hold,0,moon,86,100,0,4.65116279,400,0
seed-0002__moon_hold,0,bank,75,72,0,0,0,0
seed-0002__moon_hold,0,sky,80,80,0,0,0,0
seed-0002__moon_hold,0,forge,88,92,0,0,0,0
seed-0002__moon_hold,0,crystal,62,68,0,0,0,0
seed-0002__moon_hold,0,dream,58,55,0,0,0,0
seed-0002__moon_hold,1,moon,91.16,102.44,0.06,4.65116279,424,14.84
seed-0002__moon_hold,1,bank,74.74,71.93,0,0,0,0
seed-0002__moon_hold,1,sky,81.19,79.24,0.01,0,0,0
seed-0002__moon_hold,1,forge,90.51,91.74,0.03,0,0,0
seed-0002__moon_hold,1,crystal,65.36,66.93,0.05,0,0,0
seed-0002__moon_hold,1,dream,56.53,56.23,-0.03,0,0,0
seed-0002__moon_hold,2,moon,96.14,103,0.05,4.65116279,447.16279063,15.65069767
seed-0002__moon_hold,2,bank,73.55,72.19,-0.02,0,0,0
seed-0002__moon_hold,2,sky,80.99,79.59,0,0,0,0
seed-0002__moon_hold,2,forge,93.38,93.15,0.03,0,0,0
seed-0002__moon_hold,2,crystal,58.71,64.85,-0.1,0,0,0
seed-0002__moon_hold,2,dream,54.85,56.53,-0.03,0,0,0
seed-0002__moon_hold,3,moon,97.79,102.1,0.02,4.65116279,454.83720923,15.91930232
seed-0002__moon_hold,3,bank,72.25,72.14,-0.02,0,0,0
seed-0002__moon_hold,3,sky,80.55,78.45,-0.01,0,0,0
seed-0002__moon_hold,3,forge,93.16,92.89,0,0,0,0
seed-0002__moon_hold,3,crystal,52.02,62.17,-0.11,0,0,0
seed-0002__moon_hold,3,dream,54.18,54.96,-0.01,0,0,0
seed-0002__moon_hold,4,moon,97.91,101.86,0,4.65116279,455.39534877,15.93883721
seed-0002__moon_hold,4,bank,70.95,72.16,-0.02,0,0,0
seed-0002__moon_hold,4,sky,78.08,77.87,-0.03,0,0,0
seed-0002__moon_hold,4,forge,92.37,92.03,-0.01,0,0,0
seed-0002__moon_hold,4,crystal,53.13,62.63,0.02,0,0,0
seed-0002__moon_hold,4,dream,54.21,54.46,0,0,0,0
seed-0002__moon_hold,5,moon,99.71,101.32,0.02,4.65116279,463.76744179,16.23186046
seed-0002__moon_hold,5,bank,71.54,72.27,0.01,0,0,0
seed-0002__moon_hold,5,sky,74.9,78.13,-0.04,0,0,0
seed-0002__moon_hold,5,forge,92.97,92.56,0.01,0,0,0
seed-0002__moon_hold,5,crystal,55.28,61.63,0.04,0,0,0
seed-0002__moon_hold,5,dream,60.96,54.55,0.12,0,0,0
seed-0002__moon_hold,6,moon,101.72,101.16,0.02,4.65116279,473.116279,16.55906976
seed-0002__moon_hold,6,bank,72.81,72.17,0.02,0,0,0
seed-0002__moon_hold,6,sky,74.51,77.71,-0.01,0,0,0
seed-0002__moon_hold,6,forge,94.24,92.7,0.01,0,0,0
seed-0002__moon_hold,6,crystal,56.55,60.69,0.02,0,0,0
seed-0002__moon_hold,6,dream,71.01,53.66,0.16,0,0,0
seed-0002__moon_hold,7,moon,101.97,101.62,0,4.65116279,474.2790697,16.59976744
seed-0002__moon_hold,7,bank,73.05,72.4,0,0,0,0
seed-0002__moon_hold,7,sky,75.39,77.59,0.01,0,0,0
seed-0002__moon_hold,7,forge,94.25,92.79,0,0,0,0
seed-0002__moon_hold,7,crystal,55.2,60.37,-0.02,0,0,0
seed-0002__moon_hold,7,dream,83.79,54.5,0.18,0,0,0
seed-0002__moon_hold,8,moon,100.92,99.18,-0.01,4.65116279,469.39534877,16.42883721
seed-0002__moon_hold,8,bank,73.74,72.6,0.01,0,0,0
seed-0002__moon_hold,8,sky,78.08,78.2,0.04,0,0,0
seed-0002__moon_hold,8,forge,94.72,92.39,0,0,0,0
seed-0002__moon_hold,8,crystal,57.06,60.36,0.03,0,0,0
seed-0002__moon_hold,8,dream,96.99,54.96,0.16,0,0,0
seed-0002__moon_hold,9,moon,101.7,100.04,0.01,4.65116279,473.02325574,16.55581395
seed-0002__moon_hold,9,bank,74.15,72.92,0.01,0,0,0
seed-0002__moon_hold,9,sky,78.12,75.54,0,0,0,0
seed-0002__moon_hold,9,forge,95.39,91.94,0.01,0,0,0
seed-0002__moon_hold,9,crystal,56.33,59.79,-0.01,0,0,0
seed-0002__moon_hold,9,dream,109.56,56.08,0.13,0,0,0
seed-0002__moon_hold,10,moon,101.4,100.62,0,4.65116279,471.62790691,16.50697674
seed-0002__moon_hold,10,bank,73.76,73.46,-0.01,0,0,0
seed-0002__moon_hold,10,sky,80.3,75.61,0.03,0,0,0
seed-0002__moon_hold,10,forge,97.16,92.16,0.02,0,0,0
seed-0002__moon_hold,10,crystal,61.86,62.83,0.1,0,0,0
seed-0002__moon_hold,10,dream,117.52,56.81,0.07,0,0,0
seed-0002__moon_hold,11,moon,98.89,100.07,-0.02,4.65116279,459.9534883,16.09837209
seed-0002__moon_hold,11,bank,72.55,73.16,-0.02,0,0,0
seed-0002__moon_hold,11,sky,77.22,74.8,-0.04,0,0,0
seed-0002__moon_hold,11,forge,99.07,95.61,0.02,0,0,0
seed-0002__moon_hold,11,crystal,59.04,63.27,-0.05,0,0,0
seed-0002__moon_hold,11,dream,119.99,57.43,0.02,0,0,0
seed-0002__moon_hold,12,moon,99.28,99.9,0,0,0,16.16186046
seed-0002__moon_hold,12,bank,73.12,73.33,0.01,0,0,0
seed-0002__moon_hold,12,sky,73.5,74.39,-0.05,0,0,0
seed-0002__moon_hold,12,forge,99.91,95.7,0.01,0,0,0
seed-0002__moon_hold,12,crystal,66.9,65.38,0.13,0,0,0
seed-0002__moon_hold,12,dream,112.65,57.39,-0.06,0,0,0
seed-0002__sky_hold,0,moon,86,100,0,0,0,0
seed-0002__sky_hold,0,bank,75,72,0,0,0,0
seed-0002__sky_hold,0,sky,80,80,0,5,400,0
seed-0002__sky_hold,0,forge,88,92,0,0,0,0
seed-0002__sky_hold,0,crystal,62,68,0,0,0,0
seed-0002__sky_hold,0,dream,58,55,0,0,0,0
seed-0002__sky_hold,1,moon,91.16,102.44,0.06,0,0,0
seed-0002__sky_hold,1,bank,74.74,71.93,0,0,0,0
seed-0002__sky_hold,1,sky,81.19,79.24,0.01,5,405.95,24.357
seed-0002__sky_hold,1,forge,90.51,91.74,0.03,0,0,0
seed-0002__sky_hold,1,crystal,65.36,66.93,0.05,0,0,0
seed-0002__sky_hold,1,dream,56.53,56.23,-0.03,0,0,0
seed-0002__sky_hold,2,moon,96.14,103,0.05,0,0,0
seed-0002__sky_hold,2,bank,73.55,72.19,-0.02,0,0,0
seed-0002__sky_hold,2,sky,80.99,79.59,0,5,404.95,4.8594
seed-0002__sky_hold,2,forge,93.38,93.15,0.03,0,0,0
seed-0002__sky_hold,2,crystal,58.71,64.85,-0.1,0,0,0
seed-0002__sky_hold,2,dream,54.85,56.53,-0.03,0,0,0
seed-0002__sky_hold,3,moon,97.79,102.1,0.02,0,0,0
seed-0002__sky_hold,3,bank,72.25,72.14,-0.02,0,0,0
seed-0002__sky_hold,3,sky,80.55,78.45,-0.01,5,402.75,4.833
seed-0002__sky_hold,3,forge,93.16,92.89,0,0,0,0
seed-0002__sky_hold,3,crystal,52.02,62.17,-0.11,0,0,0
seed-0002__sky_hold,3,dream,54.18,54.96,-0.01,0,0,0
seed-0002__sky_hold,4,moon,97.91,101.86,0,0,0,0
seed-0002__sky_hold,4,bank,70.95,72.16,-0.02,0,0,0
seed-0002__sky_hold,4,sky,78.08,77.87,-0.03,5,390.4,4.6848
seed-0002__sky_hold,4,forge,92.37,92.03,-0.01,0,0,0
seed-0002__sky_hold,4,crystal,53.13,62.63,0.02,0,0,0
seed-0002__sky_hold,4,dream,54.21,54.46,0,0,0,0
seed-0002__sky_hold,5,moon,99.71,101.32,0.02,0,0,0
seed-0002__sky_hold,5,bank,71.54,72.27,0.01,0,0,0
seed-0002__sky_hold,5,sky,74.9,78.13,-0.04,5,374.5,4.494
seed-0002__sky_hold,5,forge,92.97,92.56,0.01,0,0,0
seed-0002__sky_hold,5,crystal,55.28,61.63,0.04,0,0,0
seed-0002__sky_hold,5,dream,60.96,54.55,0.12,0,0,0
seed-0002__sky_hold,6,moon,101.72,101.16,0.02,0,0,0
seed-0002__sky_hold,6,bank,72.81,72.17,0.02,0,0,0
seed-0002__sky_hold,6,sky,74.51,77.71,-0.01,5,372.55,4.4706
seed-0002__sky_hold,6,forge,94.24,92.7,0.01,0,0,0
seed-0002__sky_hold,6,crystal,56.55,60.69,0.02,0,0,0
seed-0002__sky_hold,6,dream,71.01,53.66,0.16,0,0,0
seed-0002__sky_hold,7,moon,101.97,101.62,0,0,0,0
seed-0002__sky_hold,7,bank,73.05,72.4,0,0,0,0
seed-0002__sky_hold,7,sky,75.39,77.59,0.01,5,376.95,22.617
seed-0002__sky_hold,7,forge,94.25,92.79,0,0,0,0
seed-0002__sky_hold,7,crystal,55.2,60.37,-0.02,0,0,0
seed-0002__sky_hold,7,dream,83.79,54.5,0.18,0,0,0
seed-0002__sky_hold,8,moon,100.92,99.18,-0.01,0,0,0
seed-0002__sky_hold,8,bank,73.74,72.6,0.01,0,0,0
seed-0002__sky_hold,8,sky,78.08,78.2,0.04,5,390.4,23.424
seed-0002__sky_hold,8,forge,94.72,92.39,0,0,0,0
seed-0002__sky_hold,8,crystal,57.06,60.36,0.03,0,0,0
seed-0002__sky_hold,8,dream,96.99,54.96,0.16,0,0,0
seed-0002__sky_hold,9,moon,101.7,100.04,0.01,0,0,0
seed-0002__sky_hold,9,bank,74.15,72.92,0.01,0,0,0
seed-0002__sky_hold,9,sky,78.12,75.54,0,5,390.6,4.6872
seed-0002__sky_hold,9,forge,95.39,91.94,0.01,0,0,0
seed-0002__sky_hold,9,crystal,56.33,59.79,-0.01,0,0,0
seed-0002__sky_hold,9,dream,109.56,56.08,0.13,0,0,0
seed-0002__sky_hold,10,moon,101.4,100.62,0,0,0,0
seed-0002__sky_hold,10,bank,73.76,73.46,-0.01,0,0,0
seed-0002__sky_hold,10,sky,80.3,75.61,0.03,5,401.5,24.09
seed-0002__sky_hold,10,forge,97.16,92.16,0.02,0,0,0
seed-0002__sky_hold,10,crystal,61.86,62.83,0.1,0,0,0
seed-0002__sky_hold,10,dream,117.52,56.81,0.07,0,0,0
seed-0002__sky_hold,11,moon,98.89,100.07,-0.02,0,0,0
seed-0002__sky_hold,11,bank,72.55,73.16,-0.02,0,0,0
seed-0002__sky_hold,11,sky,77.22,74.8,-0.04,5,386.1,4.6332
seed-0002__sky_hold,11,forge,99.07,95.61,0.02,0,0,0
seed-0002__sky_hold,11,crystal,59.04,63.27,-0.05,0,0,0
seed-0002__sky_hold,11,dream,119.99,57.43,0.02,0,0,0
seed-0002__sky_hold,12,moon,99.28,99.9,0,0,0,0
seed-0002__sky_hold,12,bank,73.12,73.33,0.01,0,0,0
seed-0002__sky_hold,12,sky,73.5,74.39,-0.05,0,0,4.41
seed-0002__sky_hold,12,forge,99.91,95.7,0.01,0,0,0
seed-0002__sky_hold,12,crystal,66.9,65.38,0.13,0,0,0
seed-0002__sky_hold,12,dream,112.65,57.39,-0.06,0,0,0
seed-0002__crystal_hold,0,moon,86,100,0,0,0,0
seed-0002__crystal_hold,0,bank,75,72,0,0,0,0
seed-0002__crystal_hold,0,sky,80,80,0,0,0,0
seed-0002__crystal_hold,0,forge,88,92,0,0,0,0
seed-0002__crystal_hold,0,crystal,62,68,0,6.4516129,399.9999998,0
seed-0002__crystal_hold,0,dream,58,55,0,0,0,0
seed-0002__crystal_hold,1,moon,91.16,102.44,0.06,0,0,0
seed-0002__crystal_hold,1,bank,74.74,71.93,0,0,0,0
seed-0002__crystal_hold,1,sky,81.19,79.24,0.01,0,0,0
seed-0002__crystal_hold,1,forge,90.51,91.74,0.03,0,0,0
seed-0002__crystal_hold,1,crystal,65.36,66.93,0.05,6.4516129,421.67741914,31.62580644
seed-0002__crystal_hold,1,dream,56.53,56.23,-0.03,0,0,0
seed-0002__crystal_hold,2,moon,96.14,103,0.05,0,0,0
seed-0002__crystal_hold,2,bank,73.55,72.19,-0.02,0,0,0
seed-0002__crystal_hold,2,sky,80.99,79.59,0,0,0,0
seed-0002__crystal_hold,2,forge,93.38,93.15,0.03,0,0,0
seed-0002__crystal_hold,2,crystal,58.71,64.85,-0.1,6.4516129,378.77419336,28.4080645
seed-0002__crystal_hold,2,dream,54.85,56.53,-0.03,0,0,0
seed-0002__crystal_hold,3,moon,97.79,102.1,0.02,0,0,0
seed-0002__crystal_hold,3,bank,72.25,72.14,-0.02,0,0,0
seed-0002__crystal_hold,3,sky,80.55,78.45,-0.01,0,0,0
seed-0002__crystal_hold,3,forge,93.16,92.89,0,0,0,0
seed-0002__crystal_hold,3,crystal,52.02,62.17,-0.11,6.4516129,335.61290306,25.17096773
seed-0002__crystal_hold,3,dream,54.18,54.96,-0.01,0,0,0
seed-0002__crystal_hold,4,moon,97.91,101.86,0,0,0,0
seed-0002__crystal_hold,4,bank,70.95,72.16,-0.02,0,0,0
seed-0002__crystal_hold,4,sky,78.08,77.87,-0.03,0,0,0
seed-0002__crystal_hold,4,forge,92.37,92.03,-0.01,0,0,0
seed-0002__crystal_hold,4,crystal,53.13,62.63,0.02,6.4516129,342.77419338,3.85620968
seed-0002__crystal_hold,4,dream,54.21,54.46,0,0,0,0
seed-0002__crystal_hold,5,moon,99.71,101.32,0.02,0,0,0
seed-0002__crystal_hold,5,bank,71.54,72.27,0.01,0,0,0
seed-0002__crystal_hold,5,sky,74.9,78.13,-0.04,0,0,0
seed-0002__crystal_hold,5,forge,92.97,92.56,0.01,0,0,0
seed-0002__crystal_hold,5,crystal,55.28,61.63,0.04,6.4516129,356.64516111,26.74838708
seed-0002__crystal_hold,5,dream,60.96,54.55,0.12,0,0,0
seed-0002__crystal_hold,6,moon,101.72,101.16,0.02,0,0,0
seed-0002__crystal_hold,6,bank,72.81,72.17,0.02,0,0,0
seed-0002__crystal_hold,6,sky,74.51,77.71,-0.01,0,0,0
seed-0002__crystal_hold,6,forge,94.24,92.7,0.01,0,0,0
seed-0002__crystal_hold,6,crystal,56.55,60.69,0.02,6.4516129,364.8387095,4.10443548
seed-0002__crystal_hold,6,dream,71.01,53.66,0.16,0,0,0
seed-0002__crystal_hold,7,moon,101.97,101.62,0,0,0,0
seed-0002__crystal_hold,7,bank,73.05,72.4,0,0,0,0
seed-0002__crystal_hold,7,sky,75.39,77.59,0.01,0,0,0
seed-0002__crystal_hold,7,forge,94.25,92.79,0,0,0,0
seed-0002__crystal_hold,7,crystal,55.2,60.37,-0.02,6.4516129,356.12903208,4.00645161
seed-0002__crystal_hold,7,dream,83.79,54.5,0.18,0,0,0
seed-0002__crystal_hold,8,moon,100.92,99.18,-0.01,0,0,0
seed-0002__crystal_hold,8,bank,73.74,72.6,0.01,0,0,0
seed-0002__crystal_hold,8,sky,78.08,78.2,0.04,0,0,0
seed-0002__crystal_hold,8,forge,94.72,92.39,0,0,0,0
seed-0002__crystal_hold,8,crystal,57.06,60.36,0.03,6.4516129,368.12903207,27.60967741
seed-0002__crystal_hold,8,dream,96.99,54.96,0.16,0,0,0
seed-0002__crystal_hold,9,moon,101.7,100.04,0.01,0,0,0
seed-0002__crystal_hold,9,bank,74.15,72.92,0.01,0,0,0
seed-0002__crystal_hold,9,sky,78.12,75.54,0,0,0,0
seed-0002__crystal_hold,9,forge,95.39,91.94,0.01,0,0,0
seed-0002__crystal_hold,9,crystal,56.33,59.79,-0.01,6.4516129,363.41935466,4.08846774
seed-0002__crystal_hold,9,dream,109.56,56.08,0.13,0,0,0
seed-0002__crystal_hold,10,moon,101.4,100.62,0,0,0,0
seed-0002__crystal_hold,10,bank,73.76,73.46,-0.01,0,0,0
seed-0002__crystal_hold,10,sky,80.3,75.61,0.03,0,0,0
seed-0002__crystal_hold,10,forge,97.16,92.16,0.02,0,0,0
seed-0002__crystal_hold,10,crystal,61.86,62.83,0.1,6.4516129,399.09677399,29.93225805
seed-0002__crystal_hold,10,dream,117.52,56.81,0.07,0,0,0
seed-0002__crystal_hold,11,moon,98.89,100.07,-0.02,0,0,0
seed-0002__crystal_hold,11,bank,72.55,73.16,-0.02,0,0,0
seed-0002__crystal_hold,11,sky,77.22,74.8,-0.04,0,0,0
seed-0002__crystal_hold,11,forge,99.07,95.61,0.02,0,0,0
seed-0002__crystal_hold,11,crystal,59.04,63.27,-0.05,6.4516129,380.90322562,28.56774192
seed-0002__crystal_hold,11,dream,119.99,57.43,0.02,0,0,0
seed-0002__crystal_hold,12,moon,99.28,99.9,0,0,0,0
seed-0002__crystal_hold,12,bank,73.12,73.33,0.01,0,0,0
seed-0002__crystal_hold,12,sky,73.5,74.39,-0.05,0,0,0
seed-0002__crystal_hold,12,forge,99.91,95.7,0.01,0,0,0
seed-0002__crystal_hold,12,crystal,66.9,65.38,0.13,0,0,32.37096773
seed-0002__crystal_hold,12,dream,112.65,57.39,-0.06,0,0,0
seed-0003__cash_control,0,moon,86,100,0,0,0,0
seed-0003__cash_control,0,bank,75,72,0,0,0,0
seed-0003__cash_control,0,sky,80,80,0,0,0,0
seed-0003__cash_control,0,forge,88,92,0,0,0,0
seed-0003__cash_control,0,crystal,62,68,0,0,0,0
seed-0003__cash_control,0,dream,58,55,0,0,0,0
seed-0003__cash_control,1,moon,91.16,99.43,0.06,0,0,0
seed-0003__cash_control,1,bank,74.46,71.92,-0.01,0,0,0
seed-0003__cash_control,1,sky,79.71,80.01,0,0,0,0
seed-0003__cash_control,1,forge,89.91,92.39,0.02,0,0,0
seed-0003__cash_control,1,crystal,64.44,69,0.04,0,0,0
seed-0003__cash_control,1,dream,60.59,54.36,0.04,0,0,0
seed-0003__cash_control,2,moon,96.21,99.12,0.06,0,0,0
seed-0003__cash_control,2,bank,74.25,71.79,0,0,0,0
seed-0003__cash_control,2,sky,81.09,79.7,0.02,0,0,0
seed-0003__cash_control,2,forge,87.9,87.48,-0.02,0,0,0
seed-0003__cash_control,2,crystal,67.89,69.22,0.05,0,0,0
seed-0003__cash_control,2,dream,63.34,54.53,0.05,0,0,0
seed-0003__cash_control,3,moon,97.31,99.2,0.01,0,0,0
seed-0003__cash_control,3,bank,72.75,71.91,-0.02,0,0,0
seed-0003__cash_control,3,sky,82.24,80.05,0.01,0,0,0
seed-0003__cash_control,3,forge,92.06,91.8,0.05,0,0,0
seed-0003__cash_control,3,crystal,68.56,70.51,0.01,0,0,0
seed-0003__cash_control,3,dream,65.36,53.36,0.03,0,0,0
seed-0003__cash_control,4,moon,97.64,99.08,0,0,0,0
seed-0003__cash_control,4,bank,72.4,72.23,0,0,0,0
seed-0003__cash_control,4,sky,81.22,80.53,-0.01,0,0,0
seed-0003__cash_control,4,forge,94.57,91.02,0.03,0,0,0
seed-0003__cash_control,4,crystal,71.64,70.86,0.04,0,0,0
seed-0003__cash_control,4,dream,66.36,54.63,0.02,0,0,0
seed-0003__cash_control,5,moon,97.58,99.17,0,0,0,0
seed-0003__cash_control,5,bank,73.01,72.98,0.01,0,0,0
seed-0003__cash_control,5,sky,79.22,79.78,-0.02,0,0,0
seed-0003__cash_control,5,forge,91.88,91.44,-0.03,0,0,0
seed-0003__cash_control,5,crystal,66.23,71.71,-0.08,0,0,0
seed-0003__cash_control,5,dream,62.77,53.34,-0.05,0,0,0
seed-0003__cash_control,6,moon,99.41,99.92,0.02,0,0,0
seed-0003__cash_control,6,bank,71.04,71.54,-0.03,0,0,0
seed-0003__cash_control,6,sky,80.69,80.29,0.02,0,0,0
seed-0003__cash_control,6,forge,92.68,92.32,0.01,0,0,0
seed-0003__cash_control,6,crystal,70.83,70.8,0.07,0,0,0
seed-0003__cash_control,6,dream,60.28,53.25,-0.04,0,0,0
seed-0003__cash_control,7,moon,97.66,97.14,-0.02,0,0,0
seed-0003__cash_control,7,bank,71.52,72.17,0.01,0,0,0
seed-0003__cash_control,7,sky,82.59,80.05,0.02,0,0,0
seed-0003__cash_control,7,forge,95.75,93.31,0.03,0,0,0
seed-0003__cash_control,7,crystal,69.58,69.81,-0.02,0,0,0
seed-0003__cash_control,7,dream,55.55,52.5,-0.08,0,0,0
seed-0003__cash_control,8,moon,99.36,99.99,0.02,0,0,0
seed-0003__cash_control,8,bank,71.35,72.04,0,0,0,0
seed-0003__cash_control,8,sky,81.65,80.52,-0.01,0,0,0
seed-0003__cash_control,8,forge,97.61,93.03,0.02,0,0,0
seed-0003__cash_control,8,crystal,66.82,70,-0.04,0,0,0
seed-0003__cash_control,8,dream,47.98,53.31,-0.14,0,0,0
seed-0003__cash_control,9,moon,99.62,100.04,0,0,0,0
seed-0003__cash_control,9,bank,71.74,72.13,0.01,0,0,0
seed-0003__cash_control,9,sky,79.44,80.7,-0.03,0,0,0
seed-0003__cash_control,9,forge,96.24,94.09,-0.01,0,0,0
seed-0003__cash_control,9,crystal,67.45,69.04,0.01,0,0,0
seed-0003__cash_control,9,dream,44.61,53.62,-0.07,0,0,0
seed-0003__cash_control,10,moon,101.61,100.4,0.02,0,0,0
seed-0003__cash_control,10,bank,74.11,73.63,0.03,0,0,0
seed-0003__cash_control,10,sky,78.97,80.53,-0.01,0,0,0
seed-0003__cash_control,10,forge,96.38,93.72,0,0,0,0
seed-0003__cash_control,10,crystal,69.39,69.72,0.03,0,0,0
seed-0003__cash_control,10,dream,46.51,54.71,0.04,0,0,0
seed-0003__cash_control,11,moon,102.31,101.3,0.01,0,0,0
seed-0003__cash_control,11,bank,72.35,72.28,-0.02,0,0,0
seed-0003__cash_control,11,sky,80.13,80.79,0.01,0,0,0
seed-0003__cash_control,11,forge,95.85,94.76,-0.01,0,0,0
seed-0003__cash_control,11,crystal,73.88,69.23,0.06,0,0,0
seed-0003__cash_control,11,dream,51.34,55.5,0.1,0,0,0
seed-0003__cash_control,12,moon,103.2,100.71,0.01,0,0,0
seed-0003__cash_control,12,bank,73.04,72.28,0.01,0,0,0
seed-0003__cash_control,12,sky,84.32,81.56,0.05,0,0,0
seed-0003__cash_control,12,forge,101.13,97.36,0.06,0,0,0
seed-0003__cash_control,12,crystal,73.81,68.02,0,0,0,0
seed-0003__cash_control,12,dream,58.22,56.4,0.13,0,0,0
seed-0003__moon_hold,0,moon,86,100,0,4.65116279,400,0
seed-0003__moon_hold,0,bank,75,72,0,0,0,0
seed-0003__moon_hold,0,sky,80,80,0,0,0,0
seed-0003__moon_hold,0,forge,88,92,0,0,0,0
seed-0003__moon_hold,0,crystal,62,68,0,0,0,0
seed-0003__moon_hold,0,dream,58,55,0,0,0,0
seed-0003__moon_hold,1,moon,91.16,99.43,0.06,4.65116279,424,14.84
seed-0003__moon_hold,1,bank,74.46,71.92,-0.01,0,0,0
seed-0003__moon_hold,1,sky,79.71,80.01,0,0,0,0
seed-0003__moon_hold,1,forge,89.91,92.39,0.02,0,0,0
seed-0003__moon_hold,1,crystal,64.44,69,0.04,0,0,0
seed-0003__moon_hold,1,dream,60.59,54.36,0.04,0,0,0
seed-0003__moon_hold,2,moon,96.21,99.12,0.06,4.65116279,447.48837203,15.66209302
seed-0003__moon_hold,2,bank,74.25,71.79,0,0,0,0
seed-0003__moon_hold,2,sky,81.09,79.7,0.02,0,0,0
seed-0003__moon_hold,2,forge,87.9,87.48,-0.02,0,0,0
seed-0003__moon_hold,2,crystal,67.89,69.22,0.05,0,0,0
seed-0003__moon_hold,2,dream,63.34,54.53,0.05,0,0,0
seed-0003__moon_hold,3,moon,97.31,99.2,0.01,4.65116279,452.60465109,15.84116279
seed-0003__moon_hold,3,bank,72.75,71.91,-0.02,0,0,0
seed-0003__moon_hold,3,sky,82.24,80.05,0.01,0,0,0
seed-0003__moon_hold,3,forge,92.06,91.8,0.05,0,0,0
seed-0003__moon_hold,3,crystal,68.56,70.51,0.01,0,0,0
seed-0003__moon_hold,3,dream,65.36,53.36,0.03,0,0,0
seed-0003__moon_hold,4,moon,97.64,99.08,0,4.65116279,454.13953482,15.89488372
seed-0003__moon_hold,4,bank,72.4,72.23,0,0,0,0
seed-0003__moon_hold,4,sky,81.22,80.53,-0.01,0,0,0
seed-0003__moon_hold,4,forge,94.57,91.02,0.03,0,0,0
seed-0003__moon_hold,4,crystal,71.64,70.86,0.04,0,0,0
seed-0003__moon_hold,4,dream,66.36,54.63,0.02,0,0,0
seed-0003__moon_hold,5,moon,97.58,99.17,0,4.65116279,453.86046505,15.88511628
seed-0003__moon_hold,5,bank,73.01,72.98,0.01,0,0,0
seed-0003__moon_hold,5,sky,79.22,79.78,-0.02,0,0,0
seed-0003__moon_hold,5,forge,91.88,91.44,-0.03,0,0,0
seed-0003__moon_hold,5,crystal,66.23,71.71,-0.08,0,0,0
seed-0003__moon_hold,5,dream,62.77,53.34,-0.05,0,0,0
seed-0003__moon_hold,6,moon,99.41,99.92,0.02,4.65116279,462.37209295,16.18302325
seed-0003__moon_hold,6,bank,71.04,71.54,-0.03,0,0,0
seed-0003__moon_hold,6,sky,80.69,80.29,0.02,0,0,0
seed-0003__moon_hold,6,forge,92.68,92.32,0.01,0,0,0
seed-0003__moon_hold,6,crystal,70.83,70.8,0.07,0,0,0
seed-0003__moon_hold,6,dream,60.28,53.25,-0.04,0,0,0
seed-0003__moon_hold,7,moon,97.66,97.14,-0.02,4.65116279,454.23255807,15.89813953
seed-0003__moon_hold,7,bank,71.52,72.17,0.01,0,0,0
seed-0003__moon_hold,7,sky,82.59,80.05,0.02,0,0,0
seed-0003__moon_hold,7,forge,95.75,93.31,0.03,0,0,0
seed-0003__moon_hold,7,crystal,69.58,69.81,-0.02,0,0,0
seed-0003__moon_hold,7,dream,55.55,52.5,-0.08,0,0,0
seed-0003__moon_hold,8,moon,99.36,99.99,0.02,4.65116279,462.13953481,16.17488372
seed-0003__moon_hold,8,bank,71.35,72.04,0,0,0,0
seed-0003__moon_hold,8,sky,81.65,80.52,-0.01,0,0,0
seed-0003__moon_hold,8,forge,97.61,93.03,0.02,0,0,0
seed-0003__moon_hold,8,crystal,66.82,70,-0.04,0,0,0
seed-0003__moon_hold,8,dream,47.98,53.31,-0.14,0,0,0
seed-0003__moon_hold,9,moon,99.62,100.04,0,4.65116279,463.34883714,16.2172093
seed-0003__moon_hold,9,bank,71.74,72.13,0.01,0,0,0
seed-0003__moon_hold,9,sky,79.44,80.7,-0.03,0,0,0
seed-0003__moon_hold,9,forge,96.24,94.09,-0.01,0,0,0
seed-0003__moon_hold,9,crystal,67.45,69.04,0.01,0,0,0
seed-0003__moon_hold,9,dream,44.61,53.62,-0.07,0,0,0
seed-0003__moon_hold,10,moon,101.61,100.4,0.02,4.65116279,472.60465109,16.54116279
seed-0003__moon_hold,10,bank,74.11,73.63,0.03,0,0,0
seed-0003__moon_hold,10,sky,78.97,80.53,-0.01,0,0,0
seed-0003__moon_hold,10,forge,96.38,93.72,0,0,0,0
seed-0003__moon_hold,10,crystal,69.39,69.72,0.03,0,0,0
seed-0003__moon_hold,10,dream,46.51,54.71,0.04,0,0,0
seed-0003__moon_hold,11,moon,102.31,101.3,0.01,4.65116279,475.86046504,16.65511628
seed-0003__moon_hold,11,bank,72.35,72.28,-0.02,0,0,0
seed-0003__moon_hold,11,sky,80.13,80.79,0.01,0,0,0
seed-0003__moon_hold,11,forge,95.85,94.76,-0.01,0,0,0
seed-0003__moon_hold,11,crystal,73.88,69.23,0.06,0,0,0
seed-0003__moon_hold,11,dream,51.34,55.5,0.1,0,0,0
seed-0003__moon_hold,12,moon,103.2,100.71,0.01,0,0,16.8
seed-0003__moon_hold,12,bank,73.04,72.28,0.01,0,0,0
seed-0003__moon_hold,12,sky,84.32,81.56,0.05,0,0,0
seed-0003__moon_hold,12,forge,101.13,97.36,0.06,0,0,0
seed-0003__moon_hold,12,crystal,73.81,68.02,0,0,0,0
seed-0003__moon_hold,12,dream,58.22,56.4,0.13,0,0,0
seed-0003__sky_hold,0,moon,86,100,0,0,0,0
seed-0003__sky_hold,0,bank,75,72,0,0,0,0
seed-0003__sky_hold,0,sky,80,80,0,5,400,0
seed-0003__sky_hold,0,forge,88,92,0,0,0,0
seed-0003__sky_hold,0,crystal,62,68,0,0,0,0
seed-0003__sky_hold,0,dream,58,55,0,0,0,0
seed-0003__sky_hold,1,moon,91.16,99.43,0.06,0,0,0
seed-0003__sky_hold,1,bank,74.46,71.92,-0.01,0,0,0
seed-0003__sky_hold,1,sky,79.71,80.01,0,5,398.55,4.7826
seed-0003__sky_hold,1,forge,89.91,92.39,0.02,0,0,0
seed-0003__sky_hold,1,crystal,64.44,69,0.04,0,0,0
seed-0003__sky_hold,1,dream,60.59,54.36,0.04,0,0,0
seed-0003__sky_hold,2,moon,96.21,99.12,0.06,0,0,0
seed-0003__sky_hold,2,bank,74.25,71.79,0,0,0,0
seed-0003__sky_hold,2,sky,81.09,79.7,0.02,5,405.45,24.327
seed-0003__sky_hold,2,forge,87.9,87.48,-0.02,0,0,0
seed-0003__sky_hold,2,crystal,67.89,69.22,0.05,0,0,0
seed-0003__sky_hold,2,dream,63.34,54.53,0.05,0,0,0
seed-0003__sky_hold,3,moon,97.31,99.2,0.01,0,0,0
seed-0003__sky_hold,3,bank,72.75,71.91,-0.02,0,0,0
seed-0003__sky_hold,3,sky,82.24,80.05,0.01,5,411.2,24.672
seed-0003__sky_hold,3,forge,92.06,91.8,0.05,0,0,0
seed-0003__sky_hold,3,crystal,68.56,70.51,0.01,0,0,0
seed-0003__sky_hold,3,dream,65.36,53.36,0.03,0,0,0
seed-0003__sky_hold,4,moon,97.64,99.08,0,0,0,0
seed-0003__sky_hold,4,bank,72.4,72.23,0,0,0,0
seed-0003__sky_hold,4,sky,81.22,80.53,-0.01,5,406.1,4.8732
seed-0003__sky_hold,4,forge,94.57,91.02,0.03,0,0,0
seed-0003__sky_hold,4,crystal,71.64,70.86,0.04,0,0,0
seed-0003__sky_hold,4,dream,66.36,54.63,0.02,0,0,0
seed-0003__sky_hold,5,moon,97.58,99.17,0,0,0,0
seed-0003__sky_hold,5,bank,73.01,72.98,0.01,0,0,0
seed-0003__sky_hold,5,sky,79.22,79.78,-0.02,5,396.1,4.7532
seed-0003__sky_hold,5,forge,91.88,91.44,-0.03,0,0,0
seed-0003__sky_hold,5,crystal,66.23,71.71,-0.08,0,0,0
seed-0003__sky_hold,5,dream,62.77,53.34,-0.05,0,0,0
seed-0003__sky_hold,6,moon,99.41,99.92,0.02,0,0,0
seed-0003__sky_hold,6,bank,71.04,71.54,-0.03,0,0,0
seed-0003__sky_hold,6,sky,80.69,80.29,0.02,5,403.45,24.207
seed-0003__sky_hold,6,forge,92.68,92.32,0.01,0,0,0
seed-0003__sky_hold,6,crystal,70.83,70.8,0.07,0,0,0
seed-0003__sky_hold,6,dream,60.28,53.25,-0.04,0,0,0
seed-0003__sky_hold,7,moon,97.66,97.14,-0.02,0,0,0
seed-0003__sky_hold,7,bank,71.52,72.17,0.01,0,0,0
seed-0003__sky_hold,7,sky,82.59,80.05,0.02,5,412.95,24.777
seed-0003__sky_hold,7,forge,95.75,93.31,0.03,0,0,0
seed-0003__sky_hold,7,crystal,69.58,69.81,-0.02,0,0,0
seed-0003__sky_hold,7,dream,55.55,52.5,-0.08,0,0,0
seed-0003__sky_hold,8,moon,99.36,99.99,0.02,0,0,0
seed-0003__sky_hold,8,bank,71.35,72.04,0,0,0,0
seed-0003__sky_hold,8,sky,81.65,80.52,-0.01,5,408.25,4.899
seed-0003__sky_hold,8,forge,97.61,93.03,0.02,0,0,0
seed-0003__sky_hold,8,crystal,66.82,70,-0.04,0,0,0
seed-0003__sky_hold,8,dream,47.98,53.31,-0.14,0,0,0
seed-0003__sky_hold,9,moon,99.62,100.04,0,0,0,0
seed-0003__sky_hold,9,bank,71.74,72.13,0.01,0,0,0
seed-0003__sky_hold,9,sky,79.44,80.7,-0.03,5,397.2,4.7664
seed-0003__sky_hold,9,forge,96.24,94.09,-0.01,0,0,0
seed-0003__sky_hold,9,crystal,67.45,69.04,0.01,0,0,0
seed-0003__sky_hold,9,dream,44.61,53.62,-0.07,0,0,0
seed-0003__sky_hold,10,moon,101.61,100.4,0.02,0,0,0
seed-0003__sky_hold,10,bank,74.11,73.63,0.03,0,0,0
seed-0003__sky_hold,10,sky,78.97,80.53,-0.01,5,394.85,4.7382
seed-0003__sky_hold,10,forge,96.38,93.72,0,0,0,0
seed-0003__sky_hold,10,crystal,69.39,69.72,0.03,0,0,0
seed-0003__sky_hold,10,dream,46.51,54.71,0.04,0,0,0
seed-0003__sky_hold,11,moon,102.31,101.3,0.01,0,0,0
seed-0003__sky_hold,11,bank,72.35,72.28,-0.02,0,0,0
seed-0003__sky_hold,11,sky,80.13,80.79,0.01,5,400.65,24.039
seed-0003__sky_hold,11,forge,95.85,94.76,-0.01,0,0,0
seed-0003__sky_hold,11,crystal,73.88,69.23,0.06,0,0,0
seed-0003__sky_hold,11,dream,51.34,55.5,0.1,0,0,0
seed-0003__sky_hold,12,moon,103.2,100.71,0.01,0,0,0
seed-0003__sky_hold,12,bank,73.04,72.28,0.01,0,0,0
seed-0003__sky_hold,12,sky,84.32,81.56,0.05,0,0,25.296
seed-0003__sky_hold,12,forge,101.13,97.36,0.06,0,0,0
seed-0003__sky_hold,12,crystal,73.81,68.02,0,0,0,0
seed-0003__sky_hold,12,dream,58.22,56.4,0.13,0,0,0
seed-0003__crystal_hold,0,moon,86,100,0,0,0,0
seed-0003__crystal_hold,0,bank,75,72,0,0,0,0
seed-0003__crystal_hold,0,sky,80,80,0,0,0,0
seed-0003__crystal_hold,0,forge,88,92,0,0,0,0
seed-0003__crystal_hold,0,crystal,62,68,0,6.4516129,399.9999998,0
seed-0003__crystal_hold,0,dream,58,55,0,0,0,0
seed-0003__crystal_hold,1,moon,91.16,99.43,0.06,0,0,0
seed-0003__crystal_hold,1,bank,74.46,71.92,-0.01,0,0,0
seed-0003__crystal_hold,1,sky,79.71,80.01,0,0,0,0
seed-0003__crystal_hold,1,forge,89.91,92.39,0.02,0,0,0
seed-0003__crystal_hold,1,crystal,64.44,69,0.04,6.4516129,415.74193528,31.18064515
seed-0003__crystal_hold,1,dream,60.59,54.36,0.04,0,0,0
seed-0003__crystal_hold,2,moon,96.21,99.12,0.06,0,0,0
seed-0003__crystal_hold,2,bank,74.25,71.79,0,0,0,0
seed-0003__crystal_hold,2,sky,81.09,79.7,0.02,0,0,0
seed-0003__crystal_hold,2,forge,87.9,87.48,-0.02,0,0,0
seed-0003__crystal_hold,2,crystal,67.89,69.22,0.05,6.4516129,437.99999978,32.84999998
seed-0003__crystal_hold,2,dream,63.34,54.53,0.05,0,0,0
seed-0003__crystal_hold,3,moon,97.31,99.2,0.01,0,0,0
seed-0003__crystal_hold,3,bank,72.75,71.91,-0.02,0,0,0
seed-0003__crystal_hold,3,sky,82.24,80.05,0.01,0,0,0
seed-0003__crystal_hold,3,forge,92.06,91.8,0.05,0,0,0
seed-0003__crystal_hold,3,crystal,68.56,70.51,0.01,6.4516129,442.32258042,4.97612903
seed-0003__crystal_hold,3,dream,65.36,53.36,0.03,0,0,0
seed-0003__crystal_hold,4,moon,97.64,99.08,0,0,0,0
seed-0003__crystal_hold,4,bank,72.4,72.23,0,0,0,0
seed-0003__crystal_hold,4,sky,81.22,80.53,-0.01,0,0,0
seed-0003__crystal_hold,4,forge,94.57,91.02,0.03,0,0,0
seed-0003__crystal_hold,4,crystal,71.64,70.86,0.04,6.4516129,462.19354816,34.66451611
seed-0003__crystal_hold,4,dream,66.36,54.63,0.02,0,0,0
seed-0003__crystal_hold,5,moon,97.58,99.17,0,0,0,0
seed-0003__crystal_hold,5,bank,73.01,72.98,0.01,0,0,0
seed-0003__crystal_hold,5,sky,79.22,79.78,-0.02,0,0,0
seed-0003__crystal_hold,5,forge,91.88,91.44,-0.03,0,0,0
seed-0003__crystal_hold,5,crystal,66.23,71.71,-0.08,6.4516129,427.29032237,32.04677418
seed-0003__crystal_hold,5,dream,62.77,53.34,-0.05,0,0,0
seed-0003__crystal_hold,6,moon,99.41,99.92,0.02,0,0,0
seed-0003__crystal_hold,6,bank,71.04,71.54,-0.03,0,0,0
seed-0003__crystal_hold,6,sky,80.69,80.29,0.02,0,0,0
seed-0003__crystal_hold,6,forge,92.68,92.32,0.01,0,0,0
seed-0003__crystal_hold,6,crystal,70.83,70.8,0.07,6.4516129,456.96774171,34.27258063
seed-0003__crystal_hold,6,dream,60.28,53.25,-0.04,0,0,0
seed-0003__crystal_hold,7,moon,97.66,97.14,-0.02,0,0,0
seed-0003__crystal_hold,7,bank,71.52,72.17,0.01,0,0,0
seed-0003__crystal_hold,7,sky,82.59,80.05,0.02,0,0,0
seed-0003__crystal_hold,7,forge,95.75,93.31,0.03,0,0,0
seed-0003__crystal_hold,7,crystal,69.58,69.81,-0.02,6.4516129,448.90322558,5.05016129
seed-0003__crystal_hold,7,dream,55.55,52.5,-0.08,0,0,0
seed-0003__crystal_hold,8,moon,99.36,99.99,0.02,0,0,0
seed-0003__crystal_hold,8,bank,71.35,72.04,0,0,0,0
seed-0003__crystal_hold,8,sky,81.65,80.52,-0.01,0,0,0
seed-0003__crystal_hold,8,forge,97.61,93.03,0.02,0,0,0
seed-0003__crystal_hold,8,crystal,66.82,70,-0.04,6.4516129,431.09677398,32.33225805
seed-0003__crystal_hold,8,dream,47.98,53.31,-0.14,0,0,0
seed-0003__crystal_hold,9,moon,99.62,100.04,0,0,0,0
seed-0003__crystal_hold,9,bank,71.74,72.13,0.01,0,0,0
seed-0003__crystal_hold,9,sky,79.44,80.7,-0.03,0,0,0
seed-0003__crystal_hold,9,forge,96.24,94.09,-0.01,0,0,0
seed-0003__crystal_hold,9,crystal,67.45,69.04,0.01,6.4516129,435.16129011,4.89556451
seed-0003__crystal_hold,9,dream,44.61,53.62,-0.07,0,0,0
seed-0003__crystal_hold,10,moon,101.61,100.4,0.02,0,0,0
seed-0003__crystal_hold,10,bank,74.11,73.63,0.03,0,0,0
seed-0003__crystal_hold,10,sky,78.97,80.53,-0.01,0,0,0
seed-0003__crystal_hold,10,forge,96.38,93.72,0,0,0,0
seed-0003__crystal_hold,10,crystal,69.39,69.72,0.03,6.4516129,447.67741913,33.57580643
seed-0003__crystal_hold,10,dream,46.51,54.71,0.04,0,0,0
seed-0003__crystal_hold,11,moon,102.31,101.3,0.01,0,0,0
seed-0003__crystal_hold,11,bank,72.35,72.28,-0.02,0,0,0
seed-0003__crystal_hold,11,sky,80.13,80.79,0.01,0,0,0
seed-0003__crystal_hold,11,forge,95.85,94.76,-0.01,0,0,0
seed-0003__crystal_hold,11,crystal,73.88,69.23,0.06,6.4516129,476.64516105,35.74838708
seed-0003__crystal_hold,11,dream,51.34,55.5,0.1,0,0,0
seed-0003__crystal_hold,12,moon,103.2,100.71,0.01,0,0,0
seed-0003__crystal_hold,12,bank,73.04,72.28,0.01,0,0,0
seed-0003__crystal_hold,12,sky,84.32,81.56,0.05,0,0,0
seed-0003__crystal_hold,12,forge,101.13,97.36,0.06,0,0,0
seed-0003__crystal_hold,12,crystal,73.81,68.02,0,0,0,5.35717742
seed-0003__crystal_hold,12,dream,58.22,56.4,0.13,0,0,0
seed-0004__cash_control,0,moon,86,100,0,0,0,0
seed-0004__cash_control,0,bank,75,72,0,0,0,0
seed-0004__cash_control,0,sky,80,80,0,0,0,0
seed-0004__cash_control,0,forge,88,92,0,0,0,0
seed-0004__cash_control,0,crystal,62,68,0,0,0,0
seed-0004__cash_control,0,dream,58,55,0,0,0,0
seed-0004__cash_control,1,moon,89.79,99.14,0.04,0,0,0
seed-0004__cash_control,1,bank,73.5,71.41,-0.02,0,0,0
seed-0004__cash_control,1,sky,75.44,77.22,-0.06,0,0,0
seed-0004__cash_control,1,forge,87.73,92.16,0,0,0,0
seed-0004__cash_control,1,crystal,61.4,68.41,-0.01,0,0,0
seed-0004__cash_control,1,dream,59.7,55.42,0.03,0,0,0
seed-0004__cash_control,2,moon,92.55,98.97,0.03,0,0,0
seed-0004__cash_control,2,bank,72.45,71.4,-0.01,0,0,0
seed-0004__cash_control,2,sky,72.74,76.53,-0.04,0,0,0
seed-0004__cash_control,2,forge,87.2,91.77,-0.01,0,0,0
seed-0004__cash_control,2,crystal,62.2,68.76,0.01,0,0,0
seed-0004__cash_control,2,dream,64.71,54.45,0.08,0,0,0
seed-0004__cash_control,3,moon,95.01,98.97,0.03,0,0,0
seed-0004__cash_control,3,bank,72.15,71.72,0,0,0,0
seed-0004__cash_control,3,sky,71.8,77.21,-0.01,0,0,0
seed-0004__cash_control,3,forge,87.18,92.87,0,0,0,0
seed-0004__cash_control,3,crystal,62.85,68.37,0.01,0,0,0
seed-0004__cash_control,3,dream,64.78,53.12,0,0,0,0
seed-0004__cash_control,4,moon,96.43,98.72,0.01,0,0,0
seed-0004__cash_control,4,bank,71.74,71.28,-0.01,0,0,0
seed-0004__cash_control,4,sky,71.51,76.57,0,0,0,0
seed-0004__cash_control,4,forge,87.13,91.77,0,0,0,0
seed-0004__cash_control,4,crystal,71.33,72.87,0.13,0,0,0
seed-0004__cash_control,4,dream,57.26,51.91,-0.12,0,0,0
seed-0004__cash_control,5,moon,95.89,98.16,-0.01,0,0,0
seed-0004__cash_control,5,bank,70.76,71.28,-0.01,0,0,0
seed-0004__cash_control,5,sky,70.98,76.65,-0.01,0,0,0
seed-0004__cash_control,5,forge,86.19,92.39,-0.01,0,0,0
seed-0004__cash_control,5,crystal,71.21,73.07,0,0,0,0
seed-0004__cash_control,5,dream,51.31,51.14,-0.1,0,0,0
seed-0004__cash_control,6,moon,96.23,97.67,0,0,0,0
seed-0004__cash_control,6,bank,70.39,70.68,-0.01,0,0,0
seed-0004__cash_control,6,sky,70.34,77.02,-0.01,0,0,0
seed-0004__cash_control,6,forge,85.92,91.88,0,0,0,0
seed-0004__cash_control,6,crystal,79.59,75.78,0.12,0,0,0
seed-0004__cash_control,6,dream,42.46,50.52,-0.17,0,0,0
seed-0004__cash_control,7,moon,96.2,98.06,0,0,0,0
seed-0004__cash_control,7,bank,70.32,70.87,0,0,0,0
seed-0004__cash_control,7,sky,71.1,76.76,0.01,0,0,0
seed-0004__cash_control,7,forge,86.92,92.09,0.01,0,0,0
seed-0004__cash_control,7,crystal,77.79,75.7,-0.02,0,0,0
seed-0004__cash_control,7,dream,34.91,51.14,-0.18,0,0,0
seed-0004__cash_control,8,moon,98.18,98.16,0.02,0,0,0
seed-0004__cash_control,8,bank,71.61,70.83,0.02,0,0,0
seed-0004__cash_control,8,sky,73.36,76.92,0.03,0,0,0
seed-0004__cash_control,8,forge,88.95,91.29,0.02,0,0,0
seed-0004__cash_control,8,crystal,82.99,78.04,0.07,0,0,0
seed-0004__cash_control,8,dream,31.97,50.23,-0.08,0,0,0
seed-0004__cash_control,9,moon,96.73,97.35,-0.01,0,0,0
seed-0004__cash_control,9,bank,69.94,70.61,-0.02,0,0,0
seed-0004__cash_control,9,sky,74.99,77.34,0.02,0,0,0
seed-0004__cash_control,9,forge,90.32,91.78,0.02,0,0,0
seed-0004__cash_control,9,crystal,81.33,79.31,-0.02,0,0,0
seed-0004__cash_control,9,dream,28.54,51.21,-0.11,0,0,0
seed-0004__cash_control,10,moon,97.64,97.66,0.01,0,0,0
seed-0004__cash_control,10,bank,70.86,70.73,0.01,0,0,0
seed-0004__cash_control,10,sky,76.28,76.74,0.02,0,0,0
seed-0004__cash_control,10,forge,87.39,87.4,-0.03,0,0,0
seed-0004__cash_control,10,crystal,86.71,80.35,0.07,0,0,0
seed-0004__cash_control,10,dream,27.53,50.92,-0.04,0,0,0
seed-0004__cash_control,11,moon,93.74,94.67,-0.04,0,0,0
seed-0004__cash_control,11,bank,70.14,70.67,-0.01,0,0,0
seed-0004__cash_control,11,sky,74.48,76.35,-0.02,0,0,0
seed-0004__cash_control,11,forge,83.97,86.56,-0.04,0,0,0
seed-0004__cash_control,11,crystal,85.78,80.98,-0.01,0,0,0
seed-0004__cash_control,11,dream,27.82,51.28,0.01,0,0,0
seed-0004__cash_control,12,moon,93.1,94,-0.01,0,0,0
seed-0004__cash_control,12,bank,69.79,70.28,0,0,0,0
seed-0004__cash_control,12,sky,72.78,76.4,-0.02,0,0,0
seed-0004__cash_control,12,forge,83.05,86.16,-0.01,0,0,0
seed-0004__cash_control,12,crystal,85.41,81.16,0,0,0,0
seed-0004__cash_control,12,dream,25.35,49.84,-0.09,0,0,0
seed-0004__moon_hold,0,moon,86,100,0,4.65116279,400,0
seed-0004__moon_hold,0,bank,75,72,0,0,0,0
seed-0004__moon_hold,0,sky,80,80,0,0,0,0
seed-0004__moon_hold,0,forge,88,92,0,0,0,0
seed-0004__moon_hold,0,crystal,62,68,0,0,0,0
seed-0004__moon_hold,0,dream,58,55,0,0,0,0
seed-0004__moon_hold,1,moon,89.79,99.14,0.04,4.65116279,417.62790691,14.61697674
seed-0004__moon_hold,1,bank,73.5,71.41,-0.02,0,0,0
seed-0004__moon_hold,1,sky,75.44,77.22,-0.06,0,0,0
seed-0004__moon_hold,1,forge,87.73,92.16,0,0,0,0
seed-0004__moon_hold,1,crystal,61.4,68.41,-0.01,0,0,0
seed-0004__moon_hold,1,dream,59.7,55.42,0.03,0,0,0
seed-0004__moon_hold,2,moon,92.55,98.97,0.03,4.65116279,430.46511621,15.06627907
seed-0004__moon_hold,2,bank,72.45,71.4,-0.01,0,0,0
seed-0004__moon_hold,2,sky,72.74,76.53,-0.04,0,0,0
seed-0004__moon_hold,2,forge,87.2,91.77,-0.01,0,0,0
seed-0004__moon_hold,2,crystal,62.2,68.76,0.01,0,0,0
seed-0004__moon_hold,2,dream,64.71,54.45,0.08,0,0,0
seed-0004__moon_hold,3,moon,95.01,98.97,0.03,4.65116279,441.90697668,15.46674418
seed-0004__moon_hold,3,bank,72.15,71.72,0,0,0,0
seed-0004__moon_hold,3,sky,71.8,77.21,-0.01,0,0,0
seed-0004__moon_hold,3,forge,87.18,92.87,0,0,0,0
seed-0004__moon_hold,3,crystal,62.85,68.37,0.01,0,0,0
seed-0004__moon_hold,3,dream,64.78,53.12,0,0,0,0
seed-0004__moon_hold,4,moon,96.43,98.72,0.01,4.65116279,448.51162784,15.69790697
seed-0004__moon_hold,4,bank,71.74,71.28,-0.01,0,0,0
seed-0004__moon_hold,4,sky,71.51,76.57,0,0,0,0
seed-0004__moon_hold,4,forge,87.13,91.77,0,0,0,0
seed-0004__moon_hold,4,crystal,71.33,72.87,0.13,0,0,0
seed-0004__moon_hold,4,dream,57.26,51.91,-0.12,0,0,0
seed-0004__moon_hold,5,moon,95.89,98.16,-0.01,4.65116279,446,15.61
seed-0004__moon_hold,5,bank,70.76,71.28,-0.01,0,0,0
seed-0004__moon_hold,5,sky,70.98,76.65,-0.01,0,0,0
seed-0004__moon_hold,5,forge,86.19,92.39,-0.01,0,0,0
seed-0004__moon_hold,5,crystal,71.21,73.07,0,0,0,0
seed-0004__moon_hold,5,dream,51.31,51.14,-0.1,0,0,0
seed-0004__moon_hold,6,moon,96.23,97.67,0,4.65116279,447.58139528,15.66534883
seed-0004__moon_hold,6,bank,70.39,70.68,-0.01,0,0,0
seed-0004__moon_hold,6,sky,70.34,77.02,-0.01,0,0,0
seed-0004__moon_hold,6,forge,85.92,91.88,0,0,0,0
seed-0004__moon_hold,6,crystal,79.59,75.78,0.12,0,0,0
seed-0004__moon_hold,6,dream,42.46,50.52,-0.17,0,0,0
seed-0004__moon_hold,7,moon,96.2,98.06,0,4.65116279,447.4418604,15.66046511
seed-0004__moon_hold,7,bank,70.32,70.87,0,0,0,0
seed-0004__moon_hold,7,sky,71.1,76.76,0.01,0,0,0
seed-0004__moon_hold,7,forge,86.92,92.09,0.01,0,0,0
seed-0004__moon_hold,7,crystal,77.79,75.7,-0.02,0,0,0
seed-0004__moon_hold,7,dream,34.91,51.14,-0.18,0,0,0
seed-0004__moon_hold,8,moon,98.18,98.16,0.02,4.65116279,456.65116272,15.9827907
seed-0004__moon_hold,8,bank,71.61,70.83,0.02,0,0,0
seed-0004__moon_hold,8,sky,73.36,76.92,0.03,0,0,0
seed-0004__moon_hold,8,forge,88.95,91.29,0.02,0,0,0
seed-0004__moon_hold,8,crystal,82.99,78.04,0.07,0,0,0
seed-0004__moon_hold,8,dream,31.97,50.23,-0.08,0,0,0
seed-0004__moon_hold,9,moon,96.73,97.35,-0.01,4.65116279,449.90697668,15.74674418
seed-0004__moon_hold,9,bank,69.94,70.61,-0.02,0,0,0
seed-0004__moon_hold,9,sky,74.99,77.34,0.02,0,0,0
seed-0004__moon_hold,9,forge,90.32,91.78,0.02,0,0,0
seed-0004__moon_hold,9,crystal,81.33,79.31,-0.02,0,0,0
seed-0004__moon_hold,9,dream,28.54,51.21,-0.11,0,0,0
seed-0004__moon_hold,10,moon,97.64,97.66,0.01,4.65116279,454.13953482,15.89488372
seed-0004__moon_hold,10,bank,70.86,70.73,0.01,0,0,0
seed-0004__moon_hold,10,sky,76.28,76.74,0.02,0,0,0
seed-0004__moon_hold,10,forge,87.39,87.4,-0.03,0,0,0
seed-0004__moon_hold,10,crystal,86.71,80.35,0.07,0,0,0
seed-0004__moon_hold,10,dream,27.53,50.92,-0.04,0,0,0
seed-0004__moon_hold,11,moon,93.74,94.67,-0.04,4.65116279,436,15.26
seed-0004__moon_hold,11,bank,70.14,70.67,-0.01,0,0,0
seed-0004__moon_hold,11,sky,74.48,76.35,-0.02,0,0,0
seed-0004__moon_hold,11,forge,83.97,86.56,-0.04,0,0,0
seed-0004__moon_hold,11,crystal,85.78,80.98,-0.01,0,0,0
seed-0004__moon_hold,11,dream,27.82,51.28,0.01,0,0,0
seed-0004__moon_hold,12,moon,93.1,94,-0.01,0,0,15.15581395
seed-0004__moon_hold,12,bank,69.79,70.28,0,0,0,0
seed-0004__moon_hold,12,sky,72.78,76.4,-0.02,0,0,0
seed-0004__moon_hold,12,forge,83.05,86.16,-0.01,0,0,0
seed-0004__moon_hold,12,crystal,85.41,81.16,0,0,0,0
seed-0004__moon_hold,12,dream,25.35,49.84,-0.09,0,0,0
seed-0004__sky_hold,0,moon,86,100,0,0,0,0
seed-0004__sky_hold,0,bank,75,72,0,0,0,0
seed-0004__sky_hold,0,sky,80,80,0,5,400,0
seed-0004__sky_hold,0,forge,88,92,0,0,0,0
seed-0004__sky_hold,0,crystal,62,68,0,0,0,0
seed-0004__sky_hold,0,dream,58,55,0,0,0,0
seed-0004__sky_hold,1,moon,89.79,99.14,0.04,0,0,0
seed-0004__sky_hold,1,bank,73.5,71.41,-0.02,0,0,0
seed-0004__sky_hold,1,sky,75.44,77.22,-0.06,5,377.2,4.5264
seed-0004__sky_hold,1,forge,87.73,92.16,0,0,0,0
seed-0004__sky_hold,1,crystal,61.4,68.41,-0.01,0,0,0
seed-0004__sky_hold,1,dream,59.7,55.42,0.03,0,0,0
seed-0004__sky_hold,2,moon,92.55,98.97,0.03,0,0,0
seed-0004__sky_hold,2,bank,72.45,71.4,-0.01,0,0,0
seed-0004__sky_hold,2,sky,72.74,76.53,-0.04,5,363.7,4.3644
seed-0004__sky_hold,2,forge,87.2,91.77,-0.01,0,0,0
seed-0004__sky_hold,2,crystal,62.2,68.76,0.01,0,0,0
seed-0004__sky_hold,2,dream,64.71,54.45,0.08,0,0,0
seed-0004__sky_hold,3,moon,95.01,98.97,0.03,0,0,0
seed-0004__sky_hold,3,bank,72.15,71.72,0,0,0,0
seed-0004__sky_hold,3,sky,71.8,77.21,-0.01,5,359,4.308
seed-0004__sky_hold,3,forge,87.18,92.87,0,0,0,0
seed-0004__sky_hold,3,crystal,62.85,68.37,0.01,0,0,0
seed-0004__sky_hold,3,dream,64.78,53.12,0,0,0,0
seed-0004__sky_hold,4,moon,96.43,98.72,0.01,0,0,0
seed-0004__sky_hold,4,bank,71.74,71.28,-0.01,0,0,0
seed-0004__sky_hold,4,sky,71.51,76.57,0,5,357.55,4.2906
seed-0004__sky_hold,4,forge,87.13,91.77,0,0,0,0
seed-0004__sky_hold,4,crystal,71.33,72.87,0.13,0,0,0
seed-0004__sky_hold,4,dream,57.26,51.91,-0.12,0,0,0
seed-0004__sky_hold,5,moon,95.89,98.16,-0.01,0,0,0
seed-0004__sky_hold,5,bank,70.76,71.28,-0.01,0,0,0
seed-0004__sky_hold,5,sky,70.98,76.65,-0.01,5,354.9,4.2588
seed-0004__sky_hold,5,forge,86.19,92.39,-0.01,0,0,0
seed-0004__sky_hold,5,crystal,71.21,73.07,0,0,0,0
seed-0004__sky_hold,5,dream,51.31,51.14,-0.1,0,0,0
seed-0004__sky_hold,6,moon,96.23,97.67,0,0,0,0
seed-0004__sky_hold,6,bank,70.39,70.68,-0.01,0,0,0
seed-0004__sky_hold,6,sky,70.34,77.02,-0.01,5,351.7,4.2204
seed-0004__sky_hold,6,forge,85.92,91.88,0,0,0,0
seed-0004__sky_hold,6,crystal,79.59,75.78,0.12,0,0,0
seed-0004__sky_hold,6,dream,42.46,50.52,-0.17,0,0,0
seed-0004__sky_hold,7,moon,96.2,98.06,0,0,0,0
seed-0004__sky_hold,7,bank,70.32,70.87,0,0,0,0
seed-0004__sky_hold,7,sky,71.1,76.76,0.01,5,355.5,21.33
seed-0004__sky_hold,7,forge,86.92,92.09,0.01,0,0,0
seed-0004__sky_hold,7,crystal,77.79,75.7,-0.02,0,0,0
seed-0004__sky_hold,7,dream,34.91,51.14,-0.18,0,0,0
seed-0004__sky_hold,8,moon,98.18,98.16,0.02,0,0,0
seed-0004__sky_hold,8,bank,71.61,70.83,0.02,0,0,0
seed-0004__sky_hold,8,sky,73.36,76.92,0.03,5,366.8,22.008
seed-0004__sky_hold,8,forge,88.95,91.29,0.02,0,0,0
seed-0004__sky_hold,8,crystal,82.99,78.04,0.07,0,0,0
seed-0004__sky_hold,8,dream,31.97,50.23,-0.08,0,0,0
seed-0004__sky_hold,9,moon,96.73,97.35,-0.01,0,0,0
seed-0004__sky_hold,9,bank,69.94,70.61,-0.02,0,0,0
seed-0004__sky_hold,9,sky,74.99,77.34,0.02,5,374.95,22.497
seed-0004__sky_hold,9,forge,90.32,91.78,0.02,0,0,0
seed-0004__sky_hold,9,crystal,81.33,79.31,-0.02,0,0,0
seed-0004__sky_hold,9,dream,28.54,51.21,-0.11,0,0,0
seed-0004__sky_hold,10,moon,97.64,97.66,0.01,0,0,0
seed-0004__sky_hold,10,bank,70.86,70.73,0.01,0,0,0
seed-0004__sky_hold,10,sky,76.28,76.74,0.02,5,381.4,22.884
seed-0004__sky_hold,10,forge,87.39,87.4,-0.03,0,0,0
seed-0004__sky_hold,10,crystal,86.71,80.35,0.07,0,0,0
seed-0004__sky_hold,10,dream,27.53,50.92,-0.04,0,0,0
seed-0004__sky_hold,11,moon,93.74,94.67,-0.04,0,0,0
seed-0004__sky_hold,11,bank,70.14,70.67,-0.01,0,0,0
seed-0004__sky_hold,11,sky,74.48,76.35,-0.02,5,372.4,4.4688
seed-0004__sky_hold,11,forge,83.97,86.56,-0.04,0,0,0
seed-0004__sky_hold,11,crystal,85.78,80.98,-0.01,0,0,0
seed-0004__sky_hold,11,dream,27.82,51.28,0.01,0,0,0
seed-0004__sky_hold,12,moon,93.1,94,-0.01,0,0,0
seed-0004__sky_hold,12,bank,69.79,70.28,0,0,0,0
seed-0004__sky_hold,12,sky,72.78,76.4,-0.02,0,0,4.3668
seed-0004__sky_hold,12,forge,83.05,86.16,-0.01,0,0,0
seed-0004__sky_hold,12,crystal,85.41,81.16,0,0,0,0
seed-0004__sky_hold,12,dream,25.35,49.84,-0.09,0,0,0
seed-0004__crystal_hold,0,moon,86,100,0,0,0,0
seed-0004__crystal_hold,0,bank,75,72,0,0,0,0
seed-0004__crystal_hold,0,sky,80,80,0,0,0,0
seed-0004__crystal_hold,0,forge,88,92,0,0,0,0
seed-0004__crystal_hold,0,crystal,62,68,0,6.4516129,399.9999998,0
seed-0004__crystal_hold,0,dream,58,55,0,0,0,0
seed-0004__crystal_hold,1,moon,89.79,99.14,0.04,0,0,0
seed-0004__crystal_hold,1,bank,73.5,71.41,-0.02,0,0,0
seed-0004__crystal_hold,1,sky,75.44,77.22,-0.06,0,0,0
seed-0004__crystal_hold,1,forge,87.73,92.16,0,0,0,0
seed-0004__crystal_hold,1,crystal,61.4,68.41,-0.01,6.4516129,396.12903206,4.45645161
seed-0004__crystal_hold,1,dream,59.7,55.42,0.03,0,0,0
seed-0004__crystal_hold,2,moon,92.55,98.97,0.03,0,0,0
seed-0004__crystal_hold,2,bank,72.45,71.4,-0.01,0,0,0
seed-0004__crystal_hold,2,sky,72.74,76.53,-0.04,0,0,0
seed-0004__crystal_hold,2,forge,87.2,91.77,-0.01,0,0,0
seed-0004__crystal_hold,2,crystal,62.2,68.76,0.01,6.4516129,401.29032238,4.51451613
seed-0004__crystal_hold,2,dream,64.71,54.45,0.08,0,0,0
seed-0004__crystal_hold,3,moon,95.01,98.97,0.03,0,0,0
seed-0004__crystal_hold,3,bank,72.15,71.72,0,0,0,0
seed-0004__crystal_hold,3,sky,71.8,77.21,-0.01,0,0,0
seed-0004__crystal_hold,3,forge,87.18,92.87,0,0,0,0
seed-0004__crystal_hold,3,crystal,62.85,68.37,0.01,6.4516129,405.48387077,4.56169355
seed-0004__crystal_hold,3,dream,64.78,53.12,0,0,0,0
seed-0004__crystal_hold,4,moon,96.43,98.72,0.01,0,0,0
seed-0004__crystal_hold,4,bank,71.74,71.28,-0.01,0,0,0
seed-0004__crystal_hold,4,sky,71.51,76.57,0,0,0,0
seed-0004__crystal_hold,4,forge,87.13,91.77,0,0,0,0
seed-0004__crystal_hold,4,crystal,71.33,72.87,0.13,6.4516129,460.19354816,34.51451611
seed-0004__crystal_hold,4,dream,57.26,51.91,-0.12,0,0,0
seed-0004__crystal_hold,5,moon,95.89,98.16,-0.01,0,0,0
seed-0004__crystal_hold,5,bank,70.76,71.28,-0.01,0,0,0
seed-0004__crystal_hold,5,sky,70.98,76.65,-0.01,0,0,0
seed-0004__crystal_hold,5,forge,86.19,92.39,-0.01,0,0,0
seed-0004__crystal_hold,5,crystal,71.21,73.07,0,6.4516129,459.41935461,5.16846774
seed-0004__crystal_hold,5,dream,51.31,51.14,-0.1,0,0,0
seed-0004__crystal_hold,6,moon,96.23,97.67,0,0,0,0
seed-0004__crystal_hold,6,bank,70.39,70.68,-0.01,0,0,0
seed-0004__crystal_hold,6,sky,70.34,77.02,-0.01,0,0,0
seed-0004__crystal_hold,6,forge,85.92,91.88,0,0,0,0
seed-0004__crystal_hold,6,crystal,79.59,75.78,0.12,6.4516129,513.48387071,38.5112903
seed-0004__crystal_hold,6,dream,42.46,50.52,-0.17,0,0,0
seed-0004__crystal_hold,7,moon,96.2,98.06,0,0,0,0
seed-0004__crystal_hold,7,bank,70.32,70.87,0,0,0,0
seed-0004__crystal_hold,7,sky,71.1,76.76,0.01,0,0,0
seed-0004__crystal_hold,7,forge,86.92,92.09,0.01,0,0,0
seed-0004__crystal_hold,7,crystal,77.79,75.7,-0.02,6.4516129,501.87096749,5.64604838
seed-0004__crystal_hold,7,dream,34.91,51.14,-0.18,0,0,0
seed-0004__crystal_hold,8,moon,98.18,98.16,0.02,0,0,0
seed-0004__crystal_hold,8,bank,71.61,70.83,0.02,0,0,0
seed-0004__crystal_hold,8,sky,73.36,76.92,0.03,0,0,0
seed-0004__crystal_hold,8,forge,88.95,91.29,0.02,0,0,0
seed-0004__crystal_hold,8,crystal,82.99,78.04,0.07,6.4516129,535.41935457,40.15645159
seed-0004__crystal_hold,8,dream,31.97,50.23,-0.08,0,0,0
seed-0004__crystal_hold,9,moon,96.73,97.35,-0.01,0,0,0
seed-0004__crystal_hold,9,bank,69.94,70.61,-0.02,0,0,0
seed-0004__crystal_hold,9,sky,74.99,77.34,0.02,0,0,0
seed-0004__crystal_hold,9,forge,90.32,91.78,0.02,0,0,0
seed-0004__crystal_hold,9,crystal,81.33,79.31,-0.02,6.4516129,524.70967716,5.90298387
seed-0004__crystal_hold,9,dream,28.54,51.21,-0.11,0,0,0
seed-0004__crystal_hold,10,moon,97.64,97.66,0.01,0,0,0
seed-0004__crystal_hold,10,bank,70.86,70.73,0.01,0,0,0
seed-0004__crystal_hold,10,sky,76.28,76.74,0.02,0,0,0
seed-0004__crystal_hold,10,forge,87.39,87.4,-0.03,0,0,0
seed-0004__crystal_hold,10,crystal,86.71,80.35,0.07,6.4516129,559.41935456,41.95645159
seed-0004__crystal_hold,10,dream,27.53,50.92,-0.04,0,0,0
seed-0004__crystal_hold,11,moon,93.74,94.67,-0.04,0,0,0
seed-0004__crystal_hold,11,bank,70.14,70.67,-0.01,0,0,0
seed-0004__crystal_hold,11,sky,74.48,76.35,-0.02,0,0,0
seed-0004__crystal_hold,11,forge,83.97,86.56,-0.04,0,0,0
seed-0004__crystal_hold,11,crystal,85.78,80.98,-0.01,6.4516129,553.41935456,6.22596774
seed-0004__crystal_hold,11,dream,27.82,51.28,0.01,0,0,0
seed-0004__crystal_hold,12,moon,93.1,94,-0.01,0,0,0
seed-0004__crystal_hold,12,bank,69.79,70.28,0,0,0,0
seed-0004__crystal_hold,12,sky,72.78,76.4,-0.02,0,0,0
seed-0004__crystal_hold,12,forge,83.05,86.16,-0.01,0,0,0
seed-0004__crystal_hold,12,crystal,85.41,81.16,0,0,0,6.1991129
seed-0004__crystal_hold,12,dream,25.35,49.84,-0.09,0,0,0
seed-0005__cash_control,0,moon,86,100,0,0,0,0
seed-0005__cash_control,0,bank,75,72,0,0,0,0
seed-0005__cash_control,0,sky,80,80,0,0,0,0
seed-0005__cash_control,0,forge,88,92,0,0,0,0
seed-0005__cash_control,0,crystal,62,68,0,0,0,0
seed-0005__cash_control,0,dream,58,55,0,0,0,0
seed-0005__cash_control,1,moon,90.88,100.04,0.06,0,0,0
seed-0005__cash_control,1,bank,74.1,72.08,-0.01,0,0,0
seed-0005__cash_control,1,sky,82.1,79.44,0.03,0,0,0
seed-0005__cash_control,1,forge,88.7,92.27,0.01,0,0,0
seed-0005__cash_control,1,crystal,71.92,70.77,0.16,0,0,0
seed-0005__cash_control,1,dream,61.24,55.64,0.06,0,0,0
seed-0005__cash_control,2,moon,94.46,100.58,0.04,0,0,0
seed-0005__cash_control,2,bank,71.31,70.89,-0.04,0,0,0
seed-0005__cash_control,2,sky,81.48,80.29,-0.01,0,0,0
seed-0005__cash_control,2,forge,89.88,91.62,0.01,0,0,0
seed-0005__cash_control,2,crystal,70.81,71.88,-0.02,0,0,0
seed-0005__cash_control,2,dream,60.5,56.05,-0.01,0,0,0
seed-0005__cash_control,3,moon,98.29,100.3,0.04,0,0,0
seed-0005__cash_control,3,bank,71.84,70.64,0.01,0,0,0
seed-0005__cash_control,3,sky,82.85,79.82,0.02,0,0,0
seed-0005__cash_control,3,forge,92.2,91.19,0.03,0,0,0
seed-0005__cash_control,3,crystal,69.18,72.28,-0.02,0,0,0
seed-0005__cash_control,3,dream,60.75,56.65,0,0,0,0
seed-0005__cash_control,4,moon,100.27,100.46,0.02,0,0,0
seed-0005__cash_control,4,bank,72.19,71.17,0,0,0,0
seed-0005__cash_control,4,sky,86.39,83.29,0.04,0,0,0
seed-0005__cash_control,4,forge,93.32,91.09,0.01,0,0,0
seed-0005__cash_control,4,crystal,72.85,71.83,0.05,0,0,0
seed-0005__cash_control,4,dream,61.32,55.7,0.01,0,0,0
seed-0005__cash_control,5,moon,99.72,100.68,-0.01,0,0,0
seed-0005__cash_control,5,bank,71.54,71.37,-0.01,0,0,0
seed-0005__cash_control,5,sky,86.59,82.58,0,0,0,0
seed-0005__cash_control,5,forge,92.7,90.08,-0.01,0,0,0
seed-0005__cash_control,5,crystal,73.09,71.27,0,0,0,0
seed-0005__cash_control,5,dream,58.2,56.57,-0.05,0,0,0
seed-0005__cash_control,6,moon,100.34,100.93,0.01,0,0,0
seed-0005__cash_control,6,bank,71.53,71.78,0,0,0,0
seed-0005__cash_control,6,sky,88.27,83.79,0.02,0,0,0
seed-0005__cash_control,6,forge,92.6,90.98,0,0,0,0
seed-0005__cash_control,6,crystal,70.44,72.01,-0.04,0,0,0
seed-0005__cash_control,6,dream,55.82,56.33,-0.04,0,0,0
seed-0005__cash_control,7,moon,100.8,100.59,0,0,0,0
seed-0005__cash_control,7,bank,71.97,71.38,0.01,0,0,0
seed-0005__cash_control,7,sky,88.39,83.62,0,0,0,0
seed-0005__cash_control,7,forge,92.96,91.08,0,0,0,0
seed-0005__cash_control,7,crystal,81.71,76.35,0.16,0,0,0
seed-0005__cash_control,7,dream,57.87,55.64,0.04,0,0,0
seed-0005__cash_control,8,moon,101.36,100.21,0.01,0,0,0
seed-0005__cash_control,8,bank,73.08,72.64,0.02,0,0,0
seed-0005__cash_control,8,sky,89.49,83.4,0.01,0,0,0
seed-0005__cash_control,8,forge,93.99,90.1,0.01,0,0,0
seed-0005__cash_control,8,crystal,81.33,74.9,0,0,0,0
seed-0005__cash_control,8,dream,60.24,55.49,0.04,0,0,0
seed-0005__cash_control,9,moon,101.37,99.83,0,0,0,0
seed-0005__cash_control,9,bank,73.01,72.47,0,0,0,0
seed-0005__cash_control,9,sky,91.9,82.65,0.03,0,0,0
seed-0005__cash_control,9,forge,94.8,90.05,0.01,0,0,0
seed-0005__cash_control,9,crystal,84.38,73.93,0.04,0,0,0
seed-0005__cash_control,9,dream,64.52,54.15,0.07,0,0,0
seed-0005__cash_control,10,moon,102.94,100.13,0.02,0,0,0
seed-0005__cash_control,10,bank,73.67,72.12,0.01,0,0,0
seed-0005__cash_control,10,sky,88.31,79.33,-0.04,0,0,0
seed-0005__cash_control,10,forge,94.91,91.04,0,0,0,0
seed-0005__cash_control,10,crystal,85.78,73.04,0.02,0,0,0
seed-0005__cash_control,10,dream,71.27,54.87,0.1,0,0,0
seed-0005__cash_control,11,moon,102.45,100.59,0,0,0,0
seed-0005__cash_control,11,bank,73.4,72.52,0,0,0,0
seed-0005__cash_control,11,sky,84.21,79.41,-0.05,0,0,0
seed-0005__cash_control,11,forge,91.13,88.47,-0.04,0,0,0
seed-0005__cash_control,11,crystal,85.3,74.77,-0.01,0,0,0
seed-0005__cash_control,11,dream,74.43,53.95,0.04,0,0,0
seed-0005__cash_control,12,moon,101.74,101.13,-0.01,0,0,0
seed-0005__cash_control,12,bank,73.56,72.42,0,0,0,0
seed-0005__cash_control,12,sky,79.85,80.07,-0.05,0,0,0
seed-0005__cash_control,12,forge,88.71,89.04,-0.03,0,0,0
seed-0005__cash_control,12,crystal,71.65,71.26,-0.16,0,0,0
seed-0005__cash_control,12,dream,78.52,54.91,0.05,0,0,0
seed-0005__moon_hold,0,moon,86,100,0,4.65116279,400,0
seed-0005__moon_hold,0,bank,75,72,0,0,0,0
seed-0005__moon_hold,0,sky,80,80,0,0,0,0
seed-0005__moon_hold,0,forge,88,92,0,0,0,0
seed-0005__moon_hold,0,crystal,62,68,0,0,0,0
seed-0005__moon_hold,0,dream,58,55,0,0,0,0
seed-0005__moon_hold,1,moon,90.88,100.04,0.06,4.65116279,422.69767436,14.7944186
seed-0005__moon_hold,1,bank,74.1,72.08,-0.01,0,0,0
seed-0005__moon_hold,1,sky,82.1,79.44,0.03,0,0,0
seed-0005__moon_hold,1,forge,88.7,92.27,0.01,0,0,0
seed-0005__moon_hold,1,crystal,71.92,70.77,0.16,0,0,0
seed-0005__moon_hold,1,dream,61.24,55.64,0.06,0,0,0
seed-0005__moon_hold,2,moon,94.46,100.58,0.04,4.65116279,439.34883714,15.3772093
seed-0005__moon_hold,2,bank,71.31,70.89,-0.04,0,0,0
seed-0005__moon_hold,2,sky,81.48,80.29,-0.01,0,0,0
seed-0005__moon_hold,2,forge,89.88,91.62,0.01,0,0,0
seed-0005__moon_hold,2,crystal,70.81,71.88,-0.02,0,0,0
seed-0005__moon_hold,2,dream,60.5,56.05,-0.01,0,0,0
seed-0005__moon_hold,3,moon,98.29,100.3,0.04,4.65116279,457.16279063,16.00069767
seed-0005__moon_hold,3,bank,71.84,70.64,0.01,0,0,0
seed-0005__moon_hold,3,sky,82.85,79.82,0.02,0,0,0
seed-0005__moon_hold,3,forge,92.2,91.19,0.03,0,0,0
seed-0005__moon_hold,3,crystal,69.18,72.28,-0.02,0,0,0
seed-0005__moon_hold,3,dream,60.75,56.65,0,0,0,0
seed-0005__moon_hold,4,moon,100.27,100.46,0.02,4.65116279,466.37209295,16.32302325
seed-0005__moon_hold,4,bank,72.19,71.17,0,0,0,0
seed-0005__moon_hold,4,sky,86.39,83.29,0.04,0,0,0
seed-0005__moon_hold,4,forge,93.32,91.09,0.01,0,0,0
seed-0005__moon_hold,4,crystal,72.85,71.83,0.05,0,0,0
seed-0005__moon_hold,4,dream,61.32,55.7,0.01,0,0,0
seed-0005__moon_hold,5,moon,99.72,100.68,-0.01,4.65116279,463.81395342,16.23348837
seed-0005__moon_hold,5,bank,71.54,71.37,-0.01,0,0,0
seed-0005__moon_hold,5,sky,86.59,82.58,0,0,0,0
seed-0005__moon_hold,5,forge,92.7,90.08,-0.01,0,0,0
seed-0005__moon_hold,5,crystal,73.09,71.27,0,0,0,0
seed-0005__moon_hold,5,dream,58.2,56.57,-0.05,0,0,0
seed-0005__moon_hold,6,moon,100.34,100.93,0.01,4.65116279,466.69767435,16.3344186
seed-0005__moon_hold,6,bank,71.53,71.78,0,0,0,0
seed-0005__moon_hold,6,sky,88.27,83.79,0.02,0,0,0
seed-0005__moon_hold,6,forge,92.6,90.98,0,0,0,0
seed-0005__moon_hold,6,crystal,70.44,72.01,-0.04,0,0,0
seed-0005__moon_hold,6,dream,55.82,56.33,-0.04,0,0,0
seed-0005__moon_hold,7,moon,100.8,100.59,0,4.65116279,468.83720923,16.40930232
seed-0005__moon_hold,7,bank,71.97,71.38,0.01,0,0,0
seed-0005__moon_hold,7,sky,88.39,83.62,0,0,0,0
seed-0005__moon_hold,7,forge,92.96,91.08,0,0,0,0
seed-0005__moon_hold,7,crystal,81.71,76.35,0.16,0,0,0
seed-0005__moon_hold,7,dream,57.87,55.64,0.04,0,0,0
seed-0005__moon_hold,8,moon,101.36,100.21,0.01,4.65116279,471.44186039,16.50046511
seed-0005__moon_hold,8,bank,73.08,72.64,0.02,0,0,0
seed-0005__moon_hold,8,sky,89.49,83.4,0.01,0,0,0
seed-0005__moon_hold,8,forge,93.99,90.1,0.01,0,0,0
seed-0005__moon_hold,8,crystal,81.33,74.9,0,0,0,0
seed-0005__moon_hold,8,dream,60.24,55.49,0.04,0,0,0
seed-0005__moon_hold,9,moon,101.37,99.83,0,4.65116279,471.48837202,16.50209302
seed-0005__moon_hold,9,bank,73.01,72.47,0,0,0,0
seed-0005__moon_hold,9,sky,91.9,82.65,0.03,0,0,0
seed-0005__moon_hold,9,forge,94.8,90.05,0.01,0,0,0
seed-0005__moon_hold,9,crystal,84.38,73.93,0.04,0,0,0
seed-0005__moon_hold,9,dream,64.52,54.15,0.07,0,0,0
seed-0005__moon_hold,10,moon,102.94,100.13,0.02,4.65116279,478.7906976,16.75767442
seed-0005__moon_hold,10,bank,73.67,72.12,0.01,0,0,0
seed-0005__moon_hold,10,sky,88.31,79.33,-0.04,0,0,0
seed-0005__moon_hold,10,forge,94.91,91.04,0,0,0,0
seed-0005__moon_hold,10,crystal,85.78,73.04,0.02,0,0,0
seed-0005__moon_hold,10,dream,71.27,54.87,0.1,0,0,0
seed-0005__moon_hold,11,moon,102.45,100.59,0,4.65116279,476.51162784,16.67790697
seed-0005__moon_hold,11,bank,73.4,72.52,0,0,0,0
seed-0005__moon_hold,11,sky,84.21,79.41,-0.05,0,0,0
seed-0005__moon_hold,11,forge,91.13,88.47,-0.04,0,0,0
seed-0005__moon_hold,11,crystal,85.3,74.77,-0.01,0,0,0
seed-0005__moon_hold,11,dream,74.43,53.95,0.04,0,0,0
seed-0005__moon_hold,12,moon,101.74,101.13,-0.01,0,0,16.56232558
seed-0005__moon_hold,12,bank,73.56,72.42,0,0,0,0
seed-0005__moon_hold,12,sky,79.85,80.07,-0.05,0,0,0
seed-0005__moon_hold,12,forge,88.71,89.04,-0.03,0,0,0
seed-0005__moon_hold,12,crystal,71.65,71.26,-0.16,0,0,0
seed-0005__moon_hold,12,dream,78.52,54.91,0.05,0,0,0
seed-0005__sky_hold,0,moon,86,100,0,0,0,0
seed-0005__sky_hold,0,bank,75,72,0,0,0,0
seed-0005__sky_hold,0,sky,80,80,0,5,400,0
seed-0005__sky_hold,0,forge,88,92,0,0,0,0
seed-0005__sky_hold,0,crystal,62,68,0,0,0,0
seed-0005__sky_hold,0,dream,58,55,0,0,0,0
seed-0005__sky_hold,1,moon,90.88,100.04,0.06,0,0,0
seed-0005__sky_hold,1,bank,74.1,72.08,-0.01,0,0,0
seed-0005__sky_hold,1,sky,82.1,79.44,0.03,5,410.5,24.63
seed-0005__sky_hold,1,forge,88.7,92.27,0.01,0,0,0
seed-0005__sky_hold,1,crystal,71.92,70.77,0.16,0,0,0
seed-0005__sky_hold,1,dream,61.24,55.64,0.06,0,0,0
seed-0005__sky_hold,2,moon,94.46,100.58,0.04,0,0,0
seed-0005__sky_hold,2,bank,71.31,70.89,-0.04,0,0,0
seed-0005__sky_hold,2,sky,81.48,80.29,-0.01,5,407.4,4.8888
seed-0005__sky_hold,2,forge,89.88,91.62,0.01,0,0,0
seed-0005__sky_hold,2,crystal,70.81,71.88,-0.02,0,0,0
seed-0005__sky_hold,2,dream,60.5,56.05,-0.01,0,0,0
seed-0005__sky_hold,3,moon,98.29,100.3,0.04,0,0,0
seed-0005__sky_hold,3,bank,71.84,70.64,0.01,0,0,0
seed-0005__sky_hold,3,sky,82.85,79.82,0.02,5,414.25,24.855
seed-0005__sky_hold,3,forge,92.2,91.19,0.03,0,0,0
seed-0005__sky_hold,3,crystal,69.18,72.28,-0.02,0,0,0
seed-0005__sky_hold,3,dream,60.75,56.65,0,0,0,0
seed-0005__sky_hold,4,moon,100.27,100.46,0.02,0,0,0
seed-0005__sky_hold,4,bank,72.19,71.17,0,0,0,0
seed-0005__sky_hold,4,sky,86.39,83.29,0.04,5,431.95,25.917
seed-0005__sky_hold,4,forge,93.32,91.09,0.01,0,0,0
seed-0005__sky_hold,4,crystal,72.85,71.83,0.05,0,0,0
seed-0005__sky_hold,4,dream,61.32,55.7,0.01,0,0,0
seed-0005__sky_hold,5,moon,99.72,100.68,-0.01,0,0,0
seed-0005__sky_hold,5,bank,71.54,71.37,-0.01,0,0,0
seed-0005__sky_hold,5,sky,86.59,82.58,0,5,432.95,5.1954
seed-0005__sky_hold,5,forge,92.7,90.08,-0.01,0,0,0
seed-0005__sky_hold,5,crystal,73.09,71.27,0,0,0,0
seed-0005__sky_hold,5,dream,58.2,56.57,-0.05,0,0,0
seed-0005__sky_hold,6,moon,100.34,100.93,0.01,0,0,0
seed-0005__sky_hold,6,bank,71.53,71.78,0,0,0,0
seed-0005__sky_hold,6,sky,88.27,83.79,0.02,5,441.35,26.481
seed-0005__sky_hold,6,forge,92.6,90.98,0,0,0,0
seed-0005__sky_hold,6,crystal,70.44,72.01,-0.04,0,0,0
seed-0005__sky_hold,6,dream,55.82,56.33,-0.04,0,0,0
seed-0005__sky_hold,7,moon,100.8,100.59,0,0,0,0
seed-0005__sky_hold,7,bank,71.97,71.38,0.01,0,0,0
seed-0005__sky_hold,7,sky,88.39,83.62,0,5,441.95,5.3034
seed-0005__sky_hold,7,forge,92.96,91.08,0,0,0,0
seed-0005__sky_hold,7,crystal,81.71,76.35,0.16,0,0,0
seed-0005__sky_hold,7,dream,57.87,55.64,0.04,0,0,0
seed-0005__sky_hold,8,moon,101.36,100.21,0.01,0,0,0
seed-0005__sky_hold,8,bank,73.08,72.64,0.02,0,0,0
seed-0005__sky_hold,8,sky,89.49,83.4,0.01,5,447.45,26.847
seed-0005__sky_hold,8,forge,93.99,90.1,0.01,0,0,0
seed-0005__sky_hold,8,crystal,81.33,74.9,0,0,0,0
seed-0005__sky_hold,8,dream,60.24,55.49,0.04,0,0,0
seed-0005__sky_hold,9,moon,101.37,99.83,0,0,0,0
seed-0005__sky_hold,9,bank,73.01,72.47,0,0,0,0
seed-0005__sky_hold,9,sky,91.9,82.65,0.03,5,459.5,27.57
seed-0005__sky_hold,9,forge,94.8,90.05,0.01,0,0,0
seed-0005__sky_hold,9,crystal,84.38,73.93,0.04,0,0,0
seed-0005__sky_hold,9,dream,64.52,54.15,0.07,0,0,0
seed-0005__sky_hold,10,moon,102.94,100.13,0.02,0,0,0
seed-0005__sky_hold,10,bank,73.67,72.12,0.01,0,0,0
seed-0005__sky_hold,10,sky,88.31,79.33,-0.04,5,441.55,5.2986
seed-0005__sky_hold,10,forge,94.91,91.04,0,0,0,0
seed-0005__sky_hold,10,crystal,85.78,73.04,0.02,0,0,0
seed-0005__sky_hold,10,dream,71.27,54.87,0.1,0,0,0
seed-0005__sky_hold,11,moon,102.45,100.59,0,0,0,0
seed-0005__sky_hold,11,bank,73.4,72.52,0,0,0,0
seed-0005__sky_hold,11,sky,84.21,79.41,-0.05,5,421.05,5.0526
seed-0005__sky_hold,11,forge,91.13,88.47,-0.04,0,0,0
seed-0005__sky_hold,11,crystal,85.3,74.77,-0.01,0,0,0
seed-0005__sky_hold,11,dream,74.43,53.95,0.04,0,0,0
seed-0005__sky_hold,12,moon,101.74,101.13,-0.01,0,0,0
seed-0005__sky_hold,12,bank,73.56,72.42,0,0,0,0
seed-0005__sky_hold,12,sky,79.85,80.07,-0.05,0,0,4.791
seed-0005__sky_hold,12,forge,88.71,89.04,-0.03,0,0,0
seed-0005__sky_hold,12,crystal,71.65,71.26,-0.16,0,0,0
seed-0005__sky_hold,12,dream,78.52,54.91,0.05,0,0,0
seed-0005__crystal_hold,0,moon,86,100,0,0,0,0
seed-0005__crystal_hold,0,bank,75,72,0,0,0,0
seed-0005__crystal_hold,0,sky,80,80,0,0,0,0
seed-0005__crystal_hold,0,forge,88,92,0,0,0,0
seed-0005__crystal_hold,0,crystal,62,68,0,6.4516129,399.9999998,0
seed-0005__crystal_hold,0,dream,58,55,0,0,0,0
seed-0005__crystal_hold,1,moon,90.88,100.04,0.06,0,0,0
seed-0005__crystal_hold,1,bank,74.1,72.08,-0.01,0,0,0
seed-0005__crystal_hold,1,sky,82.1,79.44,0.03,0,0,0
seed-0005__crystal_hold,1,forge,88.7,92.27,0.01,0,0,0
seed-0005__crystal_hold,1,crystal,71.92,70.77,0.16,6.4516129,463.99999977,34.79999998
seed-0005__crystal_hold,1,dream,61.24,55.64,0.06,0,0,0
seed-0005__crystal_hold,2,moon,94.46,100.58,0.04,0,0,0
seed-0005__crystal_hold,2,bank,71.31,70.89,-0.04,0,0,0
seed-0005__crystal_hold,2,sky,81.48,80.29,-0.01,0,0,0
seed-0005__crystal_hold,2,forge,89.88,91.62,0.01,0,0,0
seed-0005__crystal_hold,2,crystal,70.81,71.88,-0.02,6.4516129,456.83870945,5.13943548
seed-0005__crystal_hold,2,dream,60.5,56.05,-0.01,0,0,0
seed-0005__crystal_hold,3,moon,98.29,100.3,0.04,0,0,0
seed-0005__crystal_hold,3,bank,71.84,70.64,0.01,0,0,0
seed-0005__crystal_hold,3,sky,82.85,79.82,0.02,0,0,0
seed-0005__crystal_hold,3,forge,92.2,91.19,0.03,0,0,0
seed-0005__crystal_hold,3,crystal,69.18,72.28,-0.02,6.4516129,446.32258042,5.02112903
seed-0005__crystal_hold,3,dream,60.75,56.65,0,0,0,0
seed-0005__crystal_hold,4,moon,100.27,100.46,0.02,0,0,0
seed-0005__crystal_hold,4,bank,72.19,71.17,0,0,0,0
seed-0005__crystal_hold,4,sky,86.39,83.29,0.04,0,0,0
seed-0005__crystal_hold,4,forge,93.32,91.09,0.01,0,0,0
seed-0005__crystal_hold,4,crystal,72.85,71.83,0.05,6.4516129,469.99999976,35.24999998
seed-0005__crystal_hold,4,dream,61.32,55.7,0.01,0,0,0
seed-0005__crystal_hold,5,moon,99.72,100.68,-0.01,0,0,0
seed-0005__crystal_hold,5,bank,71.54,71.37,-0.01,0,0,0
seed-0005__crystal_hold,5,sky,86.59,82.58,0,0,0,0
seed-0005__crystal_hold,5,forge,92.7,90.08,-0.01,0,0,0
seed-0005__crystal_hold,5,crystal,73.09,71.27,0,6.4516129,471.54838686,5.30491935
seed-0005__crystal_hold,5,dream,58.2,56.57,-0.05,0,0,0
seed-0005__crystal_hold,6,moon,100.34,100.93,0.01,0,0,0
seed-0005__crystal_hold,6,bank,71.53,71.78,0,0,0,0
seed-0005__crystal_hold,6,sky,88.27,83.79,0.02,0,0,0
seed-0005__crystal_hold,6,forge,92.6,90.98,0,0,0,0
seed-0005__crystal_hold,6,crystal,70.44,72.01,-0.04,6.4516129,454.45161268,34.08387095
seed-0005__crystal_hold,6,dream,55.82,56.33,-0.04,0,0,0
seed-0005__crystal_hold,7,moon,100.8,100.59,0,0,0,0
seed-0005__crystal_hold,7,bank,71.97,71.38,0.01,0,0,0
seed-0005__crystal_hold,7,sky,88.39,83.62,0,0,0,0
seed-0005__crystal_hold,7,forge,92.96,91.08,0,0,0,0
seed-0005__crystal_hold,7,crystal,81.71,76.35,0.16,6.4516129,527.16129006,39.53709675
seed-0005__crystal_hold,7,dream,57.87,55.64,0.04,0,0,0
seed-0005__crystal_hold,8,moon,101.36,100.21,0.01,0,0,0
seed-0005__crystal_hold,8,bank,73.08,72.64,0.02,0,0,0
seed-0005__crystal_hold,8,sky,89.49,83.4,0.01,0,0,0
seed-0005__crystal_hold,8,forge,93.99,90.1,0.01,0,0,0
seed-0005__crystal_hold,8,crystal,81.33,74.9,0,6.4516129,524.70967716,5.90298387
seed-0005__crystal_hold,8,dream,60.24,55.49,0.04,0,0,0
seed-0005__crystal_hold,9,moon,101.37,99.83,0,0,0,0
seed-0005__crystal_hold,9,bank,73.01,72.47,0,0,0,0
seed-0005__crystal_hold,9,sky,91.9,82.65,0.03,0,0,0
seed-0005__crystal_hold,9,forge,94.8,90.05,0.01,0,0,0
seed-0005__crystal_hold,9,crystal,84.38,73.93,0.04,6.4516129,544.3870965,40.82903224
seed-0005__crystal_hold,9,dream,64.52,54.15,0.07,0,0,0
seed-0005__crystal_hold,10,moon,102.94,100.13,0.02,0,0,0
seed-0005__crystal_hold,10,bank,73.67,72.12,0.01,0,0,0
seed-0005__crystal_hold,10,sky,88.31,79.33,-0.04,0,0,0
seed-0005__crystal_hold,10,forge,94.91,91.04,0,0,0,0
seed-0005__crystal_hold,10,crystal,85.78,73.04,0.02,6.4516129,553.41935456,6.22596774
seed-0005__crystal_hold,10,dream,71.27,54.87,0.1,0,0,0
seed-0005__crystal_hold,11,moon,102.45,100.59,0,0,0,0
seed-0005__crystal_hold,11,bank,73.4,72.52,0,0,0,0
seed-0005__crystal_hold,11,sky,84.21,79.41,-0.05,0,0,0
seed-0005__crystal_hold,11,forge,91.13,88.47,-0.04,0,0,0
seed-0005__crystal_hold,11,crystal,85.3,74.77,-0.01,6.4516129,550.32258037,6.19112903
seed-0005__crystal_hold,11,dream,74.43,53.95,0.04,0,0,0
seed-0005__crystal_hold,12,moon,101.74,101.13,-0.01,0,0,0
seed-0005__crystal_hold,12,bank,73.56,72.42,0,0,0,0
seed-0005__crystal_hold,12,sky,79.85,80.07,-0.05,0,0,0
seed-0005__crystal_hold,12,forge,88.71,89.04,-0.03,0,0,0
seed-0005__crystal_hold,12,crystal,71.65,71.26,-0.16,0,0,34.66935482
seed-0005__crystal_hold,12,dream,78.52,54.91,0.05,0,0,0
seed-0006__cash_control,0,moon,86,100,0,0,0,0
seed-0006__cash_control,0,bank,75,72,0,0,0,0
seed-0006__cash_control,0,sky,80,80,0,0,0,0
seed-0006__cash_control,0,forge,88,92,0,0,0,0
seed-0006__cash_control,0,crystal,62,68,0,0,0,0
seed-0006__cash_control,0,dream,58,55,0,0,0,0
seed-0006__cash_control,1,moon,91.16,99.57,0.06,0,0,0
seed-0006__cash_control,1,bank,74.91,71.57,0,0,0,0
seed-0006__cash_control,1,sky,82.16,79.41,0.03,0,0,0
seed-0006__cash_control,1,forge,88.5,90.82,0.01,0,0,0
seed-0006__cash_control,1,crystal,65.41,68.73,0.06,0,0,0
seed-0006__cash_control,1,dream,57.37,54.69,-0.01,0,0,0
seed-0006__cash_control,2,moon,94.65,100.1,0.04,0,0,0
seed-0006__cash_control,2,bank,71.33,70.47,-0.05,0,0,0
seed-0006__cash_control,2,sky,81.13,79.5,-0.01,0,0,0
seed-0006__cash_control,2,forge,88.98,90.17,0.01,0,0,0
seed-0006__cash_control,2,crystal,66.94,68.96,0.02,0,0,0
seed-0006__cash_control,2,dream,59.7,54.88,0.04,0,0,0
seed-0006__cash_control,3,moon,95.97,99.55,0.01,0,0,0
seed-0006__cash_control,3,bank,70.26,70.07,-0.02,0,0,0
seed-0006__cash_control,3,sky,77.26,78.84,-0.05,0,0,0
seed-0006__cash_control,3,forge,86.28,88.9,-0.03,0,0,0
seed-0006__cash_control,3,crystal,71.81,73.35,0.07,0,0,0
seed-0006__cash_control,3,dream,58.31,54.63,-0.02,0,0,0
seed-0006__cash_control,4,moon,96.51,99.18,0.01,0,0,0
seed-0006__cash_control,4,bank,69.73,70.23,-0.01,0,0,0
seed-0006__cash_control,4,sky,74.76,79,-0.03,0,0,0
seed-0006__cash_control,4,forge,84.67,88.13,-0.02,0,0,0
seed-0006__cash_control,4,crystal,69.04,72.08,-0.04,0,0,0
seed-0006__cash_control,4,dream,58.7,54.09,0.01,0,0,0
seed-0006__cash_control,5,moon,96.71,98.81,0,0,0,0
seed-0006__cash_control,5,bank,69.21,69.71,-0.01,0,0,0
seed-0006__cash_control,5,sky,71.41,78.53,-0.04,0,0,0
seed-0006__cash_control,5,forge,81.53,88.28,-0.04,0,0,0
seed-0006__cash_control,5,crystal,76.84,74.07,0.11,0,0,0
seed-0006__cash_control,5,dream,59.98,54.74,0.02,0,0,0
seed-0006__cash_control,6,moon,96.27,99.01,0,0,0,0
seed-0006__cash_control,6,bank,68.75,69.42,-0.01,0,0,0
seed-0006__cash_control,6,sky,70.36,78.69,-0.01,0,0,0
seed-0006__cash_control,6,forge,82.44,89.29,0.01,0,0,0
seed-0006__cash_control,6,crystal,76.81,74.36,0,0,0,0
seed-0006__cash_control,6,dream,67.63,55.46,0.13,0,0,0
seed-0006__cash_control,7,moon,96.45,98.6,0,0,0,0
seed-0006__cash_control,7,bank,68.62,69.73,0,0,0,0
seed-0006__cash_control,7,sky,70.87,78.41,0.01,0,0,0
seed-0006__cash_control,7,forge,82.75,88.89,0,0,0,0
seed-0006__cash_control,7,crystal,74.95,73.69,-0.02,0,0,0
seed-0006__cash_control,7,dream,77.56,55.71,0.15,0,0,0
seed-0006__cash_control,8,moon,95.43,98.23,-0.01,0,0,0
seed-0006__cash_control,8,bank,67.99,69.4,-0.01,0,0,0
seed-0006__cash_control,8,sky,69.69,77.28,-0.02,0,0,0
seed-0006__cash_control,8,forge,81.72,89.13,-0.01,0,0,0
seed-0006__cash_control,8,crystal,71.99,74.84,-0.04,0,0,0
seed-0006__cash_control,8,dream,81.19,55.08,0.05,0,0,0
seed-0006__cash_control,9,moon,95.91,97.98,0.01,0,0,0
seed-0006__cash_control,9,bank,68.14,69.44,0,0,0,0
seed-0006__cash_control,9,sky,70.98,77.96,0.02,0,0,0
seed-0006__cash_control,9,forge,82.73,88.29,0.01,0,0,0
seed-0006__cash_control,9,crystal,74.45,74.4,0.03,0,0,0
seed-0006__cash_control,9,dream,69.15,54.03,-0.15,0,0,0
seed-0006__cash_control,10,moon,96.18,98,0,0,0,0
seed-0006__cash_control,10,bank,68.25,69.04,0,0,0,0
seed-0006__cash_control,10,sky,70.8,77.73,0,0,0,0
seed-0006__cash_control,10,forge,77.88,84.48,-0.06,0,0,0
seed-0006__cash_control,10,crystal,75.27,73.15,0.01,0,0,0
seed-0006__cash_control,10,dream,59.44,53.06,-0.14,0,0,0
seed-0006__cash_control,11,moon,98.56,98.17,0.02,0,0,0
seed-0006__cash_control,11,bank,69.84,69.21,0.02,0,0,0
seed-0006__cash_control,11,sky,73.12,78.26,0.03,0,0,0
seed-0006__cash_control,11,forge,77.84,84.38,0,0,0,0
seed-0006__cash_control,11,crystal,82.19,76.77,0.09,0,0,0
seed-0006__cash_control,11,dream,49.86,53.41,-0.16,0,0,0
seed-0006__cash_control,12,moon,98.14,97.9,0,0,0,0
seed-0006__cash_control,12,bank,69.54,69.04,0,0,0,0
seed-0006__cash_control,12,sky,73.73,78.58,0.01,0,0,0
seed-0006__cash_control,12,forge,76.26,83.83,-0.02,0,0,0
seed-0006__cash_control,12,crystal,79.88,76.19,-0.03,0,0,0
seed-0006__cash_control,12,dream,41.31,52.92,-0.17,0,0,0
seed-0006__moon_hold,0,moon,86,100,0,4.65116279,400,0
seed-0006__moon_hold,0,bank,75,72,0,0,0,0
seed-0006__moon_hold,0,sky,80,80,0,0,0,0
seed-0006__moon_hold,0,forge,88,92,0,0,0,0
seed-0006__moon_hold,0,crystal,62,68,0,0,0,0
seed-0006__moon_hold,0,dream,58,55,0,0,0,0
seed-0006__moon_hold,1,moon,91.16,99.57,0.06,4.65116279,424,14.84
seed-0006__moon_hold,1,bank,74.91,71.57,0,0,0,0
seed-0006__moon_hold,1,sky,82.16,79.41,0.03,0,0,0
seed-0006__moon_hold,1,forge,88.5,90.82,0.01,0,0,0
seed-0006__moon_hold,1,crystal,65.41,68.73,0.06,0,0,0
seed-0006__moon_hold,1,dream,57.37,54.69,-0.01,0,0,0
seed-0006__moon_hold,2,moon,94.65,100.1,0.04,4.65116279,440.23255807,15.40813953
seed-0006__moon_hold,2,bank,71.33,70.47,-0.05,0,0,0
seed-0006__moon_hold,2,sky,81.13,79.5,-0.01,0,0,0
seed-0006__moon_hold,2,forge,88.98,90.17,0.01,0,0,0
seed-0006__moon_hold,2,crystal,66.94,68.96,0.02,0,0,0
seed-0006__moon_hold,2,dream,59.7,54.88,0.04,0,0,0
seed-0006__moon_hold,3,moon,95.97,99.55,0.01,4.65116279,446.37209296,15.62302325
seed-0006__moon_hold,3,bank,70.26,70.07,-0.02,0,0,0
seed-0006__moon_hold,3,sky,77.26,78.84,-0.05,0,0,0
seed-0006__moon_hold,3,forge,86.28,88.9,-0.03,0,0,0
seed-0006__moon_hold,3,crystal,71.81,73.35,0.07,0,0,0
seed-0006__moon_hold,3,dream,58.31,54.63,-0.02,0,0,0
seed-0006__moon_hold,4,moon,96.51,99.18,0.01,4.65116279,448.88372086,15.71093023
seed-0006__moon_hold,4,bank,69.73,70.23,-0.01,0,0,0
seed-0006__moon_hold,4,sky,74.76,79,-0.03,0,0,0
seed-0006__moon_hold,4,forge,84.67,88.13,-0.02,0,0,0
seed-0006__moon_hold,4,crystal,69.04,72.08,-0.04,0,0,0
seed-0006__moon_hold,4,dream,58.7,54.09,0.01,0,0,0
seed-0006__moon_hold,5,moon,96.71,98.81,0,4.65116279,449.81395342,15.74348837
seed-0006__moon_hold,5,bank,69.21,69.71,-0.01,0,0,0
seed-0006__moon_hold,5,sky,71.41,78.53,-0.04,0,0,0
seed-0006__moon_hold,5,forge,81.53,88.28,-0.04,0,0,0
seed-0006__moon_hold,5,crystal,76.84,74.07,0.11,0,0,0
seed-0006__moon_hold,5,dream,59.98,54.74,0.02,0,0,0
seed-0006__moon_hold,6,moon,96.27,99.01,0,4.65116279,447.76744179,15.67186046
seed-0006__moon_hold,6,bank,68.75,69.42,-0.01,0,0,0
seed-0006__moon_hold,6,sky,70.36,78.69,-0.01,0,0,0
seed-0006__moon_hold,6,forge,82.44,89.29,0.01,0,0,0
seed-0006__moon_hold,6,crystal,76.81,74.36,0,0,0,0
seed-0006__moon_hold,6,dream,67.63,55.46,0.13,0,0,0
seed-0006__moon_hold,7,moon,96.45,98.6,0,4.65116279,448.6046511,15.70116279
seed-0006__moon_hold,7,bank,68.62,69.73,0,0,0,0
seed-0006__moon_hold,7,sky,70.87,78.41,0.01,0,0,0
seed-0006__moon_hold,7,forge,82.75,88.89,0,0,0,0
seed-0006__moon_hold,7,crystal,74.95,73.69,-0.02,0,0,0
seed-0006__moon_hold,7,dream,77.56,55.71,0.15,0,0,0
seed-0006__moon_hold,8,moon,95.43,98.23,-0.01,4.65116279,443.86046505,15.53511628
seed-0006__moon_hold,8,bank,67.99,69.4,-0.01,0,0,0
seed-0006__moon_hold,8,sky,69.69,77.28,-0.02,0,0,0
seed-0006__moon_hold,8,forge,81.72,89.13,-0.01,0,0,0
seed-0006__moon_hold,8,crystal,71.99,74.84,-0.04,0,0,0
seed-0006__moon_hold,8,dream,81.19,55.08,0.05,0,0,0
seed-0006__moon_hold,9,moon,95.91,97.98,0.01,4.65116279,446.09302319,15.61325581
seed-0006__moon_hold,9,bank,68.14,69.44,0,0,0,0
seed-0006__moon_hold,9,sky,70.98,77.96,0.02,0,0,0
seed-0006__moon_hold,9,forge,82.73,88.29,0.01,0,0,0
seed-0006__moon_hold,9,crystal,74.45,74.4,0.03,0,0,0
seed-0006__moon_hold,9,dream,69.15,54.03,-0.15,0,0,0
seed-0006__moon_hold,10,moon,96.18,98,0,4.65116279,447.34883714,15.6572093
seed-0006__moon_hold,10,bank,68.25,69.04,0,0,0,0
seed-0006__moon_hold,10,sky,70.8,77.73,0,0,0,0
seed-0006__moon_hold,10,forge,77.88,84.48,-0.06,0,0,0
seed-0006__moon_hold,10,crystal,75.27,73.15,0.01,0,0,0
seed-0006__moon_hold,10,dream,59.44,53.06,-0.14,0,0,0
seed-0006__moon_hold,11,moon,98.56,98.17,0.02,4.65116279,458.41860458,16.04465116
seed-0006__moon_hold,11,bank,69.84,69.21,0.02,0,0,0
seed-0006__moon_hold,11,sky,73.12,78.26,0.03,0,0,0
seed-0006__moon_hold,11,forge,77.84,84.38,0,0,0,0
seed-0006__moon_hold,11,crystal,82.19,76.77,0.09,0,0,0
seed-0006__moon_hold,11,dream,49.86,53.41,-0.16,0,0,0
seed-0006__moon_hold,12,moon,98.14,97.9,0,0,0,15.97627907
seed-0006__moon_hold,12,bank,69.54,69.04,0,0,0,0
seed-0006__moon_hold,12,sky,73.73,78.58,0.01,0,0,0
seed-0006__moon_hold,12,forge,76.26,83.83,-0.02,0,0,0
seed-0006__moon_hold,12,crystal,79.88,76.19,-0.03,0,0,0
seed-0006__moon_hold,12,dream,41.31,52.92,-0.17,0,0,0
seed-0006__sky_hold,0,moon,86,100,0,0,0,0
seed-0006__sky_hold,0,bank,75,72,0,0,0,0
seed-0006__sky_hold,0,sky,80,80,0,5,400,0
seed-0006__sky_hold,0,forge,88,92,0,0,0,0
seed-0006__sky_hold,0,crystal,62,68,0,0,0,0
seed-0006__sky_hold,0,dream,58,55,0,0,0,0
seed-0006__sky_hold,1,moon,91.16,99.57,0.06,0,0,0
seed-0006__sky_hold,1,bank,74.91,71.57,0,0,0,0
seed-0006__sky_hold,1,sky,82.16,79.41,0.03,5,410.8,24.648
seed-0006__sky_hold,1,forge,88.5,90.82,0.01,0,0,0
seed-0006__sky_hold,1,crystal,65.41,68.73,0.06,0,0,0
seed-0006__sky_hold,1,dream,57.37,54.69,-0.01,0,0,0
seed-0006__sky_hold,2,moon,94.65,100.1,0.04,0,0,0
seed-0006__sky_hold,2,bank,71.33,70.47,-0.05,0,0,0
seed-0006__sky_hold,2,sky,81.13,79.5,-0.01,5,405.65,4.8678
seed-0006__sky_hold,2,forge,88.98,90.17,0.01,0,0,0
seed-0006__sky_hold,2,crystal,66.94,68.96,0.02,0,0,0
seed-0006__sky_hold,2,dream,59.7,54.88,0.04,0,0,0
seed-0006__sky_hold,3,moon,95.97,99.55,0.01,0,0,0
seed-0006__sky_hold,3,bank,70.26,70.07,-0.02,0,0,0
seed-0006__sky_hold,3,sky,77.26,78.84,-0.05,5,386.3,4.6356
seed-0006__sky_hold,3,forge,86.28,88.9,-0.03,0,0,0
seed-0006__sky_hold,3,crystal,71.81,73.35,0.07,0,0,0
seed-0006__sky_hold,3,dream,58.31,54.63,-0.02,0,0,0
seed-0006__sky_hold,4,moon,96.51,99.18,0.01,0,0,0
seed-0006__sky_hold,4,bank,69.73,70.23,-0.01,0,0,0
seed-0006__sky_hold,4,sky,74.76,79,-0.03,5,373.8,4.4856
seed-0006__sky_hold,4,forge,84.67,88.13,-0.02,0,0,0
seed-0006__sky_hold,4,crystal,69.04,72.08,-0.04,0,0,0
seed-0006__sky_hold,4,dream,58.7,54.09,0.01,0,0,0
seed-0006__sky_hold,5,moon,96.71,98.81,0,0,0,0
seed-0006__sky_hold,5,bank,69.21,69.71,-0.01,0,0,0
seed-0006__sky_hold,5,sky,71.41,78.53,-0.04,5,357.05,4.2846
seed-0006__sky_hold,5,forge,81.53,88.28,-0.04,0,0,0
seed-0006__sky_hold,5,crystal,76.84,74.07,0.11,0,0,0
seed-0006__sky_hold,5,dream,59.98,54.74,0.02,0,0,0
seed-0006__sky_hold,6,moon,96.27,99.01,0,0,0,0
seed-0006__sky_hold,6,bank,68.75,69.42,-0.01,0,0,0
seed-0006__sky_hold,6,sky,70.36,78.69,-0.01,5,351.8,4.2216
seed-0006__sky_hold,6,forge,82.44,89.29,0.01,0,0,0
seed-0006__sky_hold,6,crystal,76.81,74.36,0,0,0,0
seed-0006__sky_hold,6,dream,67.63,55.46,0.13,0,0,0
seed-0006__sky_hold,7,moon,96.45,98.6,0,0,0,0
seed-0006__sky_hold,7,bank,68.62,69.73,0,0,0,0
seed-0006__sky_hold,7,sky,70.87,78.41,0.01,5,354.35,21.261
seed-0006__sky_hold,7,forge,82.75,88.89,0,0,0,0
seed-0006__sky_hold,7,crystal,74.95,73.69,-0.02,0,0,0
seed-0006__sky_hold,7,dream,77.56,55.71,0.15,0,0,0
seed-0006__sky_hold,8,moon,95.43,98.23,-0.01,0,0,0
seed-0006__sky_hold,8,bank,67.99,69.4,-0.01,0,0,0
seed-0006__sky_hold,8,sky,69.69,77.28,-0.02,5,348.45,4.1814
seed-0006__sky_hold,8,forge,81.72,89.13,-0.01,0,0,0
seed-0006__sky_hold,8,crystal,71.99,74.84,-0.04,0,0,0
seed-0006__sky_hold,8,dream,81.19,55.08,0.05,0,0,0
seed-0006__sky_hold,9,moon,95.91,97.98,0.01,0,0,0
seed-0006__sky_hold,9,bank,68.14,69.44,0,0,0,0
seed-0006__sky_hold,9,sky,70.98,77.96,0.02,5,354.9,21.294
seed-0006__sky_hold,9,forge,82.73,88.29,0.01,0,0,0
seed-0006__sky_hold,9,crystal,74.45,74.4,0.03,0,0,0
seed-0006__sky_hold,9,dream,69.15,54.03,-0.15,0,0,0
seed-0006__sky_hold,10,moon,96.18,98,0,0,0,0
seed-0006__sky_hold,10,bank,68.25,69.04,0,0,0,0
seed-0006__sky_hold,10,sky,70.8,77.73,0,5,354,4.248
seed-0006__sky_hold,10,forge,77.88,84.48,-0.06,0,0,0
seed-0006__sky_hold,10,crystal,75.27,73.15,0.01,0,0,0
seed-0006__sky_hold,10,dream,59.44,53.06,-0.14,0,0,0
seed-0006__sky_hold,11,moon,98.56,98.17,0.02,0,0,0
seed-0006__sky_hold,11,bank,69.84,69.21,0.02,0,0,0
seed-0006__sky_hold,11,sky,73.12,78.26,0.03,5,365.6,21.936
seed-0006__sky_hold,11,forge,77.84,84.38,0,0,0,0
seed-0006__sky_hold,11,crystal,82.19,76.77,0.09,0,0,0
seed-0006__sky_hold,11,dream,49.86,53.41,-0.16,0,0,0
seed-0006__sky_hold,12,moon,98.14,97.9,0,0,0,0
seed-0006__sky_hold,12,bank,69.54,69.04,0,0,0,0
seed-0006__sky_hold,12,sky,73.73,78.58,0.01,0,0,22.119
seed-0006__sky_hold,12,forge,76.26,83.83,-0.02,0,0,0
seed-0006__sky_hold,12,crystal,79.88,76.19,-0.03,0,0,0
seed-0006__sky_hold,12,dream,41.31,52.92,-0.17,0,0,0
seed-0006__crystal_hold,0,moon,86,100,0,0,0,0
seed-0006__crystal_hold,0,bank,75,72,0,0,0,0
seed-0006__crystal_hold,0,sky,80,80,0,0,0,0
seed-0006__crystal_hold,0,forge,88,92,0,0,0,0
seed-0006__crystal_hold,0,crystal,62,68,0,6.4516129,399.9999998,0
seed-0006__crystal_hold,0,dream,58,55,0,0,0,0
seed-0006__crystal_hold,1,moon,91.16,99.57,0.06,0,0,0
seed-0006__crystal_hold,1,bank,74.91,71.57,0,0,0,0
seed-0006__crystal_hold,1,sky,82.16,79.41,0.03,0,0,0
seed-0006__crystal_hold,1,forge,88.5,90.82,0.01,0,0,0
seed-0006__crystal_hold,1,crystal,65.41,68.73,0.06,6.4516129,421.99999979,31.64999998
seed-0006__crystal_hold,1,dream,57.37,54.69,-0.01,0,0,0
seed-0006__crystal_hold,2,moon,94.65,100.1,0.04,0,0,0
seed-0006__crystal_hold,2,bank,71.33,70.47,-0.05,0,0,0
seed-0006__crystal_hold,2,sky,81.13,79.5,-0.01,0,0,0
seed-0006__crystal_hold,2,forge,88.98,90.17,0.01,0,0,0
seed-0006__crystal_hold,2,crystal,66.94,68.96,0.02,6.4516129,431.87096753,4.85854838
seed-0006__crystal_hold,2,dream,59.7,54.88,0.04,0,0,0
seed-0006__crystal_hold,3,moon,95.97,99.55,0.01,0,0,0
seed-0006__crystal_hold,3,bank,70.26,70.07,-0.02,0,0,0
seed-0006__crystal_hold,3,sky,77.26,78.84,-0.05,0,0,0
seed-0006__crystal_hold,3,forge,86.28,88.9,-0.03,0,0,0
seed-0006__crystal_hold,3,crystal,71.81,73.35,0.07,6.4516129,463.29032235,34.74677418
seed-0006__crystal_hold,3,dream,58.31,54.63,-0.02,0,0,0
seed-0006__crystal_hold,4,moon,96.51,99.18,0.01,0,0,0
seed-0006__crystal_hold,4,bank,69.73,70.23,-0.01,0,0,0
seed-0006__crystal_hold,4,sky,74.76,79,-0.03,0,0,0
seed-0006__crystal_hold,4,forge,84.67,88.13,-0.02,0,0,0
seed-0006__crystal_hold,4,crystal,69.04,72.08,-0.04,6.4516129,445.41935462,33.4064516
seed-0006__crystal_hold,4,dream,58.7,54.09,0.01,0,0,0
seed-0006__crystal_hold,5,moon,96.71,98.81,0,0,0,0
seed-0006__crystal_hold,5,bank,69.21,69.71,-0.01,0,0,0
seed-0006__crystal_hold,5,sky,71.41,78.53,-0.04,0,0,0
seed-0006__crystal_hold,5,forge,81.53,88.28,-0.04,0,0,0
seed-0006__crystal_hold,5,crystal,76.84,74.07,0.11,6.4516129,495.74193524,37.18064514
seed-0006__crystal_hold,5,dream,59.98,54.74,0.02,0,0,0
seed-0006__crystal_hold,6,moon,96.27,99.01,0,0,0,0
seed-0006__crystal_hold,6,bank,68.75,69.42,-0.01,0,0,0
seed-0006__crystal_hold,6,sky,70.36,78.69,-0.01,0,0,0
seed-0006__crystal_hold,6,forge,82.44,89.29,0.01,0,0,0
seed-0006__crystal_hold,6,crystal,76.81,74.36,0,6.4516129,495.54838685,5.57491935
seed-0006__crystal_hold,6,dream,67.63,55.46,0.13,0,0,0
seed-0006__crystal_hold,7,moon,96.45,98.6,0,0,0,0
seed-0006__crystal_hold,7,bank,68.62,69.73,0,0,0,0
seed-0006__crystal_hold,7,sky,70.87,78.41,0.01,0,0,0
seed-0006__crystal_hold,7,forge,82.75,88.89,0,0,0,0
seed-0006__crystal_hold,7,crystal,74.95,73.69,-0.02,6.4516129,483.54838686,5.43991935
seed-0006__crystal_hold,7,dream,77.56,55.71,0.15,0,0,0
seed-0006__crystal_hold,8,moon,95.43,98.23,-0.01,0,0,0
seed-0006__crystal_hold,8,bank,67.99,69.4,-0.01,0,0,0
seed-0006__crystal_hold,8,sky,69.69,77.28,-0.02,0,0,0
seed-0006__crystal_hold,8,forge,81.72,89.13,-0.01,0,0,0
seed-0006__crystal_hold,8,crystal,71.99,74.84,-0.04,6.4516129,464.45161267,34.83387095
seed-0006__crystal_hold,8,dream,81.19,55.08,0.05,0,0,0
seed-0006__crystal_hold,9,moon,95.91,97.98,0.01,0,0,0
seed-0006__crystal_hold,9,bank,68.14,69.44,0,0,0,0
seed-0006__crystal_hold,9,sky,70.98,77.96,0.02,0,0,0
seed-0006__crystal_hold,9,forge,82.73,88.29,0.01,0,0,0
seed-0006__crystal_hold,9,crystal,74.45,74.4,0.03,6.4516129,480.32258041,36.02419353
seed-0006__crystal_hold,9,dream,69.15,54.03,-0.15,0,0,0
seed-0006__crystal_hold,10,moon,96.18,98,0,0,0,0
seed-0006__crystal_hold,10,bank,68.25,69.04,0,0,0,0
seed-0006__crystal_hold,10,sky,70.8,77.73,0,0,0,0
seed-0006__crystal_hold,10,forge,77.88,84.48,-0.06,0,0,0
seed-0006__crystal_hold,10,crystal,75.27,73.15,0.01,6.4516129,485.61290298,5.46314516
seed-0006__crystal_hold,10,dream,59.44,53.06,-0.14,0,0,0
seed-0006__crystal_hold,11,moon,98.56,98.17,0.02,0,0,0
seed-0006__crystal_hold,11,bank,69.84,69.21,0.02,0,0,0
seed-0006__crystal_hold,11,sky,73.12,78.26,0.03,0,0,0
seed-0006__crystal_hold,11,forge,77.84,84.38,0,0,0,0
seed-0006__crystal_hold,11,crystal,82.19,76.77,0.09,6.4516129,530.25806425,39.76935482
seed-0006__crystal_hold,11,dream,49.86,53.41,-0.16,0,0,0
seed-0006__crystal_hold,12,moon,98.14,97.9,0,0,0,0
seed-0006__crystal_hold,12,bank,69.54,69.04,0,0,0,0
seed-0006__crystal_hold,12,sky,73.73,78.58,0.01,0,0,0
seed-0006__crystal_hold,12,forge,76.26,83.83,-0.02,0,0,0
seed-0006__crystal_hold,12,crystal,79.88,76.19,-0.03,0,0,38.65161288
seed-0006__crystal_hold,12,dream,41.31,52.92,-0.17,0,0,0
seed-0007__cash_control,0,moon,86,100,0,0,0,0
seed-0007__cash_control,0,bank,75,72,0,0,0,0
seed-0007__cash_control,0,sky,80,80,0,0,0,0
seed-0007__cash_control,0,forge,88,92,0,0,0,0
seed-0007__cash_control,0,crystal,62,68,0,0,0,0
seed-0007__cash_control,0,dream,58,55,0,0,0,0
seed-0007__cash_control,1,moon,91.16,100.62,0.06,0,0,0
seed-0007__cash_control,1,bank,74.68,72.26,0,0,0,0
seed-0007__cash_control,1,sky,80.26,80.72,0,0,0,0
seed-0007__cash_control,1,forge,89.71,92.97,0.02,0,0,0
seed-0007__cash_control,1,crystal,63.15,67.9,0.02,0,0,0
seed-0007__cash_control,1,dream,61.8,54.67,0.07,0,0,0
seed-0007__cash_control,2,moon,96.33,100.79,0.06,0,0,0
seed-0007__cash_control,2,bank,74.77,72.24,0,0,0,0
seed-0007__cash_control,2,sky,81.98,81.26,0.02,0,0,0
seed-0007__cash_control,2,forge,93.3,93.63,0.04,0,0,0
seed-0007__cash_control,2,crystal,63.1,66.88,0,0,0,0
seed-0007__cash_control,2,dream,61.61,54.69,0,0,0,0
seed-0007__cash_control,3,moon,97.94,101.28,0.02,0,0,0
seed-0007__cash_control,3,bank,72.92,72.12,-0.02,0,0,0
seed-0007__cash_control,3,sky,83.65,80.6,0.02,0,0,0
seed-0007__cash_control,3,forge,94.95,92.91,0.02,0,0,0
seed-0007__cash_control,3,crystal,64.7,65.62,0.03,0,0,0
seed-0007__cash_control,3,dream,63.24,54.82,0.03,0,0,0
seed-0007__cash_control,4,moon,100.81,102.12,0.03,0,0,0
seed-0007__cash_control,4,bank,73.46,72.48,0.01,0,0,0
seed-0007__cash_control,4,sky,86.31,81.01,0.03,0,0,0
seed-0007__cash_control,4,forge,96.92,93.32,0.02,0,0,0
seed-0007__cash_control,4,crystal,60.66,62.41,-0.06,0,0,0
seed-0007__cash_control,4,dream,67.65,55.2,0.07,0,0,0
seed-0007__cash_control,5,moon,104.33,104.14,0.03,0,0,0
seed-0007__cash_control,5,bank,73.21,72.57,0,0,0,0
seed-0007__cash_control,5,sky,86.9,81.18,0.01,0,0,0
seed-0007__cash_control,5,forge,97.38,92.81,0,0,0,0
seed-0007__cash_control,5,crystal,62.08,63.19,0.02,0,0,0
seed-0007__cash_control,5,dream,74.12,54.21,0.1,0,0,0
seed-0007__cash_control,6,moon,105.93,104.83,0.02,0,0,0
seed-0007__cash_control,6,bank,74.86,74.25,0.02,0,0,0
seed-0007__cash_control,6,sky,86.47,81.49,0,0,0,0
seed-0007__cash_control,6,forge,98,93.86,0.01,0,0,0
seed-0007__cash_control,6,crystal,63.89,63.59,0.03,0,0,0
seed-0007__cash_control,6,dream,78.48,53.57,0.06,0,0,0
seed-0007__cash_control,7,moon,107.7,105.68,0.02,0,0,0
seed-0007__cash_control,7,bank,75.57,74.31,0.01,0,0,0
seed-0007__cash_control,7,sky,85.92,82.23,-0.01,0,0,0
seed-0007__cash_control,7,forge,99.41,94.91,0.01,0,0,0
seed-0007__cash_control,7,crystal,66.36,63.92,0.04,0,0,0
seed-0007__cash_control,7,dream,80.15,53.95,0.02,0,0,0
seed-0007__cash_control,8,moon,109.2,106.48,0.01,0,0,0
seed-0007__cash_control,8,bank,76.17,74.5,0.01,0,0,0
seed-0007__cash_control,8,sky,86.16,82.31,0,0,0,0
seed-0007__cash_control,8,forge,101.56,95.06,0.02,0,0,0
seed-0007__cash_control,8,crystal,65.39,64.01,-0.01,0,0,0
seed-0007__cash_control,8,dream,84.86,53.61,0.06,0,0,0
seed-0007__cash_control,9,moon,106.91,106.29,-0.02,0,0,0
seed-0007__cash_control,9,bank,74.29,74.32,-0.02,0,0,0
seed-0007__cash_control,9,sky,84.74,81.78,-0.02,0,0,0
seed-0007__cash_control,9,forge,98.52,94.41,-0.03,0,0,0
seed-0007__cash_control,9,crystal,65.17,64.24,0,0,0,0
seed-0007__cash_control,9,dream,80.21,52.91,-0.05,0,0,0
seed-0007__cash_control,10,moon,105.27,106.41,-0.02,0,0,0
seed-0007__cash_control,10,bank,73.3,73.86,-0.01,0,0,0
seed-0007__cash_control,10,sky,81.7,81.84,-0.04,0,0,0
seed-0007__cash_control,10,forge,89.79,90.78,-0.09,0,0,0
seed-0007__cash_control,10,crystal,65.23,63.38,0,0,0,0
seed-0007__cash_control,10,dream,75.11,51.76,-0.06,0,0,0
seed-0007__cash_control,11,moon,104.63,105.73,-0.01,0,0,0
seed-0007__cash_control,11,bank,73.43,73.86,0,0,0,0
seed-0007__cash_control,11,sky,77.05,82.25,-0.06,0,0,0
seed-0007__cash_control,11,forge,85.66,91.37,-0.05,0,0,0
seed-0007__cash_control,11,crystal,65.61,62.69,0.01,0,0,0
seed-0007__cash_control,11,dream,61.69,52.43,-0.18,0,0,0
seed-0007__cash_control,12,moon,106.39,105.89,0.02,0,0,0
seed-0007__cash_control,12,bank,72.49,72.89,-0.01,0,0,0
seed-0007__cash_control,12,sky,77.18,82.48,0,0,0,0
seed-0007__cash_control,12,forge,86.04,90.8,0,0,0,0
seed-0007__cash_control,12,crystal,64.42,63.44,-0.02,0,0,0
seed-0007__cash_control,12,dream,52.5,51.62,-0.15,0,0,0
seed-0007__moon_hold,0,moon,86,100,0,4.65116279,400,0
seed-0007__moon_hold,0,bank,75,72,0,0,0,0
seed-0007__moon_hold,0,sky,80,80,0,0,0,0
seed-0007__moon_hold,0,forge,88,92,0,0,0,0
seed-0007__moon_hold,0,crystal,62,68,0,0,0,0
seed-0007__moon_hold,0,dream,58,55,0,0,0,0
seed-0007__moon_hold,1,moon,91.16,100.62,0.06,4.65116279,424,14.84
seed-0007__moon_hold,1,bank,74.68,72.26,0,0,0,0
seed-0007__moon_hold,1,sky,80.26,80.72,0,0,0,0
seed-0007__moon_hold,1,forge,89.71,92.97,0.02,0,0,0
seed-0007__moon_hold,1,crystal,63.15,67.9,0.02,0,0,0
seed-0007__moon_hold,1,dream,61.8,54.67,0.07,0,0,0
seed-0007__moon_hold,2,moon,96.33,100.79,0.06,4.65116279,448.04651156,15.6816279
seed-0007__moon_hold,2,bank,74.77,72.24,0,0,0,0
seed-0007__moon_hold,2,sky,81.98,81.26,0.02,0,0,0
seed-0007__moon_hold,2,forge,93.3,93.63,0.04,0,0,0
seed-0007__moon_hold,2,crystal,63.1,66.88,0,0,0,0
seed-0007__moon_hold,2,dream,61.61,54.69,0,0,0,0
seed-0007__moon_hold,3,moon,97.94,101.28,0.02,4.65116279,455.53488365,15.94372093
seed-0007__moon_hold,3,bank,72.92,72.12,-0.02,0,0,0
seed-0007__moon_hold,3,sky,83.65,80.6,0.02,0,0,0
seed-0007__moon_hold,3,forge,94.95,92.91,0.02,0,0,0
seed-0007__moon_hold,3,crystal,64.7,65.62,0.03,0,0,0
seed-0007__moon_hold,3,dream,63.24,54.82,0.03,0,0,0
seed-0007__moon_hold,4,moon,100.81,102.12,0.03,4.65116279,468.88372086,16.41093023
seed-0007__moon_hold,4,bank,73.46,72.48,0.01,0,0,0
seed-0007__moon_hold,4,sky,86.31,81.01,0.03,0,0,0
seed-0007__moon_hold,4,forge,96.92,93.32,0.02,0,0,0
seed-0007__moon_hold,4,crystal,60.66,62.41,-0.06,0,0,0
seed-0007__moon_hold,4,dream,67.65,55.2,0.07,0,0,0
seed-0007__moon_hold,5,moon,104.33,104.14,0.03,4.65116279,485.25581388,16.98395349
seed-0007__moon_hold,5,bank,73.21,72.57,0,0,0,0
seed-0007__moon_hold,5,sky,86.9,81.18,0.01,0,0,0
seed-0007__moon_hold,5,forge,97.38,92.81,0,0,0,0
seed-0007__moon_hold,5,crystal,62.08,63.19,0.02,0,0,0
seed-0007__moon_hold,5,dream,74.12,54.21,0.1,0,0,0
seed-0007__moon_hold,6,moon,105.93,104.83,0.02,4.65116279,492.69767434,17.2444186
seed-0007__moon_hold,6,bank,74.86,74.25,0.02,0,0,0
seed-0007__moon_hold,6,sky,86.47,81.49,0,0,0,0
seed-0007__moon_hold,6,forge,98,93.86,0.01,0,0,0
seed-0007__moon_hold,6,crystal,63.89,63.59,0.03,0,0,0
seed-0007__moon_hold,6,dream,78.48,53.57,0.06,0,0,0
seed-0007__moon_hold,7,moon,107.7,105.68,0.02,4.65116279,500.93023248,17.53255814
seed-0007__moon_hold,7,bank,75.57,74.31,0.01,0,0,0
seed-0007__moon_hold,7,sky,85.92,82.23,-0.01,0,0,0
seed-0007__moon_hold,7,forge,99.41,94.91,0.01,0,0,0
seed-0007__moon_hold,7,crystal,66.36,63.92,0.04,0,0,0
seed-0007__moon_hold,7,dream,80.15,53.95,0.02,0,0,0
seed-0007__moon_hold,8,moon,109.2,106.48,0.01,4.65116279,507.90697667,17.77674418
seed-0007__moon_hold,8,bank,76.17,74.5,0.01,0,0,0
seed-0007__moon_hold,8,sky,86.16,82.31,0,0,0,0
seed-0007__moon_hold,8,forge,101.56,95.06,0.02,0,0,0
seed-0007__moon_hold,8,crystal,65.39,64.01,-0.01,0,0,0
seed-0007__moon_hold,8,dream,84.86,53.61,0.06,0,0,0
seed-0007__moon_hold,9,moon,106.91,106.29,-0.02,4.65116279,497.25581388,17.40395349
seed-0007__moon_hold,9,bank,74.29,74.32,-0.02,0,0,0
seed-0007__moon_hold,9,sky,84.74,81.78,-0.02,0,0,0
seed-0007__moon_hold,9,forge,98.52,94.41,-0.03,0,0,0
seed-0007__moon_hold,9,crystal,65.17,64.24,0,0,0,0
seed-0007__moon_hold,9,dream,80.21,52.91,-0.05,0,0,0
seed-0007__moon_hold,10,moon,105.27,106.41,-0.02,4.65116279,489.6279069,17.13697674
seed-0007__moon_hold,10,bank,73.3,73.86,-0.01,0,0,0
seed-0007__moon_hold,10,sky,81.7,81.84,-0.04,0,0,0
seed-0007__moon_hold,10,forge,89.79,90.78,-0.09,0,0,0
seed-0007__moon_hold,10,crystal,65.23,63.38,0,0,0,0
seed-0007__moon_hold,10,dream,75.11,51.76,-0.06,0,0,0
seed-0007__moon_hold,11,moon,104.63,105.73,-0.01,4.65116279,486.65116272,17.0327907
seed-0007__moon_hold,11,bank,73.43,73.86,0,0,0,0
seed-0007__moon_hold,11,sky,77.05,82.25,-0.06,0,0,0
seed-0007__moon_hold,11,forge,85.66,91.37,-0.05,0,0,0
seed-0007__moon_hold,11,crystal,65.61,62.69,0.01,0,0,0
seed-0007__moon_hold,11,dream,61.69,52.43,-0.18,0,0,0
seed-0007__moon_hold,12,moon,106.39,105.89,0.02,0,0,17.31930232
seed-0007__moon_hold,12,bank,72.49,72.89,-0.01,0,0,0
seed-0007__moon_hold,12,sky,77.18,82.48,0,0,0,0
seed-0007__moon_hold,12,forge,86.04,90.8,0,0,0,0
seed-0007__moon_hold,12,crystal,64.42,63.44,-0.02,0,0,0
seed-0007__moon_hold,12,dream,52.5,51.62,-0.15,0,0,0
seed-0007__sky_hold,0,moon,86,100,0,0,0,0
seed-0007__sky_hold,0,bank,75,72,0,0,0,0
seed-0007__sky_hold,0,sky,80,80,0,5,400,0
seed-0007__sky_hold,0,forge,88,92,0,0,0,0
seed-0007__sky_hold,0,crystal,62,68,0,0,0,0
seed-0007__sky_hold,0,dream,58,55,0,0,0,0
seed-0007__sky_hold,1,moon,91.16,100.62,0.06,0,0,0
seed-0007__sky_hold,1,bank,74.68,72.26,0,0,0,0
seed-0007__sky_hold,1,sky,80.26,80.72,0,5,401.3,4.8156
seed-0007__sky_hold,1,forge,89.71,92.97,0.02,0,0,0
seed-0007__sky_hold,1,crystal,63.15,67.9,0.02,0,0,0
seed-0007__sky_hold,1,dream,61.8,54.67,0.07,0,0,0
seed-0007__sky_hold,2,moon,96.33,100.79,0.06,0,0,0
seed-0007__sky_hold,2,bank,74.77,72.24,0,0,0,0
seed-0007__sky_hold,2,sky,81.98,81.26,0.02,5,409.9,24.594
seed-0007__sky_hold,2,forge,93.3,93.63,0.04,0,0,0
seed-0007__sky_hold,2,crystal,63.1,66.88,0,0,0,0
seed-0007__sky_hold,2,dream,61.61,54.69,0,0,0,0
seed-0007__sky_hold,3,moon,97.94,101.28,0.02,0,0,0
seed-0007__sky_hold,3,bank,72.92,72.12,-0.02,0,0,0
seed-0007__sky_hold,3,sky,83.65,80.6,0.02,5,418.25,25.095
seed-0007__sky_hold,3,forge,94.95,92.91,0.02,0,0,0
seed-0007__sky_hold,3,crystal,64.7,65.62,0.03,0,0,0
seed-0007__sky_hold,3,dream,63.24,54.82,0.03,0,0,0
seed-0007__sky_hold,4,moon,100.81,102.12,0.03,0,0,0
seed-0007__sky_hold,4,bank,73.46,72.48,0.01,0,0,0
seed-0007__sky_hold,4,sky,86.31,81.01,0.03,5,431.55,25.893
seed-0007__sky_hold,4,forge,96.92,93.32,0.02,0,0,0
seed-0007__sky_hold,4,crystal,60.66,62.41,-0.06,0,0,0
seed-0007__sky_hold,4,dream,67.65,55.2,0.07,0,0,0
seed-0007__sky_hold,5,moon,104.33,104.14,0.03,0,0,0
seed-0007__sky_hold,5,bank,73.21,72.57,0,0,0,0
seed-0007__sky_hold,5,sky,86.9,81.18,0.01,5,434.5,26.07
seed-0007__sky_hold,5,forge,97.38,92.81,0,0,0,0
seed-0007__sky_hold,5,crystal,62.08,63.19,0.02,0,0,0
seed-0007__sky_hold,5,dream,74.12,54.21,0.1,0,0,0
seed-0007__sky_hold,6,moon,105.93,104.83,0.02,0,0,0
seed-0007__sky_hold,6,bank,74.86,74.25,0.02,0,0,0
seed-0007__sky_hold,6,sky,86.47,81.49,0,5,432.35,5.1882
seed-0007__sky_hold,6,forge,98,93.86,0.01,0,0,0
seed-0007__sky_hold,6,crystal,63.89,63.59,0.03,0,0,0
seed-0007__sky_hold,6,dream,78.48,53.57,0.06,0,0,0
seed-0007__sky_hold,7,moon,107.7,105.68,0.02,0,0,0
seed-0007__sky_hold,7,bank,75.57,74.31,0.01,0,0,0
seed-0007__sky_hold,7,sky,85.92,82.23,-0.01,5,429.6,5.1552
seed-0007__sky_hold,7,forge,99.41,94.91,0.01,0,0,0
seed-0007__sky_hold,7,crystal,66.36,63.92,0.04,0,0,0
seed-0007__sky_hold,7,dream,80.15,53.95,0.02,0,0,0
seed-0007__sky_hold,8,moon,109.2,106.48,0.01,0,0,0
seed-0007__sky_hold,8,bank,76.17,74.5,0.01,0,0,0
seed-0007__sky_hold,8,sky,86.16,82.31,0,5,430.8,5.1696
seed-0007__sky_hold,8,forge,101.56,95.06,0.02,0,0,0
seed-0007__sky_hold,8,crystal,65.39,64.01,-0.01,0,0,0
seed-0007__sky_hold,8,dream,84.86,53.61,0.06,0,0,0
seed-0007__sky_hold,9,moon,106.91,106.29,-0.02,0,0,0
seed-0007__sky_hold,9,bank,74.29,74.32,-0.02,0,0,0
seed-0007__sky_hold,9,sky,84.74,81.78,-0.02,5,423.7,5.0844
seed-0007__sky_hold,9,forge,98.52,94.41,-0.03,0,0,0
seed-0007__sky_hold,9,crystal,65.17,64.24,0,0,0,0
seed-0007__sky_hold,9,dream,80.21,52.91,-0.05,0,0,0
seed-0007__sky_hold,10,moon,105.27,106.41,-0.02,0,0,0
seed-0007__sky_hold,10,bank,73.3,73.86,-0.01,0,0,0
seed-0007__sky_hold,10,sky,81.7,81.84,-0.04,5,408.5,4.902
seed-0007__sky_hold,10,forge,89.79,90.78,-0.09,0,0,0
seed-0007__sky_hold,10,crystal,65.23,63.38,0,0,0,0
seed-0007__sky_hold,10,dream,75.11,51.76,-0.06,0,0,0
seed-0007__sky_hold,11,moon,104.63,105.73,-0.01,0,0,0
seed-0007__sky_hold,11,bank,73.43,73.86,0,0,0,0
seed-0007__sky_hold,11,sky,77.05,82.25,-0.06,5,385.25,4.623
seed-0007__sky_hold,11,forge,85.66,91.37,-0.05,0,0,0
seed-0007__sky_hold,11,crystal,65.61,62.69,0.01,0,0,0
seed-0007__sky_hold,11,dream,61.69,52.43,-0.18,0,0,0
seed-0007__sky_hold,12,moon,106.39,105.89,0.02,0,0,0
seed-0007__sky_hold,12,bank,72.49,72.89,-0.01,0,0,0
seed-0007__sky_hold,12,sky,77.18,82.48,0,0,0,4.6308
seed-0007__sky_hold,12,forge,86.04,90.8,0,0,0,0
seed-0007__sky_hold,12,crystal,64.42,63.44,-0.02,0,0,0
seed-0007__sky_hold,12,dream,52.5,51.62,-0.15,0,0,0
seed-0007__crystal_hold,0,moon,86,100,0,0,0,0
seed-0007__crystal_hold,0,bank,75,72,0,0,0,0
seed-0007__crystal_hold,0,sky,80,80,0,0,0,0
seed-0007__crystal_hold,0,forge,88,92,0,0,0,0
seed-0007__crystal_hold,0,crystal,62,68,0,6.4516129,399.9999998,0
seed-0007__crystal_hold,0,dream,58,55,0,0,0,0
seed-0007__crystal_hold,1,moon,91.16,100.62,0.06,0,0,0
seed-0007__crystal_hold,1,bank,74.68,72.26,0,0,0,0
seed-0007__crystal_hold,1,sky,80.26,80.72,0,0,0,0
seed-0007__crystal_hold,1,forge,89.71,92.97,0.02,0,0,0
seed-0007__crystal_hold,1,crystal,63.15,67.9,0.02,6.4516129,407.41935464,4.58346774
seed-0007__crystal_hold,1,dream,61.8,54.67,0.07,0,0,0
seed-0007__crystal_hold,2,moon,96.33,100.79,0.06,0,0,0
seed-0007__crystal_hold,2,bank,74.77,72.24,0,0,0,0
seed-0007__crystal_hold,2,sky,81.98,81.26,0.02,0,0,0
seed-0007__crystal_hold,2,forge,93.3,93.63,0.04,0,0,0
seed-0007__crystal_hold,2,crystal,63.1,66.88,0,6.4516129,407.09677399,4.57983871
seed-0007__crystal_hold,2,dream,61.61,54.69,0,0,0,0
seed-0007__crystal_hold,3,moon,97.94,101.28,0.02,0,0,0
seed-0007__crystal_hold,3,bank,72.92,72.12,-0.02,0,0,0
seed-0007__crystal_hold,3,sky,83.65,80.6,0.02,0,0,0
seed-0007__crystal_hold,3,forge,94.95,92.91,0.02,0,0,0
seed-0007__crystal_hold,3,crystal,64.7,65.62,0.03,6.4516129,417.41935463,31.3064516
seed-0007__crystal_hold,3,dream,63.24,54.82,0.03,0,0,0
seed-0007__crystal_hold,4,moon,100.81,102.12,0.03,0,0,0
seed-0007__crystal_hold,4,bank,73.46,72.48,0.01,0,0,0
seed-0007__crystal_hold,4,sky,86.31,81.01,0.03,0,0,0
seed-0007__crystal_hold,4,forge,96.92,93.32,0.02,0,0,0
seed-0007__crystal_hold,4,crystal,60.66,62.41,-0.06,6.4516129,391.35483851,29.35161289
seed-0007__crystal_hold,4,dream,67.65,55.2,0.07,0,0,0
seed-0007__crystal_hold,5,moon,104.33,104.14,0.03,0,0,0
seed-0007__crystal_hold,5,bank,73.21,72.57,0,0,0,0
seed-0007__crystal_hold,5,sky,86.9,81.18,0.01,0,0,0
seed-0007__crystal_hold,5,forge,97.38,92.81,0,0,0,0
seed-0007__crystal_hold,5,crystal,62.08,63.19,0.02,6.4516129,400.51612883,4.50580645
seed-0007__crystal_hold,5,dream,74.12,54.21,0.1,0,0,0
seed-0007__crystal_hold,6,moon,105.93,104.83,0.02,0,0,0
seed-0007__crystal_hold,6,bank,74.86,74.25,0.02,0,0,0
seed-0007__crystal_hold,6,sky,86.47,81.49,0,0,0,0
seed-0007__crystal_hold,6,forge,98,93.86,0.01,0,0,0
seed-0007__crystal_hold,6,crystal,63.89,63.59,0.03,6.4516129,412.19354818,30.91451611
seed-0007__crystal_hold,6,dream,78.48,53.57,0.06,0,0,0
seed-0007__crystal_hold,7,moon,107.7,105.68,0.02,0,0,0
seed-0007__crystal_hold,7,bank,75.57,74.31,0.01,0,0,0
seed-0007__crystal_hold,7,sky,85.92,82.23,-0.01,0,0,0
seed-0007__crystal_hold,7,forge,99.41,94.91,0.01,0,0,0
seed-0007__crystal_hold,7,crystal,66.36,63.92,0.04,6.4516129,428.12903204,32.1096774
seed-0007__crystal_hold,7,dream,80.15,53.95,0.02,0,0,0
seed-0007__crystal_hold,8,moon,109.2,106.48,0.01,0,0,0
seed-0007__crystal_hold,8,bank,76.17,74.5,0.01,0,0,0
seed-0007__crystal_hold,8,sky,86.16,82.31,0,0,0,0
seed-0007__crystal_hold,8,forge,101.56,95.06,0.02,0,0,0
seed-0007__crystal_hold,8,crystal,65.39,64.01,-0.01,6.4516129,421.87096753,4.74604838
seed-0007__crystal_hold,8,dream,84.86,53.61,0.06,0,0,0
seed-0007__crystal_hold,9,moon,106.91,106.29,-0.02,0,0,0
seed-0007__crystal_hold,9,bank,74.29,74.32,-0.02,0,0,0
seed-0007__crystal_hold,9,sky,84.74,81.78,-0.02,0,0,0
seed-0007__crystal_hold,9,forge,98.52,94.41,-0.03,0,0,0
seed-0007__crystal_hold,9,crystal,65.17,64.24,0,6.4516129,420.45161269,4.73008064
seed-0007__crystal_hold,9,dream,80.21,52.91,-0.05,0,0,0
seed-0007__crystal_hold,10,moon,105.27,106.41,-0.02,0,0,0
seed-0007__crystal_hold,10,bank,73.3,73.86,-0.01,0,0,0
seed-0007__crystal_hold,10,sky,81.7,81.84,-0.04,0,0,0
seed-0007__crystal_hold,10,forge,89.79,90.78,-0.09,0,0,0
seed-0007__crystal_hold,10,crystal,65.23,63.38,0,6.4516129,420.83870947,4.73443548
seed-0007__crystal_hold,10,dream,75.11,51.76,-0.06,0,0,0
seed-0007__crystal_hold,11,moon,104.63,105.73,-0.01,0,0,0
seed-0007__crystal_hold,11,bank,73.43,73.86,0,0,0,0
seed-0007__crystal_hold,11,sky,77.05,82.25,-0.06,0,0,0
seed-0007__crystal_hold,11,forge,85.66,91.37,-0.05,0,0,0
seed-0007__crystal_hold,11,crystal,65.61,62.69,0.01,6.4516129,423.29032237,4.76201613
seed-0007__crystal_hold,11,dream,61.69,52.43,-0.18,0,0,0
seed-0007__crystal_hold,12,moon,106.39,105.89,0.02,0,0,0
seed-0007__crystal_hold,12,bank,72.49,72.89,-0.01,0,0,0
seed-0007__crystal_hold,12,sky,77.18,82.48,0,0,0,0
seed-0007__crystal_hold,12,forge,86.04,90.8,0,0,0,0
seed-0007__crystal_hold,12,crystal,64.42,63.44,-0.02,0,0,4.67564516
seed-0007__crystal_hold,12,dream,52.5,51.62,-0.15,0,0,0
seed-0008__cash_control,0,moon,86,100,0,0,0,0
seed-0008__cash_control,0,bank,75,72,0,0,0,0
seed-0008__cash_control,0,sky,80,80,0,0,0,0
seed-0008__cash_control,0,forge,88,92,0,0,0,0
seed-0008__cash_control,0,crystal,62,68,0,0,0,0
seed-0008__cash_control,0,dream,58,55,0,0,0,0
seed-0008__cash_control,1,moon,91.16,100.62,0.06,0,0,0
seed-0008__cash_control,1,bank,73.97,72.52,-0.01,0,0,0
seed-0008__cash_control,1,sky,81.27,79.55,0.02,0,0,0
seed-0008__cash_control,1,forge,89.45,92.53,0.02,0,0,0
seed-0008__cash_control,1,crystal,58.7,65.81,-0.05,0,0,0
seed-0008__cash_control,1,dream,55.52,54.21,-0.04,0,0,0
seed-0008__cash_control,2,moon,96.63,103.54,0.06,0,0,0
seed-0008__cash_control,2,bank,73.55,72.54,-0.01,0,0,0
seed-0008__cash_control,2,sky,84.81,80.28,0.04,0,0,0
seed-0008__cash_control,2,forge,93.47,93.32,0.04,0,0,0
seed-0008__cash_control,2,crystal,60.07,65.55,0.02,0,0,0
seed-0008__cash_control,2,dream,58.4,53.92,0.05,0,0,0
seed-0008__cash_control,3,moon,97.48,103.54,0.01,0,0,0
seed-0008__cash_control,3,bank,69.87,70.82,-0.05,0,0,0
seed-0008__cash_control,3,sky,83.25,79.28,-0.02,0,0,0
seed-0008__cash_control,3,forge,91.66,93.73,-0.02,0,0,0
seed-0008__cash_control,3,crystal,61.35,66.53,0.02,0,0,0
seed-0008__cash_control,3,dream,57.84,53.44,-0.01,0,0,0
seed-0008__cash_control,4,moon,100.57,103.68,0.03,0,0,0
seed-0008__cash_control,4,bank,70.55,71.34,0.01,0,0,0
seed-0008__cash_control,4,sky,81.98,80.39,-0.02,0,0,0
seed-0008__cash_control,4,forge,92.06,94.3,0,0,0,0
seed-0008__cash_control,4,crystal,56.92,64.21,-0.07,0,0,0
seed-0008__cash_control,4,dream,60.5,53.08,0.05,0,0,0
seed-0008__cash_control,5,moon,102.35,103.31,0.02,0,0,0
seed-0008__cash_control,5,bank,70.94,70.98,0.01,0,0,0
seed-0008__cash_control,5,sky,81,81.08,-0.01,0,0,0
seed-0008__cash_control,5,forge,97.81,97.65,0.06,0,0,0
seed-0008__cash_control,5,crystal,59.74,63.33,0.05,0,0,0
seed-0008__cash_control,5,dream,61.67,53.69,0.02,0,0,0
seed-0008__cash_control,6,moon,101.64,102.86,-0.01,0,0,0
seed-0008__cash_control,6,bank,68.06,69.57,-0.04,0,0,0
seed-0008__cash_control,6,sky,79.55,81.5,-0.02,0,0,0
seed-0008__cash_control,6,forge,100.56,98.55,0.03,0,0,0
seed-0008__cash_control,6,crystal,58.21,63.67,-0.03,0,0,0
seed-0008__cash_control,6,dream,62.36,54.21,0.01,0,0,0
seed-0008__cash_control,7,moon,100.27,102.12,-0.01,0,0,0
seed-0008__cash_control,7,bank,67.83,69.3,0,0,0,0
seed-0008__cash_control,7,sky,78.62,80.83,-0.01,0,0,0
seed-0008__cash_control,7,forge,93.77,95.19,-0.07,0,0,0
seed-0008__cash_control,7,crystal,56.83,62.28,-0.02,0,0,0
seed-0008__cash_control,7,dream,61.72,53.43,-0.01,0,0,0
seed-0008__cash_control,8,moon,100.82,101.72,0.01,0,0,0
seed-0008__cash_control,8,bank,68.7,69.33,0.01,0,0,0
seed-0008__cash_control,8,sky,81,80.46,0.03,0,0,0
seed-0008__cash_control,8,forge,92.09,93.96,-0.02,0,0,0
seed-0008__cash_control,8,crystal,61.02,62.4,0.07,0,0,0
seed-0008__cash_control,8,dream,54.29,53.12,-0.12,0,0,0
seed-0008__cash_control,9,moon,103.18,102.55,0.02,0,0,0
seed-0008__cash_control,9,bank,69.89,69.73,0.02,0,0,0
seed-0008__cash_control,9,sky,82.94,81.02,0.02,0,0,0
seed-0008__cash_control,9,forge,94.13,94.97,0.02,0,0,0
seed-0008__cash_control,9,crystal,63.42,61.96,0.04,0,0,0
seed-0008__cash_control,9,dream,52.46,52.96,-0.03,0,0,0
seed-0008__cash_control,10,moon,103.55,102.49,0,0,0,0
seed-0008__cash_control,10,bank,70.17,69.88,0,0,0,0
seed-0008__cash_control,10,sky,85.54,81.09,0.03,0,0,0
seed-0008__cash_control,10,forge,94.7,94.14,0.01,0,0,0
seed-0008__cash_control,10,crystal,55.63,57.78,-0.12,0,0,0
seed-0008__cash_control,10,dream,54.75,52.74,0.04,0,0,0
seed-0008__cash_control,11,moon,103.1,102.6,0,0,0,0
seed-0008__cash_control,11,bank,70.07,69.59,0,0,0,0
seed-0008__cash_control,11,sky,86.18,81.32,0.01,0,0,0
seed-0008__cash_control,11,forge,95.21,94.56,0.01,0,0,0
seed-0008__cash_control,11,crystal,58.47,58.45,0.05,0,0,0
seed-0008__cash_control,11,dream,54.64,51.96,0,0,0,0
seed-0008__cash_control,12,moon,98.09,99.32,-0.05,0,0,0
seed-0008__cash_control,12,bank,68.57,69.42,-0.02,0,0,0
seed-0008__cash_control,12,sky,83.75,80.45,-0.03,0,0,0
seed-0008__cash_control,12,forge,94.64,94.03,-0.01,0,0,0
seed-0008__cash_control,12,crystal,58.12,58.08,-0.01,0,0,0
seed-0008__cash_control,12,dream,50.1,50.91,-0.08,0,0,0
seed-0008__moon_hold,0,moon,86,100,0,4.65116279,400,0
seed-0008__moon_hold,0,bank,75,72,0,0,0,0
seed-0008__moon_hold,0,sky,80,80,0,0,0,0
seed-0008__moon_hold,0,forge,88,92,0,0,0,0
seed-0008__moon_hold,0,crystal,62,68,0,0,0,0
seed-0008__moon_hold,0,dream,58,55,0,0,0,0
seed-0008__moon_hold,1,moon,91.16,100.62,0.06,4.65116279,424,14.84
seed-0008__moon_hold,1,bank,73.97,72.52,-0.01,0,0,0
seed-0008__moon_hold,1,sky,81.27,79.55,0.02,0,0,0
seed-0008__moon_hold,1,forge,89.45,92.53,0.02,0,0,0
seed-0008__moon_hold,1,crystal,58.7,65.81,-0.05,0,0,0
seed-0008__moon_hold,1,dream,55.52,54.21,-0.04,0,0,0
seed-0008__moon_hold,2,moon,96.63,103.54,0.06,4.65116279,449.4418604,15.73046511
seed-0008__moon_hold,2,bank,73.55,72.54,-0.01,0,0,0
seed-0008__moon_hold,2,sky,84.81,80.28,0.04,0,0,0
seed-0008__moon_hold,2,forge,93.47,93.32,0.04,0,0,0
seed-0008__moon_hold,2,crystal,60.07,65.55,0.02,0,0,0
seed-0008__moon_hold,2,dream,58.4,53.92,0.05,0,0,0
seed-0008__moon_hold,3,moon,97.48,103.54,0.01,4.65116279,453.39534877,15.86883721
seed-0008__moon_hold,3,bank,69.87,70.82,-0.05,0,0,0
seed-0008__moon_hold,3,sky,83.25,79.28,-0.02,0,0,0
seed-0008__moon_hold,3,forge,91.66,93.73,-0.02,0,0,0
seed-0008__moon_hold,3,crystal,61.35,66.53,0.02,0,0,0
seed-0008__moon_hold,3,dream,57.84,53.44,-0.01,0,0,0
seed-0008__moon_hold,4,moon,100.57,103.68,0.03,4.65116279,467.76744179,16.37186046
seed-0008__moon_hold,4,bank,70.55,71.34,0.01,0,0,0
seed-0008__moon_hold,4,sky,81.98,80.39,-0.02,0,0,0
seed-0008__moon_hold,4,forge,92.06,94.3,0,0,0,0
seed-0008__moon_hold,4,crystal,56.92,64.21,-0.07,0,0,0
seed-0008__moon_hold,4,dream,60.5,53.08,0.05,0,0,0
seed-0008__moon_hold,5,moon,102.35,103.31,0.02,4.65116279,476.04651156,16.6616279
seed-0008__moon_hold,5,bank,70.94,70.98,0.01,0,0,0
seed-0008__moon_hold,5,sky,81,81.08,-0.01,0,0,0
seed-0008__moon_hold,5,forge,97.81,97.65,0.06,0,0,0
seed-0008__moon_hold,5,crystal,59.74,63.33,0.05,0,0,0
seed-0008__moon_hold,5,dream,61.67,53.69,0.02,0,0,0
seed-0008__moon_hold,6,moon,101.64,102.86,-0.01,4.65116279,472.74418598,16.54604651
seed-0008__moon_hold,6,bank,68.06,69.57,-0.04,0,0,0
seed-0008__moon_hold,6,sky,79.55,81.5,-0.02,0,0,0
seed-0008__moon_hold,6,forge,100.56,98.55,0.03,0,0,0
seed-0008__moon_hold,6,crystal,58.21,63.67,-0.03,0,0,0
seed-0008__moon_hold,6,dream,62.36,54.21,0.01,0,0,0
seed-0008__moon_hold,7,moon,100.27,102.12,-0.01,4.65116279,466.37209295,16.32302325
seed-0008__moon_hold,7,bank,67.83,69.3,0,0,0,0
seed-0008__moon_hold,7,sky,78.62,80.83,-0.01,0,0,0
seed-0008__moon_hold,7,forge,93.77,95.19,-0.07,0,0,0
seed-0008__moon_hold,7,crystal,56.83,62.28,-0.02,0,0,0
seed-0008__moon_hold,7,dream,61.72,53.43,-0.01,0,0,0
seed-0008__moon_hold,8,moon,100.82,101.72,0.01,4.65116279,468.93023249,16.41255814
seed-0008__moon_hold,8,bank,68.7,69.33,0.01,0,0,0
seed-0008__moon_hold,8,sky,81,80.46,0.03,0,0,0
seed-0008__moon_hold,8,forge,92.09,93.96,-0.02,0,0,0
seed-0008__moon_hold,8,crystal,61.02,62.4,0.07,0,0,0
seed-0008__moon_hold,8,dream,54.29,53.12,-0.12,0,0,0
seed-0008__moon_hold,9,moon,103.18,102.55,0.02,4.65116279,479.90697667,16.79674418
seed-0008__moon_hold,9,bank,69.89,69.73,0.02,0,0,0
seed-0008__moon_hold,9,sky,82.94,81.02,0.02,0,0,0
seed-0008__moon_hold,9,forge,94.13,94.97,0.02,0,0,0
seed-0008__moon_hold,9,crystal,63.42,61.96,0.04,0,0,0
seed-0008__moon_hold,9,dream,52.46,52.96,-0.03,0,0,0
seed-0008__moon_hold,10,moon,103.55,102.49,0,4.65116279,481.6279069,16.85697674
seed-0008__moon_hold,10,bank,70.17,69.88,0,0,0,0
seed-0008__moon_hold,10,sky,85.54,81.09,0.03,0,0,0
seed-0008__moon_hold,10,forge,94.7,94.14,0.01,0,0,0
seed-0008__moon_hold,10,crystal,55.63,57.78,-0.12,0,0,0
seed-0008__moon_hold,10,dream,54.75,52.74,0.04,0,0,0
seed-0008__moon_hold,11,moon,103.1,102.6,0,4.65116279,479.53488365,16.78372093
seed-0008__moon_hold,11,bank,70.07,69.59,0,0,0,0
seed-0008__moon_hold,11,sky,86.18,81.32,0.01,0,0,0
seed-0008__moon_hold,11,forge,95.21,94.56,0.01,0,0,0
seed-0008__moon_hold,11,crystal,58.47,58.45,0.05,0,0,0
seed-0008__moon_hold,11,dream,54.64,51.96,0,0,0,0
seed-0008__moon_hold,12,moon,98.09,99.32,-0.05,0,0,15.96813953
seed-0008__moon_hold,12,bank,68.57,69.42,-0.02,0,0,0
seed-0008__moon_hold,12,sky,83.75,80.45,-0.03,0,0,0
seed-0008__moon_hold,12,forge,94.64,94.03,-0.01,0,0,0
seed-0008__moon_hold,12,crystal,58.12,58.08,-0.01,0,0,0
seed-0008__moon_hold,12,dream,50.1,50.91,-0.08,0,0,0
seed-0008__sky_hold,0,moon,86,100,0,0,0,0
seed-0008__sky_hold,0,bank,75,72,0,0,0,0
seed-0008__sky_hold,0,sky,80,80,0,5,400,0
seed-0008__sky_hold,0,forge,88,92,0,0,0,0
seed-0008__sky_hold,0,crystal,62,68,0,0,0,0
seed-0008__sky_hold,0,dream,58,55,0,0,0,0
seed-0008__sky_hold,1,moon,91.16,100.62,0.06,0,0,0
seed-0008__sky_hold,1,bank,73.97,72.52,-0.01,0,0,0
seed-0008__sky_hold,1,sky,81.27,79.55,0.02,5,406.35,24.381
seed-0008__sky_hold,1,forge,89.45,92.53,0.02,0,0,0
seed-0008__sky_hold,1,crystal,58.7,65.81,-0.05,0,0,0
seed-0008__sky_hold,1,dream,55.52,54.21,-0.04,0,0,0
seed-0008__sky_hold,2,moon,96.63,103.54,0.06,0,0,0
seed-0008__sky_hold,2,bank,73.55,72.54,-0.01,0,0,0
seed-0008__sky_hold,2,sky,84.81,80.28,0.04,5,424.05,25.443
seed-0008__sky_hold,2,forge,93.47,93.32,0.04,0,0,0
seed-0008__sky_hold,2,crystal,60.07,65.55,0.02,0,0,0
seed-0008__sky_hold,2,dream,58.4,53.92,0.05,0,0,0
seed-0008__sky_hold,3,moon,97.48,103.54,0.01,0,0,0
seed-0008__sky_hold,3,bank,69.87,70.82,-0.05,0,0,0
seed-0008__sky_hold,3,sky,83.25,79.28,-0.02,5,416.25,4.995
seed-0008__sky_hold,3,forge,91.66,93.73,-0.02,0,0,0
seed-0008__sky_hold,3,crystal,61.35,66.53,0.02,0,0,0
seed-0008__sky_hold,3,dream,57.84,53.44,-0.01,0,0,0
seed-0008__sky_hold,4,moon,100.57,103.68,0.03,0,0,0
seed-0008__sky_hold,4,bank,70.55,71.34,0.01,0,0,0
seed-0008__sky_hold,4,sky,81.98,80.39,-0.02,5,409.9,4.9188
seed-0008__sky_hold,4,forge,92.06,94.3,0,0,0,0
seed-0008__sky_hold,4,crystal,56.92,64.21,-0.07,0,0,0
seed-0008__sky_hold,4,dream,60.5,53.08,0.05,0,0,0
seed-0008__sky_hold,5,moon,102.35,103.31,0.02,0,0,0
seed-0008__sky_hold,5,bank,70.94,70.98,0.01,0,0,0
seed-0008__sky_hold,5,sky,81,81.08,-0.01,5,405,4.86
seed-0008__sky_hold,5,forge,97.81,97.65,0.06,0,0,0
seed-0008__sky_hold,5,crystal,59.74,63.33,0.05,0,0,0
seed-0008__sky_hold,5,dream,61.67,53.69,0.02,0,0,0
seed-0008__sky_hold,6,moon,101.64,102.86,-0.01,0,0,0
seed-0008__sky_hold,6,bank,68.06,69.57,-0.04,0,0,0
seed-0008__sky_hold,6,sky,79.55,81.5,-0.02,5,397.75,4.773
seed-0008__sky_hold,6,forge,100.56,98.55,0.03,0,0,0
seed-0008__sky_hold,6,crystal,58.21,63.67,-0.03,0,0,0
seed-0008__sky_hold,6,dream,62.36,54.21,0.01,0,0,0
seed-0008__sky_hold,7,moon,100.27,102.12,-0.01,0,0,0
seed-0008__sky_hold,7,bank,67.83,69.3,0,0,0,0
seed-0008__sky_hold,7,sky,78.62,80.83,-0.01,5,393.1,4.7172
seed-0008__sky_hold,7,forge,93.77,95.19,-0.07,0,0,0
seed-0008__sky_hold,7,crystal,56.83,62.28,-0.02,0,0,0
seed-0008__sky_hold,7,dream,61.72,53.43,-0.01,0,0,0
seed-0008__sky_hold,8,moon,100.82,101.72,0.01,0,0,0
seed-0008__sky_hold,8,bank,68.7,69.33,0.01,0,0,0
seed-0008__sky_hold,8,sky,81,80.46,0.03,5,405,24.3
seed-0008__sky_hold,8,forge,92.09,93.96,-0.02,0,0,0
seed-0008__sky_hold,8,crystal,61.02,62.4,0.07,0,0,0
seed-0008__sky_hold,8,dream,54.29,53.12,-0.12,0,0,0
seed-0008__sky_hold,9,moon,103.18,102.55,0.02,0,0,0
seed-0008__sky_hold,9,bank,69.89,69.73,0.02,0,0,0
seed-0008__sky_hold,9,sky,82.94,81.02,0.02,5,414.7,24.882
seed-0008__sky_hold,9,forge,94.13,94.97,0.02,0,0,0
seed-0008__sky_hold,9,crystal,63.42,61.96,0.04,0,0,0
seed-0008__sky_hold,9,dream,52.46,52.96,-0.03,0,0,0
seed-0008__sky_hold,10,moon,103.55,102.49,0,0,0,0
seed-0008__sky_hold,10,bank,70.17,69.88,0,0,0,0
seed-0008__sky_hold,10,sky,85.54,81.09,0.03,5,427.7,25.662
seed-0008__sky_hold,10,forge,94.7,94.14,0.01,0,0,0
seed-0008__sky_hold,10,crystal,55.63,57.78,-0.12,0,0,0
seed-0008__sky_hold,10,dream,54.75,52.74,0.04,0,0,0
seed-0008__sky_hold,11,moon,103.1,102.6,0,0,0,0
seed-0008__sky_hold,11,bank,70.07,69.59,0,0,0,0
seed-0008__sky_hold,11,sky,86.18,81.32,0.01,5,430.9,25.854
seed-0008__sky_hold,11,forge,95.21,94.56,0.01,0,0,0
seed-0008__sky_hold,11,crystal,58.47,58.45,0.05,0,0,0
seed-0008__sky_hold,11,dream,54.64,51.96,0,0,0,0
seed-0008__sky_hold,12,moon,98.09,99.32,-0.05,0,0,0
seed-0008__sky_hold,12,bank,68.57,69.42,-0.02,0,0,0
seed-0008__sky_hold,12,sky,83.75,80.45,-0.03,0,0,5.025
seed-0008__sky_hold,12,forge,94.64,94.03,-0.01,0,0,0
seed-0008__sky_hold,12,crystal,58.12,58.08,-0.01,0,0,0
seed-0008__sky_hold,12,dream,50.1,50.91,-0.08,0,0,0
seed-0008__crystal_hold,0,moon,86,100,0,0,0,0
seed-0008__crystal_hold,0,bank,75,72,0,0,0,0
seed-0008__crystal_hold,0,sky,80,80,0,0,0,0
seed-0008__crystal_hold,0,forge,88,92,0,0,0,0
seed-0008__crystal_hold,0,crystal,62,68,0,6.4516129,399.9999998,0
seed-0008__crystal_hold,0,dream,58,55,0,0,0,0
seed-0008__crystal_hold,1,moon,91.16,100.62,0.06,0,0,0
seed-0008__crystal_hold,1,bank,73.97,72.52,-0.01,0,0,0
seed-0008__crystal_hold,1,sky,81.27,79.55,0.02,0,0,0
seed-0008__crystal_hold,1,forge,89.45,92.53,0.02,0,0,0
seed-0008__crystal_hold,1,crystal,58.7,65.81,-0.05,6.4516129,378.70967723,28.40322579
seed-0008__crystal_hold,1,dream,55.52,54.21,-0.04,0,0,0
seed-0008__crystal_hold,2,moon,96.63,103.54,0.06,0,0,0
seed-0008__crystal_hold,2,bank,73.55,72.54,-0.01,0,0,0
seed-0008__crystal_hold,2,sky,84.81,80.28,0.04,0,0,0
seed-0008__crystal_hold,2,forge,93.47,93.32,0.04,0,0,0
seed-0008__crystal_hold,2,crystal,60.07,65.55,0.02,6.4516129,387.5483869,4.35991935
seed-0008__crystal_hold,2,dream,58.4,53.92,0.05,0,0,0
seed-0008__crystal_hold,3,moon,97.48,103.54,0.01,0,0,0
seed-0008__crystal_hold,3,bank,69.87,70.82,-0.05,0,0,0
seed-0008__crystal_hold,3,sky,83.25,79.28,-0.02,0,0,0
seed-0008__crystal_hold,3,forge,91.66,93.73,-0.02,0,0,0
seed-0008__crystal_hold,3,crystal,61.35,66.53,0.02,6.4516129,395.80645142,4.45282258
seed-0008__crystal_hold,3,dream,57.84,53.44,-0.01,0,0,0
seed-0008__crystal_hold,4,moon,100.57,103.68,0.03,0,0,0
seed-0008__crystal_hold,4,bank,70.55,71.34,0.01,0,0,0
seed-0008__crystal_hold,4,sky,81.98,80.39,-0.02,0,0,0
seed-0008__crystal_hold,4,forge,92.06,94.3,0,0,0,0
seed-0008__crystal_hold,4,crystal,56.92,64.21,-0.07,6.4516129,367.22580627,27.54193547
seed-0008__crystal_hold,4,dream,60.5,53.08,0.05,0,0,0
seed-0008__crystal_hold,5,moon,102.35,103.31,0.02,0,0,0
seed-0008__crystal_hold,5,bank,70.94,70.98,0.01,0,0,0
seed-0008__crystal_hold,5,sky,81,81.08,-0.01,0,0,0
seed-0008__crystal_hold,5,forge,97.81,97.65,0.06,0,0,0
seed-0008__crystal_hold,5,crystal,59.74,63.33,0.05,6.4516129,385.41935465,28.9064516
seed-0008__crystal_hold,5,dream,61.67,53.69,0.02,0,0,0
seed-0008__crystal_hold,6,moon,101.64,102.86,-0.01,0,0,0
seed-0008__crystal_hold,6,bank,68.06,69.57,-0.04,0,0,0
seed-0008__crystal_hold,6,sky,79.55,81.5,-0.02,0,0,0
seed-0008__crystal_hold,6,forge,100.56,98.55,0.03,0,0,0
seed-0008__crystal_hold,6,crystal,58.21,63.67,-0.03,6.4516129,375.54838691,28.16612902
seed-0008__crystal_hold,6,dream,62.36,54.21,0.01,0,0,0
seed-0008__crystal_hold,7,moon,100.27,102.12,-0.01,0,0,0
seed-0008__crystal_hold,7,bank,67.83,69.3,0,0,0,0
seed-0008__crystal_hold,7,sky,78.62,80.83,-0.01,0,0,0
seed-0008__crystal_hold,7,forge,93.77,95.19,-0.07,0,0,0
seed-0008__crystal_hold,7,crystal,56.83,62.28,-0.02,6.4516129,366.64516111,4.12475806
seed-0008__crystal_hold,7,dream,61.72,53.43,-0.01,0,0,0
seed-0008__crystal_hold,8,moon,100.82,101.72,0.01,0,0,0
seed-0008__crystal_hold,8,bank,68.7,69.33,0.01,0,0,0
seed-0008__crystal_hold,8,sky,81,80.46,0.03,0,0,0
seed-0008__crystal_hold,8,forge,92.09,93.96,-0.02,0,0,0
seed-0008__crystal_hold,8,crystal,61.02,62.4,0.07,6.4516129,393.67741916,29.52580644
seed-0008__crystal_hold,8,dream,54.29,53.12,-0.12,0,0,0
seed-0008__crystal_hold,9,moon,103.18,102.55,0.02,0,0,0
seed-0008__crystal_hold,9,bank,69.89,69.73,0.02,0,0,0
seed-0008__crystal_hold,9,sky,82.94,81.02,0.02,0,0,0
seed-0008__crystal_hold,9,forge,94.13,94.97,0.02,0,0,0
seed-0008__crystal_hold,9,crystal,63.42,61.96,0.04,6.4516129,409.16129012,30.68709676
seed-0008__crystal_hold,9,dream,52.46,52.96,-0.03,0,0,0
seed-0008__crystal_hold,10,moon,103.55,102.49,0,0,0,0
seed-0008__crystal_hold,10,bank,70.17,69.88,0,0,0,0
seed-0008__crystal_hold,10,sky,85.54,81.09,0.03,0,0,0
seed-0008__crystal_hold,10,forge,94.7,94.14,0.01,0,0,0
seed-0008__crystal_hold,10,crystal,55.63,57.78,-0.12,6.4516129,358.90322563,26.91774192
seed-0008__crystal_hold,10,dream,54.75,52.74,0.04,0,0,0
seed-0008__crystal_hold,11,moon,103.1,102.6,0,0,0,0
seed-0008__crystal_hold,11,bank,70.07,69.59,0,0,0,0
seed-0008__crystal_hold,11,sky,86.18,81.32,0.01,0,0,0
seed-0008__crystal_hold,11,forge,95.21,94.56,0.01,0,0,0
seed-0008__crystal_hold,11,crystal,58.47,58.45,0.05,6.4516129,377.22580626,28.29193547
seed-0008__crystal_hold,11,dream,54.64,51.96,0,0,0,0
seed-0008__crystal_hold,12,moon,98.09,99.32,-0.05,0,0,0
seed-0008__crystal_hold,12,bank,68.57,69.42,-0.02,0,0,0
seed-0008__crystal_hold,12,sky,83.75,80.45,-0.03,0,0,0
seed-0008__crystal_hold,12,forge,94.64,94.03,-0.01,0,0,0
seed-0008__crystal_hold,12,crystal,58.12,58.08,-0.01,0,0,4.21838709
seed-0008__crystal_hold,12,dream,50.1,50.91,-0.08,0,0,0
seed-0009__cash_control,0,moon,86,100,0,0,0,0
seed-0009__cash_control,0,bank,75,72,0,0,0,0
seed-0009__cash_control,0,sky,80,80,0,0,0,0
seed-0009__cash_control,0,forge,88,92,0,0,0,0
seed-0009__cash_control,0,crystal,62,68,0,0,0,0
seed-0009__cash_control,0,dream,58,55,0,0,0,0
seed-0009__cash_control,1,moon,91.16,100.75,0.06,0,0,0
seed-0009__cash_control,1,bank,73.95,72.12,-0.01,0,0,0
seed-0009__cash_control,1,sky,81.74,80.55,0.02,0,0,0
seed-0009__cash_control,1,forge,90.72,91.87,0.03,0,0,0
seed-0009__cash_control,1,crystal,66,68.92,0.06,0,0,0
seed-0009__cash_control,1,dream,68.44,56.69,0.18,0,0,0
seed-0009__cash_control,2,moon,95.14,101.07,0.04,0,0,0
seed-0009__cash_control,2,bank,73.25,72.04,-0.01,0,0,0
seed-0009__cash_control,2,sky,83.28,80.83,0.02,0,0,0
seed-0009__cash_control,2,forge,88.99,88.08,-0.02,0,0,0
seed-0009__cash_control,2,crystal,68.62,68.26,0.04,0,0,0
seed-0009__cash_control,2,dream,76.52,56.82,0.12,0,0,0
seed-0009__cash_control,3,moon,98.13,101.14,0.03,0,0,0
seed-0009__cash_control,3,bank,73.39,72.27,0,0,0,0
seed-0009__cash_control,3,sky,86.66,80.84,0.04,0,0,0
seed-0009__cash_control,3,forge,89.14,88.9,0,0,0,0
seed-0009__cash_control,3,crystal,70.26,67.05,0.02,0,0,0
seed-0009__cash_control,3,dream,87.38,58.1,0.14,0,0,0
seed-0009__cash_control,4,moon,100.57,101.12,0.02,0,0,0
seed-0009__cash_control,4,bank,73.58,72.77,0,0,0,0
seed-0009__cash_control,4,sky,89.28,80.85,0.03,0,0,0
seed-0009__cash_control,4,forge,85.4,84.75,-0.04,0,0,0
seed-0009__cash_control,4,crystal,70.96,66.82,0.01,0,0,0
seed-0009__cash_control,4,dream,95.15,58.3,0.09,0,0,0
seed-0009__cash_control,5,moon,100.25,100.82,0,0,0,0
seed-0009__cash_control,5,bank,73.03,72.31,-0.01,0,0,0
seed-0009__cash_control,5,sky,86.1,79.64,-0.04,0,0,0
seed-0009__cash_control,5,forge,80.33,83.76,-0.06,0,0,0
seed-0009__cash_control,5,crystal,66.62,65.7,-0.06,0,0,0
seed-0009__cash_control,5,dream,100.96,57.05,0.06,0,0,0
seed-0009__cash_control,6,moon,100.49,101.32,0,0,0,0
seed-0009__cash_control,6,bank,72.74,72.13,0,0,0,0
seed-0009__cash_control,6,sky,81.2,78.91,-0.06,0,0,0
seed-0009__cash_control,6,forge,78.22,84.59,-0.03,0,0,0
seed-0009__cash_control,6,crystal,68.32,66.56,0.03,0,0,0
seed-0009__cash_control,6,dream,95.82,57.97,-0.05,0,0,0
seed-0009__cash_control,7,moon,99.98,101.34,-0.01,0,0,0
seed-0009__cash_control,7,bank,69.58,70.3,-0.04,0,0,0
seed-0009__cash_control,7,sky,75.33,78.01,-0.07,0,0,0
seed-0009__cash_control,7,forge,77.11,84.3,-0.01,0,0,0
seed-0009__cash_control,7,crystal,64.27,66.32,-0.06,0,0,0
seed-0009__cash_control,7,dream,89.1,57.46,-0.07,0,0,0
seed-0009__cash_control,8,moon,99.45,101.4,-0.01,0,0,0
seed-0009__cash_control,8,bank,69.04,70.04,-0.01,0,0,0
seed-0009__cash_control,8,sky,71.97,78.75,-0.04,0,0,0
seed-0009__cash_control,8,forge,73.51,80.86,-0.05,0,0,0
seed-0009__cash_control,8,crystal,65.78,67.55,0.02,0,0,0
seed-0009__cash_control,8,dream,76.4,57.77,-0.14,0,0,0
seed-0009__cash_control,9,moon,100.54,101.66,0.01,0,0,0
seed-0009__cash_control,9,bank,70.07,70.3,0.01,0,0,0
seed-0009__cash_control,9,sky,72.34,79.12,0.01,0,0,0
seed-0009__cash_control,9,forge,75.15,80.12,0.02,0,0,0
seed-0009__cash_control,9,crystal,67.23,68.14,0.02,0,0,0
seed-0009__cash_control,9,dream,62.65,57.49,-0.18,0,0,0
seed-0009__cash_control,10,moon,100.24,101.39,0,0,0,0
seed-0009__cash_control,10,bank,69.89,70.19,0,0,0,0
seed-0009__cash_control,10,sky,72.9,79.47,0.01,0,0,0
seed-0009__cash_control,10,forge,73.51,79.17,-0.02,0,0,0
seed-0009__cash_control,10,crystal,73.34,71.67,0.09,0,0,0
seed-0009__cash_control,10,dream,51.37,58.66,-0.18,0,0,0
seed-0009__cash_control,11,moon,99.09,100.81,-0.01,0,0,0
seed-0009__cash_control,11,bank,69.23,70.06,-0.01,0,0,0
seed-0009__cash_control,11,sky,72.59,78.6,0,0,0,0
seed-0009__cash_control,11,forge,73.73,78.49,0,0,0,0
seed-0009__cash_control,11,crystal,70.8,69.96,-0.03,0,0,0
seed-0009__cash_control,11,dream,46.35,58.73,-0.1,0,0,0
seed-0009__cash_control,12,moon,100.41,103.1,0.01,0,0,0
seed-0009__cash_control,12,bank,69.21,69.9,0,0,0,0
seed-0009__cash_control,12,sky,73.79,78.83,0.02,0,0,0
seed-0009__cash_control,12,forge,73.6,78.09,0,0,0,0
seed-0009__cash_control,12,crystal,70.47,69.48,0,0,0,0
seed-0009__cash_control,12,dream,42.27,57.69,-0.09,0,0,0
seed-0009__moon_hold,0,moon,86,100,0,4.65116279,400,0
seed-0009__moon_hold,0,bank,75,72,0,0,0,0
seed-0009__moon_hold,0,sky,80,80,0,0,0,0
seed-0009__moon_hold,0,forge,88,92,0,0,0,0
seed-0009__moon_hold,0,crystal,62,68,0,0,0,0
seed-0009__moon_hold,0,dream,58,55,0,0,0,0
seed-0009__moon_hold,1,moon,91.16,100.75,0.06,4.65116279,424,14.84
seed-0009__moon_hold,1,bank,73.95,72.12,-0.01,0,0,0
seed-0009__moon_hold,1,sky,81.74,80.55,0.02,0,0,0
seed-0009__moon_hold,1,forge,90.72,91.87,0.03,0,0,0
seed-0009__moon_hold,1,crystal,66,68.92,0.06,0,0,0
seed-0009__moon_hold,1,dream,68.44,56.69,0.18,0,0,0
seed-0009__moon_hold,2,moon,95.14,101.07,0.04,4.65116279,442.51162784,15.48790697
seed-0009__moon_hold,2,bank,73.25,72.04,-0.01,0,0,0
seed-0009__moon_hold,2,sky,83.28,80.83,0.02,0,0,0
seed-0009__moon_hold,2,forge,88.99,88.08,-0.02,0,0,0
seed-0009__moon_hold,2,crystal,68.62,68.26,0.04,0,0,0
seed-0009__moon_hold,2,dream,76.52,56.82,0.12,0,0,0
seed-0009__moon_hold,3,moon,98.13,101.14,0.03,4.65116279,456.41860458,15.97465116
seed-0009__moon_hold,3,bank,73.39,72.27,0,0,0,0
seed-0009__moon_hold,3,sky,86.66,80.84,0.04,0,0,0
seed-0009__moon_hold,3,forge,89.14,88.9,0,0,0,0
seed-0009__moon_hold,3,crystal,70.26,67.05,0.02,0,0,0
seed-0009__moon_hold,3,dream,87.38,58.1,0.14,0,0,0
seed-0009__moon_hold,4,moon,100.57,101.12,0.02,4.65116279,467.76744179,16.37186046
seed-0009__moon_hold,4,bank,73.58,72.77,0,0,0,0
seed-0009__moon_hold,4,sky,89.28,80.85,0.03,0,0,0
seed-0009__moon_hold,4,forge,85.4,84.75,-0.04,0,0,0
seed-0009__moon_hold,4,crystal,70.96,66.82,0.01,0,0,0
seed-0009__moon_hold,4,dream,95.15,58.3,0.09,0,0,0
seed-0009__moon_hold,5,moon,100.25,100.82,0,4.65116279,466.2790697,16.31976744
seed-0009__moon_hold,5,bank,73.03,72.31,-0.01,0,0,0
seed-0009__moon_hold,5,sky,86.1,79.64,-0.04,0,0,0
seed-0009__moon_hold,5,forge,80.33,83.76,-0.06,0,0,0
seed-0009__moon_hold,5,crystal,66.62,65.7,-0.06,0,0,0
seed-0009__moon_hold,5,dream,100.96,57.05,0.06,0,0,0
seed-0009__moon_hold,6,moon,100.49,101.32,0,4.65116279,467.39534877,16.35883721
seed-0009__moon_hold,6,bank,72.74,72.13,0,0,0,0
seed-0009__moon_hold,6,sky,81.2,78.91,-0.06,0,0,0
seed-0009__moon_hold,6,forge,78.22,84.59,-0.03,0,0,0
seed-0009__moon_hold,6,crystal,68.32,66.56,0.03,0,0,0
seed-0009__moon_hold,6,dream,95.82,57.97,-0.05,0,0,0
seed-0009__moon_hold,7,moon,99.98,101.34,-0.01,4.65116279,465.02325574,16.27581395
seed-0009__moon_hold,7,bank,69.58,70.3,-0.04,0,0,0
seed-0009__moon_hold,7,sky,75.33,78.01,-0.07,0,0,0
seed-0009__moon_hold,7,forge,77.11,84.3,-0.01,0,0,0
seed-0009__moon_hold,7,crystal,64.27,66.32,-0.06,0,0,0
seed-0009__moon_hold,7,dream,89.1,57.46,-0.07,0,0,0
seed-0009__moon_hold,8,moon,99.45,101.4,-0.01,4.65116279,462.55813947,16.18953488
seed-0009__moon_hold,8,bank,69.04,70.04,-0.01,0,0,0
seed-0009__moon_hold,8,sky,71.97,78.75,-0.04,0,0,0
seed-0009__moon_hold,8,forge,73.51,80.86,-0.05,0,0,0
seed-0009__moon_hold,8,crystal,65.78,67.55,0.02,0,0,0
seed-0009__moon_hold,8,dream,76.4,57.77,-0.14,0,0,0
seed-0009__moon_hold,9,moon,100.54,101.66,0.01,4.65116279,467.62790691,16.36697674
seed-0009__moon_hold,9,bank,70.07,70.3,0.01,0,0,0
seed-0009__moon_hold,9,sky,72.34,79.12,0.01,0,0,0
seed-0009__moon_hold,9,forge,75.15,80.12,0.02,0,0,0
seed-0009__moon_hold,9,crystal,67.23,68.14,0.02,0,0,0
seed-0009__moon_hold,9,dream,62.65,57.49,-0.18,0,0,0
seed-0009__moon_hold,10,moon,100.24,101.39,0,4.65116279,466.23255807,16.31813953
seed-0009__moon_hold,10,bank,69.89,70.19,0,0,0,0
seed-0009__moon_hold,10,sky,72.9,79.47,0.01,0,0,0
seed-0009__moon_hold,10,forge,73.51,79.17,-0.02,0,0,0
seed-0009__moon_hold,10,crystal,73.34,71.67,0.09,0,0,0
seed-0009__moon_hold,10,dream,51.37,58.66,-0.18,0,0,0
seed-0009__moon_hold,11,moon,99.09,100.81,-0.01,4.65116279,460.88372086,16.13093023
seed-0009__moon_hold,11,bank,69.23,70.06,-0.01,0,0,0
seed-0009__moon_hold,11,sky,72.59,78.6,0,0,0,0
seed-0009__moon_hold,11,forge,73.73,78.49,0,0,0,0
seed-0009__moon_hold,11,crystal,70.8,69.96,-0.03,0,0,0
seed-0009__moon_hold,11,dream,46.35,58.73,-0.1,0,0,0
seed-0009__moon_hold,12,moon,100.41,103.1,0.01,0,0,16.34581395
seed-0009__moon_hold,12,bank,69.21,69.9,0,0,0,0
seed-0009__moon_hold,12,sky,73.79,78.83,0.02,0,0,0
seed-0009__moon_hold,12,forge,73.6,78.09,0,0,0,0
seed-0009__moon_hold,12,crystal,70.47,69.48,0,0,0,0
seed-0009__moon_hold,12,dream,42.27,57.69,-0.09,0,0,0
seed-0009__sky_hold,0,moon,86,100,0,0,0,0
seed-0009__sky_hold,0,bank,75,72,0,0,0,0
seed-0009__sky_hold,0,sky,80,80,0,5,400,0
seed-0009__sky_hold,0,forge,88,92,0,0,0,0
seed-0009__sky_hold,0,crystal,62,68,0,0,0,0
seed-0009__sky_hold,0,dream,58,55,0,0,0,0
seed-0009__sky_hold,1,moon,91.16,100.75,0.06,0,0,0
seed-0009__sky_hold,1,bank,73.95,72.12,-0.01,0,0,0
seed-0009__sky_hold,1,sky,81.74,80.55,0.02,5,408.7,24.522
seed-0009__sky_hold,1,forge,90.72,91.87,0.03,0,0,0
seed-0009__sky_hold,1,crystal,66,68.92,0.06,0,0,0
seed-0009__sky_hold,1,dream,68.44,56.69,0.18,0,0,0
seed-0009__sky_hold,2,moon,95.14,101.07,0.04,0,0,0
seed-0009__sky_hold,2,bank,73.25,72.04,-0.01,0,0,0
seed-0009__sky_hold,2,sky,83.28,80.83,0.02,5,416.4,24.984
seed-0009__sky_hold,2,forge,88.99,88.08,-0.02,0,0,0
seed-0009__sky_hold,2,crystal,68.62,68.26,0.04,0,0,0
seed-0009__sky_hold,2,dream,76.52,56.82,0.12,0,0,0
seed-0009__sky_hold,3,moon,98.13,101.14,0.03,0,0,0
seed-0009__sky_hold,3,bank,73.39,72.27,0,0,0,0
seed-0009__sky_hold,3,sky,86.66,80.84,0.04,5,433.3,25.998
seed-0009__sky_hold,3,forge,89.14,88.9,0,0,0,0
seed-0009__sky_hold,3,crystal,70.26,67.05,0.02,0,0,0
seed-0009__sky_hold,3,dream,87.38,58.1,0.14,0,0,0
seed-0009__sky_hold,4,moon,100.57,101.12,0.02,0,0,0
seed-0009__sky_hold,4,bank,73.58,72.77,0,0,0,0
seed-0009__sky_hold,4,sky,89.28,80.85,0.03,5,446.4,26.784
seed-0009__sky_hold,4,forge,85.4,84.75,-0.04,0,0,0
seed-0009__sky_hold,4,crystal,70.96,66.82,0.01,0,0,0
seed-0009__sky_hold,4,dream,95.15,58.3,0.09,0,0,0
seed-0009__sky_hold,5,moon,100.25,100.82,0,0,0,0
seed-0009__sky_hold,5,bank,73.03,72.31,-0.01,0,0,0
seed-0009__sky_hold,5,sky,86.1,79.64,-0.04,5,430.5,5.166
seed-0009__sky_hold,5,forge,80.33,83.76,-0.06,0,0,0
seed-0009__sky_hold,5,crystal,66.62,65.7,-0.06,0,0,0
seed-0009__sky_hold,5,dream,100.96,57.05,0.06,0,0,0
seed-0009__sky_hold,6,moon,100.49,101.32,0,0,0,0
seed-0009__sky_hold,6,bank,72.74,72.13,0,0,0,0
seed-0009__sky_hold,6,sky,81.2,78.91,-0.06,5,406,4.872
seed-0009__sky_hold,6,forge,78.22,84.59,-0.03,0,0,0
seed-0009__sky_hold,6,crystal,68.32,66.56,0.03,0,0,0
seed-0009__sky_hold,6,dream,95.82,57.97,-0.05,0,0,0
seed-0009__sky_hold,7,moon,99.98,101.34,-0.01,0,0,0
seed-0009__sky_hold,7,bank,69.58,70.3,-0.04,0,0,0
seed-0009__sky_hold,7,sky,75.33,78.01,-0.07,5,376.65,4.5198
seed-0009__sky_hold,7,forge,77.11,84.3,-0.01,0,0,0
seed-0009__sky_hold,7,crystal,64.27,66.32,-0.06,0,0,0
seed-0009__sky_hold,7,dream,89.1,57.46,-0.07,0,0,0
seed-0009__sky_hold,8,moon,99.45,101.4,-0.01,0,0,0
seed-0009__sky_hold,8,bank,69.04,70.04,-0.01,0,0,0
seed-0009__sky_hold,8,sky,71.97,78.75,-0.04,5,359.85,4.3182
seed-0009__sky_hold,8,forge,73.51,80.86,-0.05,0,0,0
seed-0009__sky_hold,8,crystal,65.78,67.55,0.02,0,0,0
seed-0009__sky_hold,8,dream,76.4,57.77,-0.14,0,0,0
seed-0009__sky_hold,9,moon,100.54,101.66,0.01,0,0,0
seed-0009__sky_hold,9,bank,70.07,70.3,0.01,0,0,0
seed-0009__sky_hold,9,sky,72.34,79.12,0.01,5,361.7,21.702
seed-0009__sky_hold,9,forge,75.15,80.12,0.02,0,0,0
seed-0009__sky_hold,9,crystal,67.23,68.14,0.02,0,0,0
seed-0009__sky_hold,9,dream,62.65,57.49,-0.18,0,0,0
seed-0009__sky_hold,10,moon,100.24,101.39,0,0,0,0
seed-0009__sky_hold,10,bank,69.89,70.19,0,0,0,0
seed-0009__sky_hold,10,sky,72.9,79.47,0.01,5,364.5,21.87
seed-0009__sky_hold,10,forge,73.51,79.17,-0.02,0,0,0
seed-0009__sky_hold,10,crystal,73.34,71.67,0.09,0,0,0
seed-0009__sky_hold,10,dream,51.37,58.66,-0.18,0,0,0
seed-0009__sky_hold,11,moon,99.09,100.81,-0.01,0,0,0
seed-0009__sky_hold,11,bank,69.23,70.06,-0.01,0,0,0
seed-0009__sky_hold,11,sky,72.59,78.6,0,5,362.95,4.3554
seed-0009__sky_hold,11,forge,73.73,78.49,0,0,0,0
seed-0009__sky_hold,11,crystal,70.8,69.96,-0.03,0,0,0
seed-0009__sky_hold,11,dream,46.35,58.73,-0.1,0,0,0
seed-0009__sky_hold,12,moon,100.41,103.1,0.01,0,0,0
seed-0009__sky_hold,12,bank,69.21,69.9,0,0,0,0
seed-0009__sky_hold,12,sky,73.79,78.83,0.02,0,0,22.137
seed-0009__sky_hold,12,forge,73.6,78.09,0,0,0,0
seed-0009__sky_hold,12,crystal,70.47,69.48,0,0,0,0
seed-0009__sky_hold,12,dream,42.27,57.69,-0.09,0,0,0
seed-0009__crystal_hold,0,moon,86,100,0,0,0,0
seed-0009__crystal_hold,0,bank,75,72,0,0,0,0
seed-0009__crystal_hold,0,sky,80,80,0,0,0,0
seed-0009__crystal_hold,0,forge,88,92,0,0,0,0
seed-0009__crystal_hold,0,crystal,62,68,0,6.4516129,399.9999998,0
seed-0009__crystal_hold,0,dream,58,55,0,0,0,0
seed-0009__crystal_hold,1,moon,91.16,100.75,0.06,0,0,0
seed-0009__crystal_hold,1,bank,73.95,72.12,-0.01,0,0,0
seed-0009__crystal_hold,1,sky,81.74,80.55,0.02,0,0,0
seed-0009__crystal_hold,1,forge,90.72,91.87,0.03,0,0,0
seed-0009__crystal_hold,1,crystal,66,68.92,0.06,6.4516129,425.8064514,31.93548385
seed-0009__crystal_hold,1,dream,68.44,56.69,0.18,0,0,0
seed-0009__crystal_hold,2,moon,95.14,101.07,0.04,0,0,0
seed-0009__crystal_hold,2,bank,73.25,72.04,-0.01,0,0,0
seed-0009__crystal_hold,2,sky,83.28,80.83,0.02,0,0,0
seed-0009__crystal_hold,2,forge,88.99,88.08,-0.02,0,0,0
seed-0009__crystal_hold,2,crystal,68.62,68.26,0.04,6.4516129,442.7096772,33.20322579
seed-0009__crystal_hold,2,dream,76.52,56.82,0.12,0,0,0
seed-0009__crystal_hold,3,moon,98.13,101.14,0.03,0,0,0
seed-0009__crystal_hold,3,bank,73.39,72.27,0,0,0,0
seed-0009__crystal_hold,3,sky,86.66,80.84,0.04,0,0,0
seed-0009__crystal_hold,3,forge,89.14,88.9,0,0,0,0
seed-0009__crystal_hold,3,crystal,70.26,67.05,0.02,6.4516129,453.29032235,5.09951613
seed-0009__crystal_hold,3,dream,87.38,58.1,0.14,0,0,0
seed-0009__crystal_hold,4,moon,100.57,101.12,0.02,0,0,0
seed-0009__crystal_hold,4,bank,73.58,72.77,0,0,0,0
seed-0009__crystal_hold,4,sky,89.28,80.85,0.03,0,0,0
seed-0009__crystal_hold,4,forge,85.4,84.75,-0.04,0,0,0
seed-0009__crystal_hold,4,crystal,70.96,66.82,0.01,6.4516129,457.80645138,5.15032258
seed-0009__crystal_hold,4,dream,95.15,58.3,0.09,0,0,0
seed-0009__crystal_hold,5,moon,100.25,100.82,0,0,0,0
seed-0009__crystal_hold,5,bank,73.03,72.31,-0.01,0,0,0
seed-0009__crystal_hold,5,sky,86.1,79.64,-0.04,0,0,0
seed-0009__crystal_hold,5,forge,80.33,83.76,-0.06,0,0,0
seed-0009__crystal_hold,5,crystal,66.62,65.7,-0.06,6.4516129,429.8064514,32.23548385
seed-0009__crystal_hold,5,dream,100.96,57.05,0.06,0,0,0
seed-0009__crystal_hold,6,moon,100.49,101.32,0,0,0,0
seed-0009__crystal_hold,6,bank,72.74,72.13,0,0,0,0
seed-0009__crystal_hold,6,sky,81.2,78.91,-0.06,0,0,0
seed-0009__crystal_hold,6,forge,78.22,84.59,-0.03,0,0,0
seed-0009__crystal_hold,6,crystal,68.32,66.56,0.03,6.4516129,440.77419333,33.0580645
seed-0009__crystal_hold,6,dream,95.82,57.97,-0.05,0,0,0
seed-0009__crystal_hold,7,moon,99.98,101.34,-0.01,0,0,0
seed-0009__crystal_hold,7,bank,69.58,70.3,-0.04,0,0,0
seed-0009__crystal_hold,7,sky,75.33,78.01,-0.07,0,0,0
seed-0009__crystal_hold,7,forge,77.11,84.3,-0.01,0,0,0
seed-0009__crystal_hold,7,crystal,64.27,66.32,-0.06,6.4516129,414.64516108,31.09838708
seed-0009__crystal_hold,7,dream,89.1,57.46,-0.07,0,0,0
seed-0009__crystal_hold,8,moon,99.45,101.4,-0.01,0,0,0
seed-0009__crystal_hold,8,bank,69.04,70.04,-0.01,0,0,0
seed-0009__crystal_hold,8,sky,71.97,78.75,-0.04,0,0,0
seed-0009__crystal_hold,8,forge,73.51,80.86,-0.05,0,0,0
seed-0009__crystal_hold,8,crystal,65.78,67.55,0.02,6.4516129,424.38709656,4.77435484
seed-0009__crystal_hold,8,dream,76.4,57.77,-0.14,0,0,0
seed-0009__crystal_hold,9,moon,100.54,101.66,0.01,0,0,0
seed-0009__crystal_hold,9,bank,70.07,70.3,0.01,0,0,0
seed-0009__crystal_hold,9,sky,72.34,79.12,0.01,0,0,0
seed-0009__crystal_hold,9,forge,75.15,80.12,0.02,0,0,0
seed-0009__crystal_hold,9,crystal,67.23,68.14,0.02,6.4516129,433.74193527,4.87959677
seed-0009__crystal_hold,9,dream,62.65,57.49,-0.18,0,0,0
seed-0009__crystal_hold,10,moon,100.24,101.39,0,0,0,0
seed-0009__crystal_hold,10,bank,69.89,70.19,0,0,0,0
seed-0009__crystal_hold,10,sky,72.9,79.47,0.01,0,0,0
seed-0009__crystal_hold,10,forge,73.51,79.17,-0.02,0,0,0
seed-0009__crystal_hold,10,crystal,73.34,71.67,0.09,6.4516129,473.16129009,35.48709676
seed-0009__crystal_hold,10,dream,51.37,58.66,-0.18,0,0,0
seed-0009__crystal_hold,11,moon,99.09,100.81,-0.01,0,0,0
seed-0009__crystal_hold,11,bank,69.23,70.06,-0.01,0,0,0
seed-0009__crystal_hold,11,sky,72.59,78.6,0,0,0,0
seed-0009__crystal_hold,11,forge,73.73,78.49,0,0,0,0
seed-0009__crystal_hold,11,crystal,70.8,69.96,-0.03,6.4516129,456.77419332,34.2580645
seed-0009__crystal_hold,11,dream,46.35,58.73,-0.1,0,0,0
seed-0009__crystal_hold,12,moon,100.41,103.1,0.01,0,0,0
seed-0009__crystal_hold,12,bank,69.21,69.9,0,0,0,0
seed-0009__crystal_hold,12,sky,73.79,78.83,0.02,0,0,0
seed-0009__crystal_hold,12,forge,73.6,78.09,0,0,0,0
seed-0009__crystal_hold,12,crystal,70.47,69.48,0,0,0,5.11475806
seed-0009__crystal_hold,12,dream,42.27,57.69,-0.09,0,0,0
seed-0010__cash_control,0,moon,86,100,0,0,0,0
seed-0010__cash_control,0,bank,75,72,0,0,0,0
seed-0010__cash_control,0,sky,80,80,0,0,0,0
seed-0010__cash_control,0,forge,88,92,0,0,0,0
seed-0010__cash_control,0,crystal,62,68,0,0,0,0
seed-0010__cash_control,0,dream,58,55,0,0,0,0
seed-0010__cash_control,1,moon,91.16,100.23,0.06,0,0,0
seed-0010__cash_control,1,bank,73.76,71.72,-0.02,0,0,0
seed-0010__cash_control,1,sky,81.75,80.79,0.02,0,0,0
seed-0010__cash_control,1,forge,93.05,95.34,0.06,0,0,0
seed-0010__cash_control,1,crystal,65.02,69.13,0.05,0,0,0
seed-0010__cash_control,1,dream,57.22,56.13,-0.01,0,0,0
seed-0010__cash_control,2,moon,93.57,100.25,0.03,0,0,0
seed-0010__cash_control,2,bank,71.88,71.39,-0.03,0,0,0
seed-0010__cash_control,2,sky,81.05,80.16,-0.01,0,0,0
seed-0010__cash_control,2,forge,95.73,95.97,0.03,0,0,0
seed-0010__cash_control,2,crystal,66.48,69.5,0.02,0,0,0
seed-0010__cash_control,2,dream,58.69,55.98,0.03,0,0,0
seed-0010__cash_control,3,moon,97.46,100.57,0.04,0,0,0
seed-0010__cash_control,3,bank,72.71,71.49,0.01,0,0,0
seed-0010__cash_control,3,sky,81.83,80.61,0.01,0,0,0
seed-0010__cash_control,3,forge,98.34,95.44,0.03,0,0,0
seed-0010__cash_control,3,crystal,65.87,69.11,-0.01,0,0,0
seed-0010__cash_control,3,dream,68.48,58.37,0.17,0,0,0
seed-0010__cash_control,4,moon,97.03,99.8,0,0,0,0
seed-0010__cash_control,4,bank,71.08,71.53,-0.02,0,0,0
seed-0010__cash_control,4,sky,79.83,79.76,-0.02,0,0,0
seed-0010__cash_control,4,forge,98.54,95.95,0,0,0,0
seed-0010__cash_control,4,crystal,63.23,68.34,-0.04,0,0,0
seed-0010__cash_control,4,dream,79.55,59.52,0.16,0,0,0
seed-0010__cash_control,5,moon,98.29,99.44,0.01,0,0,0
seed-0010__cash_control,5,bank,71.26,71.65,0,0,0,0
seed-0010__cash_control,5,sky,81.67,80.34,0.02,0,0,0
seed-0010__cash_control,5,forge,96.57,91.83,-0.02,0,0,0
seed-0010__cash_control,5,crystal,64.22,68.22,0.02,0,0,0
seed-0010__cash_control,5,dream,93.87,58.14,0.18,0,0,0
seed-0010__cash_control,6,moon,100.12,102.02,0.02,0,0,0
seed-0010__cash_control,6,bank,71.11,71.5,0,0,0,0
seed-0010__cash_control,6,sky,81.06,80.52,-0.01,0,0,0
seed-0010__cash_control,6,forge,95.75,91.09,-0.01,0,0,0
seed-0010__cash_control,6,crystal,66.04,68.72,0.03,0,0,0
seed-0010__cash_control,6,dream,103.74,56.78,0.11,0,0,0
seed-0010__cash_control,7,moon,101.67,102.82,0.02,0,0,0
seed-0010__cash_control,7,bank,72.04,71.69,0.01,0,0,0
seed-0010__cash_control,7,sky,80.44,80.31,-0.01,0,0,0
seed-0010__cash_control,7,forge,96.19,91,0,0,0,0
seed-0010__cash_control,7,crystal,66.84,68.04,0.01,0,0,0
seed-0010__cash_control,7,dream,119.47,57.99,0.15,0,0,0
seed-0010__cash_control,8,moon,102.59,103.23,0.01,0,0,0
seed-0010__cash_control,8,bank,71.98,71.46,0,0,0,0
seed-0010__cash_control,8,sky,78.93,80.32,-0.02,0,0,0
seed-0010__cash_control,8,forge,87.95,87.52,-0.09,0,0,0
seed-0010__cash_control,8,crystal,65.83,68.15,-0.02,0,0,0
seed-0010__cash_control,8,dream,128.14,57.67,0.07,0,0,0
seed-0010__cash_control,9,moon,101.92,102.72,-0.01,0,0,0
seed-0010__cash_control,9,bank,71.73,71.53,0,0,0,0
seed-0010__cash_control,9,sky,78.09,79.76,-0.01,0,0,0
seed-0010__cash_control,9,forge,83.94,88.28,-0.05,0,0,0
seed-0010__cash_control,9,crystal,71.15,71.19,0.08,0,0,0
seed-0010__cash_control,9,dream,135.36,58.58,0.06,0,0,0
seed-0010__cash_control,10,moon,102.89,102.89,0.01,0,0,0
seed-0010__cash_control,10,bank,72.2,71.73,0.01,0,0,0
seed-0010__cash_control,10,sky,80.32,80.43,0.03,0,0,0
seed-0010__cash_control,10,forge,89.03,91.49,0.06,0,0,0
seed-0010__cash_control,10,crystal,70.1,69.97,-0.01,0,0,0
seed-0010__cash_control,10,dream,142.28,57.38,0.05,0,0,0
seed-0010__cash_control,11,moon,103.14,102.78,0,0,0,0
seed-0010__cash_control,11,bank,73.34,72.95,0.02,0,0,0
seed-0010__cash_control,11,sky,82.69,79.7,0.03,0,0,0
seed-0010__cash_control,11,forge,92.33,92.32,0.04,0,0,0
seed-0010__cash_control,11,crystal,71.27,70.9,0.02,0,0,0
seed-0010__cash_control,11,dream,141.97,57.57,0,0,0,0
seed-0010__cash_control,12,moon,103.17,102.75,0,0,0,0
seed-0010__cash_control,12,bank,73.5,73.4,0,0,0,0
seed-0010__cash_control,12,sky,85.53,80.52,0.03,0,0,0
seed-0010__cash_control,12,forge,95.9,92.94,0.04,0,0,0
seed-0010__cash_control,12,crystal,71.52,71.94,0,0,0,0
seed-0010__cash_control,12,dream,145.37,56.67,0.02,0,0,0
seed-0010__moon_hold,0,moon,86,100,0,4.65116279,400,0
seed-0010__moon_hold,0,bank,75,72,0,0,0,0
seed-0010__moon_hold,0,sky,80,80,0,0,0,0
seed-0010__moon_hold,0,forge,88,92,0,0,0,0
seed-0010__moon_hold,0,crystal,62,68,0,0,0,0
seed-0010__moon_hold,0,dream,58,55,0,0,0,0
seed-0010__moon_hold,1,moon,91.16,100.23,0.06,4.65116279,424,14.84
seed-0010__moon_hold,1,bank,73.76,71.72,-0.02,0,0,0
seed-0010__moon_hold,1,sky,81.75,80.79,0.02,0,0,0
seed-0010__moon_hold,1,forge,93.05,95.34,0.06,0,0,0
seed-0010__moon_hold,1,crystal,65.02,69.13,0.05,0,0,0
seed-0010__moon_hold,1,dream,57.22,56.13,-0.01,0,0,0
seed-0010__moon_hold,2,moon,93.57,100.25,0.03,4.65116279,435.20930226,15.23232558
seed-0010__moon_hold,2,bank,71.88,71.39,-0.03,0,0,0
seed-0010__moon_hold,2,sky,81.05,80.16,-0.01,0,0,0
seed-0010__moon_hold,2,forge,95.73,95.97,0.03,0,0,0
seed-0010__moon_hold,2,crystal,66.48,69.5,0.02,0,0,0
seed-0010__moon_hold,2,dream,58.69,55.98,0.03,0,0,0
seed-0010__moon_hold,3,moon,97.46,100.57,0.04,4.65116279,453.30232551,15.86558139
seed-0010__moon_hold,3,bank,72.71,71.49,0.01,0,0,0
seed-0010__moon_hold,3,sky,81.83,80.61,0.01,0,0,0
seed-0010__moon_hold,3,forge,98.34,95.44,0.03,0,0,0
seed-0010__moon_hold,3,crystal,65.87,69.11,-0.01,0,0,0
seed-0010__moon_hold,3,dream,68.48,58.37,0.17,0,0,0
seed-0010__moon_hold,4,moon,97.03,99.8,0,4.65116279,451.30232551,15.79558139
seed-0010__moon_hold,4,bank,71.08,71.53,-0.02,0,0,0
seed-0010__moon_hold,4,sky,79.83,79.76,-0.02,0,0,0
seed-0010__moon_hold,4,forge,98.54,95.95,0,0,0,0
seed-0010__moon_hold,4,crystal,63.23,68.34,-0.04,0,0,0
seed-0010__moon_hold,4,dream,79.55,59.52,0.16,0,0,0
seed-0010__moon_hold,5,moon,98.29,99.44,0.01,4.65116279,457.16279063,16.00069767
seed-0010__moon_hold,5,bank,71.26,71.65,0,0,0,0
seed-0010__moon_hold,5,sky,81.67,80.34,0.02,0,0,0
seed-0010__moon_hold,5,forge,96.57,91.83,-0.02,0,0,0
seed-0010__moon_hold,5,crystal,64.22,68.22,0.02,0,0,0
seed-0010__moon_hold,5,dream,93.87,58.14,0.18,0,0,0
seed-0010__moon_hold,6,moon,100.12,102.02,0.02,4.65116279,465.67441853,16.29860465
seed-0010__moon_hold,6,bank,71.11,71.5,0,0,0,0
seed-0010__moon_hold,6,sky,81.06,80.52,-0.01,0,0,0
seed-0010__moon_hold,6,forge,95.75,91.09,-0.01,0,0,0
seed-0010__moon_hold,6,crystal,66.04,68.72,0.03,0,0,0
seed-0010__moon_hold,6,dream,103.74,56.78,0.11,0,0,0
seed-0010__moon_hold,7,moon,101.67,102.82,0.02,4.65116279,472.88372086,16.55093023
seed-0010__moon_hold,7,bank,72.04,71.69,0.01,0,0,0
seed-0010__moon_hold,7,sky,80.44,80.31,-0.01,0,0,0
seed-0010__moon_hold,7,forge,96.19,91,0,0,0,0
seed-0010__moon_hold,7,crystal,66.84,68.04,0.01,0,0,0
seed-0010__moon_hold,7,dream,119.47,57.99,0.15,0,0,0
seed-0010__moon_hold,8,moon,102.59,103.23,0.01,4.65116279,477.16279063,16.70069767
seed-0010__moon_hold,8,bank,71.98,71.46,0,0,0,0
seed-0010__moon_hold,8,sky,78.93,80.32,-0.02,0,0,0
seed-0010__moon_hold,8,forge,87.95,87.52,-0.09,0,0,0
seed-0010__moon_hold,8,crystal,65.83,68.15,-0.02,0,0,0
seed-0010__moon_hold,8,dream,128.14,57.67,0.07,0,0,0
seed-0010__moon_hold,9,moon,101.92,102.72,-0.01,4.65116279,474.04651156,16.5916279
seed-0010__moon_hold,9,bank,71.73,71.53,0,0,0,0
seed-0010__moon_hold,9,sky,78.09,79.76,-0.01,0,0,0
seed-0010__moon_hold,9,forge,83.94,88.28,-0.05,0,0,0
seed-0010__moon_hold,9,crystal,71.15,71.19,0.08,0,0,0
seed-0010__moon_hold,9,dream,135.36,58.58,0.06,0,0,0
seed-0010__moon_hold,10,moon,102.89,102.89,0.01,4.65116279,478.55813946,16.74953488
seed-0010__moon_hold,10,bank,72.2,71.73,0.01,0,0,0
seed-0010__moon_hold,10,sky,80.32,80.43,0.03,0,0,0
seed-0010__moon_hold,10,forge,89.03,91.49,0.06,0,0,0
seed-0010__moon_hold,10,crystal,70.1,69.97,-0.01,0,0,0
seed-0010__moon_hold,10,dream,142.28,57.38,0.05,0,0,0
seed-0010__moon_hold,11,moon,103.14,102.78,0,4.65116279,479.72093016,16.79023256
seed-0010__moon_hold,11,bank,73.34,72.95,0.02,0,0,0
seed-0010__moon_hold,11,sky,82.69,79.7,0.03,0,0,0
seed-0010__moon_hold,11,forge,92.33,92.32,0.04,0,0,0
seed-0010__moon_hold,11,crystal,71.27,70.9,0.02,0,0,0
seed-0010__moon_hold,11,dream,141.97,57.57,0,0,0,0
seed-0010__moon_hold,12,moon,103.17,102.75,0,0,0,16.79511628
seed-0010__moon_hold,12,bank,73.5,73.4,0,0,0,0
seed-0010__moon_hold,12,sky,85.53,80.52,0.03,0,0,0
seed-0010__moon_hold,12,forge,95.9,92.94,0.04,0,0,0
seed-0010__moon_hold,12,crystal,71.52,71.94,0,0,0,0
seed-0010__moon_hold,12,dream,145.37,56.67,0.02,0,0,0
seed-0010__sky_hold,0,moon,86,100,0,0,0,0
seed-0010__sky_hold,0,bank,75,72,0,0,0,0
seed-0010__sky_hold,0,sky,80,80,0,5,400,0
seed-0010__sky_hold,0,forge,88,92,0,0,0,0
seed-0010__sky_hold,0,crystal,62,68,0,0,0,0
seed-0010__sky_hold,0,dream,58,55,0,0,0,0
seed-0010__sky_hold,1,moon,91.16,100.23,0.06,0,0,0
seed-0010__sky_hold,1,bank,73.76,71.72,-0.02,0,0,0
seed-0010__sky_hold,1,sky,81.75,80.79,0.02,5,408.75,24.525
seed-0010__sky_hold,1,forge,93.05,95.34,0.06,0,0,0
seed-0010__sky_hold,1,crystal,65.02,69.13,0.05,0,0,0
seed-0010__sky_hold,1,dream,57.22,56.13,-0.01,0,0,0
seed-0010__sky_hold,2,moon,93.57,100.25,0.03,0,0,0
seed-0010__sky_hold,2,bank,71.88,71.39,-0.03,0,0,0
seed-0010__sky_hold,2,sky,81.05,80.16,-0.01,5,405.25,4.863
seed-0010__sky_hold,2,forge,95.73,95.97,0.03,0,0,0
seed-0010__sky_hold,2,crystal,66.48,69.5,0.02,0,0,0
seed-0010__sky_hold,2,dream,58.69,55.98,0.03,0,0,0
seed-0010__sky_hold,3,moon,97.46,100.57,0.04,0,0,0
seed-0010__sky_hold,3,bank,72.71,71.49,0.01,0,0,0
seed-0010__sky_hold,3,sky,81.83,80.61,0.01,5,409.15,24.549
seed-0010__sky_hold,3,forge,98.34,95.44,0.03,0,0,0
seed-0010__sky_hold,3,crystal,65.87,69.11,-0.01,0,0,0
seed-0010__sky_hold,3,dream,68.48,58.37,0.17,0,0,0
seed-0010__sky_hold,4,moon,97.03,99.8,0,0,0,0
seed-0010__sky_hold,4,bank,71.08,71.53,-0.02,0,0,0
seed-0010__sky_hold,4,sky,79.83,79.76,-0.02,5,399.15,4.7898
seed-0010__sky_hold,4,forge,98.54,95.95,0,0,0,0
seed-0010__sky_hold,4,crystal,63.23,68.34,-0.04,0,0,0
seed-0010__sky_hold,4,dream,79.55,59.52,0.16,0,0,0
seed-0010__sky_hold,5,moon,98.29,99.44,0.01,0,0,0
seed-0010__sky_hold,5,bank,71.26,71.65,0,0,0,0
seed-0010__sky_hold,5,sky,81.67,80.34,0.02,5,408.35,24.501
seed-0010__sky_hold,5,forge,96.57,91.83,-0.02,0,0,0
seed-0010__sky_hold,5,crystal,64.22,68.22,0.02,0,0,0
seed-0010__sky_hold,5,dream,93.87,58.14,0.18,0,0,0
seed-0010__sky_hold,6,moon,100.12,102.02,0.02,0,0,0
seed-0010__sky_hold,6,bank,71.11,71.5,0,0,0,0
seed-0010__sky_hold,6,sky,81.06,80.52,-0.01,5,405.3,4.8636
seed-0010__sky_hold,6,forge,95.75,91.09,-0.01,0,0,0
seed-0010__sky_hold,6,crystal,66.04,68.72,0.03,0,0,0
seed-0010__sky_hold,6,dream,103.74,56.78,0.11,0,0,0
seed-0010__sky_hold,7,moon,101.67,102.82,0.02,0,0,0
seed-0010__sky_hold,7,bank,72.04,71.69,0.01,0,0,0
seed-0010__sky_hold,7,sky,80.44,80.31,-0.01,5,402.2,4.8264
seed-0010__sky_hold,7,forge,96.19,91,0,0,0,0
seed-0010__sky_hold,7,crystal,66.84,68.04,0.01,0,0,0
seed-0010__sky_hold,7,dream,119.47,57.99,0.15,0,0,0
seed-0010__sky_hold,8,moon,102.59,103.23,0.01,0,0,0
seed-0010__sky_hold,8,bank,71.98,71.46,0,0,0,0
seed-0010__sky_hold,8,sky,78.93,80.32,-0.02,5,394.65,4.7358
seed-0010__sky_hold,8,forge,87.95,87.52,-0.09,0,0,0
seed-0010__sky_hold,8,crystal,65.83,68.15,-0.02,0,0,0
seed-0010__sky_hold,8,dream,128.14,57.67,0.07,0,0,0
seed-0010__sky_hold,9,moon,101.92,102.72,-0.01,0,0,0
seed-0010__sky_hold,9,bank,71.73,71.53,0,0,0,0
seed-0010__sky_hold,9,sky,78.09,79.76,-0.01,5,390.45,4.6854
seed-0010__sky_hold,9,forge,83.94,88.28,-0.05,0,0,0
seed-0010__sky_hold,9,crystal,71.15,71.19,0.08,0,0,0
seed-0010__sky_hold,9,dream,135.36,58.58,0.06,0,0,0
seed-0010__sky_hold,10,moon,102.89,102.89,0.01,0,0,0
seed-0010__sky_hold,10,bank,72.2,71.73,0.01,0,0,0
seed-0010__sky_hold,10,sky,80.32,80.43,0.03,5,401.6,24.096
seed-0010__sky_hold,10,forge,89.03,91.49,0.06,0,0,0
seed-0010__sky_hold,10,crystal,70.1,69.97,-0.01,0,0,0
seed-0010__sky_hold,10,dream,142.28,57.38,0.05,0,0,0
seed-0010__sky_hold,11,moon,103.14,102.78,0,0,0,0
seed-0010__sky_hold,11,bank,73.34,72.95,0.02,0,0,0
seed-0010__sky_hold,11,sky,82.69,79.7,0.03,5,413.45,24.807
seed-0010__sky_hold,11,forge,92.33,92.32,0.04,0,0,0
seed-0010__sky_hold,11,crystal,71.27,70.9,0.02,0,0,0
seed-0010__sky_hold,11,dream,141.97,57.57,0,0,0,0
seed-0010__sky_hold,12,moon,103.17,102.75,0,0,0,0
seed-0010__sky_hold,12,bank,73.5,73.4,0,0,0,0
seed-0010__sky_hold,12,sky,85.53,80.52,0.03,0,0,25.659
seed-0010__sky_hold,12,forge,95.9,92.94,0.04,0,0,0
seed-0010__sky_hold,12,crystal,71.52,71.94,0,0,0,0
seed-0010__sky_hold,12,dream,145.37,56.67,0.02,0,0,0
seed-0010__crystal_hold,0,moon,86,100,0,0,0,0
seed-0010__crystal_hold,0,bank,75,72,0,0,0,0
seed-0010__crystal_hold,0,sky,80,80,0,0,0,0
seed-0010__crystal_hold,0,forge,88,92,0,0,0,0
seed-0010__crystal_hold,0,crystal,62,68,0,6.4516129,399.9999998,0
seed-0010__crystal_hold,0,dream,58,55,0,0,0,0
seed-0010__crystal_hold,1,moon,91.16,100.23,0.06,0,0,0
seed-0010__crystal_hold,1,bank,73.76,71.72,-0.02,0,0,0
seed-0010__crystal_hold,1,sky,81.75,80.79,0.02,0,0,0
seed-0010__crystal_hold,1,forge,93.05,95.34,0.06,0,0,0
seed-0010__crystal_hold,1,crystal,65.02,69.13,0.05,6.4516129,419.48387076,31.46129031
seed-0010__crystal_hold,1,dream,57.22,56.13,-0.01,0,0,0
seed-0010__crystal_hold,2,moon,93.57,100.25,0.03,0,0,0
seed-0010__crystal_hold,2,bank,71.88,71.39,-0.03,0,0,0
seed-0010__crystal_hold,2,sky,81.05,80.16,-0.01,0,0,0
seed-0010__crystal_hold,2,forge,95.73,95.97,0.03,0,0,0
seed-0010__crystal_hold,2,crystal,66.48,69.5,0.02,6.4516129,428.90322559,4.82516129
seed-0010__crystal_hold,2,dream,58.69,55.98,0.03,0,0,0
seed-0010__crystal_hold,3,moon,97.46,100.57,0.04,0,0,0
seed-0010__crystal_hold,3,bank,72.71,71.49,0.01,0,0,0
seed-0010__crystal_hold,3,sky,81.83,80.61,0.01,0,0,0
seed-0010__crystal_hold,3,forge,98.34,95.44,0.03,0,0,0
seed-0010__crystal_hold,3,crystal,65.87,69.11,-0.01,6.4516129,424.96774172,4.78088709
seed-0010__crystal_hold,3,dream,68.48,58.37,0.17,0,0,0
seed-0010__crystal_hold,4,moon,97.03,99.8,0,0,0,0
seed-0010__crystal_hold,4,bank,71.08,71.53,-0.02,0,0,0
seed-0010__crystal_hold,4,sky,79.83,79.76,-0.02,0,0,0
seed-0010__crystal_hold,4,forge,98.54,95.95,0,0,0,0
seed-0010__crystal_hold,4,crystal,63.23,68.34,-0.04,6.4516129,407.93548367,30.59516128
seed-0010__crystal_hold,4,dream,79.55,59.52,0.16,0,0,0
seed-0010__crystal_hold,5,moon,98.29,99.44,0.01,0,0,0
seed-0010__crystal_hold,5,bank,71.26,71.65,0,0,0,0
seed-0010__crystal_hold,5,sky,81.67,80.34,0.02,0,0,0
seed-0010__crystal_hold,5,forge,96.57,91.83,-0.02,0,0,0
seed-0010__crystal_hold,5,crystal,64.22,68.22,0.02,6.4516129,414.32258044,4.66112903
seed-0010__crystal_hold,5,dream,93.87,58.14,0.18,0,0,0
seed-0010__crystal_hold,6,moon,100.12,102.02,0.02,0,0,0
seed-0010__crystal_hold,6,bank,71.11,71.5,0,0,0,0
seed-0010__crystal_hold,6,sky,81.06,80.52,-0.01,0,0,0
seed-0010__crystal_hold,6,forge,95.75,91.09,-0.01,0,0,0
seed-0010__crystal_hold,6,crystal,66.04,68.72,0.03,6.4516129,426.06451592,31.95483869
seed-0010__crystal_hold,6,dream,103.74,56.78,0.11,0,0,0
seed-0010__crystal_hold,7,moon,101.67,102.82,0.02,0,0,0
seed-0010__crystal_hold,7,bank,72.04,71.69,0.01,0,0,0
seed-0010__crystal_hold,7,sky,80.44,80.31,-0.01,0,0,0
seed-0010__crystal_hold,7,forge,96.19,91,0,0,0,0
seed-0010__crystal_hold,7,crystal,66.84,68.04,0.01,6.4516129,431.22580624,4.85129032
seed-0010__crystal_hold,7,dream,119.47,57.99,0.15,0,0,0
seed-0010__crystal_hold,8,moon,102.59,103.23,0.01,0,0,0
seed-0010__crystal_hold,8,bank,71.98,71.46,0,0,0,0
seed-0010__crystal_hold,8,sky,78.93,80.32,-0.02,0,0,0
seed-0010__crystal_hold,8,forge,87.95,87.52,-0.09,0,0,0
seed-0010__crystal_hold,8,crystal,65.83,68.15,-0.02,6.4516129,424.70967721,4.77798387
seed-0010__crystal_hold,8,dream,128.14,57.67,0.07,0,0,0
seed-0010__crystal_hold,9,moon,101.92,102.72,-0.01,0,0,0
seed-0010__crystal_hold,9,bank,71.73,71.53,0,0,0,0
seed-0010__crystal_hold,9,sky,78.09,79.76,-0.01,0,0,0
seed-0010__crystal_hold,9,forge,83.94,88.28,-0.05,0,0,0
seed-0010__crystal_hold,9,crystal,71.15,71.19,0.08,6.4516129,459.03225784,34.42741934
seed-0010__crystal_hold,9,dream,135.36,58.58,0.06,0,0,0
seed-0010__crystal_hold,10,moon,102.89,102.89,0.01,0,0,0
seed-0010__crystal_hold,10,bank,72.2,71.73,0.01,0,0,0
seed-0010__crystal_hold,10,sky,80.32,80.43,0.03,0,0,0
seed-0010__crystal_hold,10,forge,89.03,91.49,0.06,0,0,0
seed-0010__crystal_hold,10,crystal,70.1,69.97,-0.01,6.4516129,452.25806429,5.08790322
seed-0010__crystal_hold,10,dream,142.28,57.38,0.05,0,0,0
seed-0010__crystal_hold,11,moon,103.14,102.78,0,0,0,0
seed-0010__crystal_hold,11,bank,73.34,72.95,0.02,0,0,0
seed-0010__crystal_hold,11,sky,82.69,79.7,0.03,0,0,0
seed-0010__crystal_hold,11,forge,92.33,92.32,0.04,0,0,0
seed-0010__crystal_hold,11,crystal,71.27,70.9,0.02,6.4516129,459.80645138,5.17282258
seed-0010__crystal_hold,11,dream,141.97,57.57,0,0,0,0
seed-0010__crystal_hold,12,moon,103.17,102.75,0,0,0,0
seed-0010__crystal_hold,12,bank,73.5,73.4,0,0,0,0
seed-0010__crystal_hold,12,sky,85.53,80.52,0.03,0,0,0
seed-0010__crystal_hold,12,forge,95.9,92.94,0.04,0,0,0
seed-0010__crystal_hold,12,crystal,71.52,71.94,0,0,0,5.19096774
seed-0010__crystal_hold,12,dream,145.37,56.67,0.02,0,0,0
seed-0011__cash_control,0,moon,86,100,0,0,0,0
seed-0011__cash_control,0,bank,75,72,0,0,0,0
seed-0011__cash_control,0,sky,80,80,0,0,0,0
seed-0011__cash_control,0,forge,88,92,0,0,0,0
seed-0011__cash_control,0,crystal,62,68,0,0,0,0
seed-0011__cash_control,0,dream,58,55,0,0,0,0
seed-0011__cash_control,1,moon,91.16,100,0.06,0,0,0
seed-0011__cash_control,1,bank,74.13,71.63,-0.01,0,0,0
seed-0011__cash_control,1,sky,82.13,79.83,0.03,0,0,0
seed-0011__cash_control,1,forge,86.84,88.05,-0.01,0,0,0
seed-0011__cash_control,1,crystal,62.24,66.98,0,0,0,0
seed-0011__cash_control,1,dream,58.11,54.66,0,0,0,0
seed-0011__cash_control,2,moon,91.64,97.3,0.01,0,0,0
seed-0011__cash_control,2,bank,72.65,71.45,-0.02,0,0,0
seed-0011__cash_control,2,sky,81.42,80.67,-0.01,0,0,0
seed-0011__cash_control,2,forge,85.54,88.58,-0.01,0,0,0
seed-0011__cash_control,2,crystal,64.88,67.19,0.04,0,0,0
seed-0011__cash_control,2,dream,60.05,55.61,0.03,0,0,0
seed-0011__cash_control,3,moon,92.85,97.3,0.01,0,0,0
seed-0011__cash_control,3,bank,71.4,71.55,-0.02,0,0,0
seed-0011__cash_control,3,sky,82.1,80.91,0.01,0,0,0
seed-0011__cash_control,3,forge,85.05,88.51,-0.01,0,0,0
seed-0011__cash_control,3,crystal,64.7,67.84,0,0,0,0
seed-0011__cash_control,3,dream,60.65,55.06,0.01,0,0,0
seed-0011__cash_control,4,moon,95.55,97.82,0.03,0,0,0
seed-0011__cash_control,4,bank,72.67,71.75,0.02,0,0,0
seed-0011__cash_control,4,sky,83.7,81.46,0.02,0,0,0
seed-0011__cash_control,4,forge,86.12,89.05,0.01,0,0,0
seed-0011__cash_control,4,crystal,57,64.42,-0.12,0,0,0
seed-0011__cash_control,4,dream,60.28,54.74,-0.01,0,0,0
seed-0011__cash_control,5,moon,98.62,97.85,0.03,0,0,0
seed-0011__cash_control,5,bank,73.37,71.75,0.01,0,0,0
seed-0011__cash_control,5,sky,84.63,81.36,0.01,0,0,0
seed-0011__cash_control,5,forge,89.78,89.29,0.04,0,0,0
seed-0011__cash_control,5,crystal,52.19,59.84,-0.08,0,0,0
seed-0011__cash_control,5,dream,60.1,55.96,0,0,0,0
seed-0011__cash_control,6,moon,100.08,98.23,0.01,0,0,0
seed-0011__cash_control,6,bank,73.57,72.19,0,0,0,0
seed-0011__cash_control,6,sky,87.73,84.63,0.04,0,0,0
seed-0011__cash_control,6,forge,93.76,90.35,0.04,0,0,0
seed-0011__cash_control,6,crystal,54.92,58.86,0.05,0,0,0
seed-0011__cash_control,6,dream,62.43,56.38,0.04,0,0,0
seed-0011__cash_control,7,moon,100.3,98.17,0,0,0,0
seed-0011__cash_control,7,bank,73.59,72.62,0,0,0,0
seed-0011__cash_control,7,sky,89,85.87,0.01,0,0,0
seed-0011__cash_control,7,forge,95.29,90.93,0.02,0,0,0
seed-0011__cash_control,7,crystal,54.58,59.18,-0.01,0,0,0
seed-0011__cash_control,7,dream,63.95,56.5,0.02,0,0,0
seed-0011__cash_control,8,moon,99.43,98.03,-0.01,0,0,0
seed-0011__cash_control,8,bank,72.9,72.58,-0.01,0,0,0
seed-0011__cash_control,8,sky,89.26,85.52,0,0,0,0
seed-0011__cash_control,8,forge,93.56,89.81,-0.02,0,0,0
seed-0011__cash_control,8,crystal,53.81,59.97,-0.01,0,0,0
seed-0011__cash_control,8,dream,64.87,55.64,0.01,0,0,0
seed-0011__cash_control,9,moon,97.82,97.9,-0.02,0,0,0
seed-0011__cash_control,9,bank,72.31,72.18,-0.01,0,0,0
seed-0011__cash_control,9,sky,86.8,85.44,-0.03,0,0,0
seed-0011__cash_control,9,forge,90.31,90.02,-0.03,0,0,0
seed-0011__cash_control,9,crystal,52.36,60.38,-0.03,0,0,0
seed-0011__cash_control,9,dream,53.47,53.03,-0.18,0,0,0
seed-0011__cash_control,10,moon,98.19,97.83,0,0,0,0
seed-0011__cash_control,10,bank,70.38,71.01,-0.03,0,0,0
seed-0011__cash_control,10,sky,88.05,85.3,0.01,0,0,0
seed-0011__cash_control,10,forge,90.2,89.68,0,0,0,0
seed-0011__cash_control,10,crystal,54.02,59.32,0.03,0,0,0
seed-0011__cash_control,10,dream,50.48,51.9,-0.06,0,0,0
seed-0011__cash_control,11,moon,100.28,100.2,0.02,0,0,0
seed-0011__cash_control,11,bank,70.5,71.04,0,0,0,0
seed-0011__cash_control,11,sky,89.61,86.39,0.02,0,0,0
seed-0011__cash_control,11,forge,91.07,91.13,0.01,0,0,0
seed-0011__cash_control,11,crystal,55.63,59.66,0.03,0,0,0
seed-0011__cash_control,11,dream,48.38,53.25,-0.04,0,0,0
seed-0011__cash_control,12,moon,101.57,100.37,0.01,0,0,0
seed-0011__cash_control,12,bank,71.75,70.92,0.02,0,0,0
seed-0011__cash_control,12,sky,91.44,86.5,0.02,0,0,0
seed-0011__cash_control,12,forge,93.31,91.62,0.02,0,0,0
seed-0011__cash_control,12,crystal,55.41,60.12,0,0,0,0
seed-0011__cash_control,12,dream,49.05,53.26,0.01,0,0,0
seed-0011__moon_hold,0,moon,86,100,0,4.65116279,400,0
seed-0011__moon_hold,0,bank,75,72,0,0,0,0
seed-0011__moon_hold,0,sky,80,80,0,0,0,0
seed-0011__moon_hold,0,forge,88,92,0,0,0,0
seed-0011__moon_hold,0,crystal,62,68,0,0,0,0
seed-0011__moon_hold,0,dream,58,55,0,0,0,0
seed-0011__moon_hold,1,moon,91.16,100,0.06,4.65116279,424,14.84
seed-0011__moon_hold,1,bank,74.13,71.63,-0.01,0,0,0
seed-0011__moon_hold,1,sky,82.13,79.83,0.03,0,0,0
seed-0011__moon_hold,1,forge,86.84,88.05,-0.01,0,0,0
seed-0011__moon_hold,1,crystal,62.24,66.98,0,0,0,0
seed-0011__moon_hold,1,dream,58.11,54.66,0,0,0,0
seed-0011__moon_hold,2,moon,91.64,97.3,0.01,4.65116279,426.23255808,14.91813953
seed-0011__moon_hold,2,bank,72.65,71.45,-0.02,0,0,0
seed-0011__moon_hold,2,sky,81.42,80.67,-0.01,0,0,0
seed-0011__moon_hold,2,forge,85.54,88.58,-0.01,0,0,0
seed-0011__moon_hold,2,crystal,64.88,67.19,0.04,0,0,0
seed-0011__moon_hold,2,dream,60.05,55.61,0.03,0,0,0
seed-0011__moon_hold,3,moon,92.85,97.3,0.01,4.65116279,431.86046505,15.11511628
seed-0011__moon_hold,3,bank,71.4,71.55,-0.02,0,0,0
seed-0011__moon_hold,3,sky,82.1,80.91,0.01,0,0,0
seed-0011__moon_hold,3,forge,85.05,88.51,-0.01,0,0,0
seed-0011__moon_hold,3,crystal,64.7,67.84,0,0,0,0
seed-0011__moon_hold,3,dream,60.65,55.06,0.01,0,0,0
seed-0011__moon_hold,4,moon,95.55,97.82,0.03,4.65116279,444.41860458,15.55465116
seed-0011__moon_hold,4,bank,72.67,71.75,0.02,0,0,0
seed-0011__moon_hold,4,sky,83.7,81.46,0.02,0,0,0
seed-0011__moon_hold,4,forge,86.12,89.05,0.01,0,0,0
seed-0011__moon_hold,4,crystal,57,64.42,-0.12,0,0,0
seed-0011__moon_hold,4,dream,60.28,54.74,-0.01,0,0,0
seed-0011__moon_hold,5,moon,98.62,97.85,0.03,4.65116279,458.69767435,16.0544186
seed-0011__moon_hold,5,bank,73.37,71.75,0.01,0,0,0
seed-0011__moon_hold,5,sky,84.63,81.36,0.01,0,0,0
seed-0011__moon_hold,5,forge,89.78,89.29,0.04,0,0,0
seed-0011__moon_hold,5,crystal,52.19,59.84,-0.08,0,0,0
seed-0011__moon_hold,5,dream,60.1,55.96,0,0,0,0
seed-0011__moon_hold,6,moon,100.08,98.23,0.01,4.65116279,465.48837202,16.29209302
seed-0011__moon_hold,6,bank,73.57,72.19,0,0,0,0
seed-0011__moon_hold,6,sky,87.73,84.63,0.04,0,0,0
seed-0011__moon_hold,6,forge,93.76,90.35,0.04,0,0,0
seed-0011__moon_hold,6,crystal,54.92,58.86,0.05,0,0,0
seed-0011__moon_hold,6,dream,62.43,56.38,0.04,0,0,0
seed-0011__moon_hold,7,moon,100.3,98.17,0,4.65116279,466.51162784,16.32790697
seed-0011__moon_hold,7,bank,73.59,72.62,0,0,0,0
seed-0011__moon_hold,7,sky,89,85.87,0.01,0,0,0
seed-0011__moon_hold,7,forge,95.29,90.93,0.02,0,0,0
seed-0011__moon_hold,7,crystal,54.58,59.18,-0.01,0,0,0
seed-0011__moon_hold,7,dream,63.95,56.5,0.02,0,0,0
seed-0011__moon_hold,8,moon,99.43,98.03,-0.01,4.65116279,462.46511621,16.18627907
seed-0011__moon_hold,8,bank,72.9,72.58,-0.01,0,0,0
seed-0011__moon_hold,8,sky,89.26,85.52,0,0,0,0
seed-0011__moon_hold,8,forge,93.56,89.81,-0.02,0,0,0
seed-0011__moon_hold,8,crystal,53.81,59.97,-0.01,0,0,0
seed-0011__moon_hold,8,dream,64.87,55.64,0.01,0,0,0
seed-0011__moon_hold,9,moon,97.82,97.9,-0.02,4.65116279,454.97674412,15.92418604
seed-0011__moon_hold,9,bank,72.31,72.18,-0.01,0,0,0
seed-0011__moon_hold,9,sky,86.8,85.44,-0.03,0,0,0
seed-0011__moon_hold,9,forge,90.31,90.02,-0.03,0,0,0
seed-0011__moon_hold,9,crystal,52.36,60.38,-0.03,0,0,0
seed-0011__moon_hold,9,dream,53.47,53.03,-0.18,0,0,0
seed-0011__moon_hold,10,moon,98.19,97.83,0,4.65116279,456.69767435,15.9844186
seed-0011__moon_hold,10,bank,70.38,71.01,-0.03,0,0,0
seed-0011__moon_hold,10,sky,88.05,85.3,0.01,0,0,0
seed-0011__moon_hold,10,forge,90.2,89.68,0,0,0,0
seed-0011__moon_hold,10,crystal,54.02,59.32,0.03,0,0,0
seed-0011__moon_hold,10,dream,50.48,51.9,-0.06,0,0,0
seed-0011__moon_hold,11,moon,100.28,100.2,0.02,4.65116279,466.41860458,16.32465116
seed-0011__moon_hold,11,bank,70.5,71.04,0,0,0,0
seed-0011__moon_hold,11,sky,89.61,86.39,0.02,0,0,0
seed-0011__moon_hold,11,forge,91.07,91.13,0.01,0,0,0
seed-0011__moon_hold,11,crystal,55.63,59.66,0.03,0,0,0
seed-0011__moon_hold,11,dream,48.38,53.25,-0.04,0,0,0
seed-0011__moon_hold,12,moon,101.57,100.37,0.01,0,0,16.53465116
seed-0011__moon_hold,12,bank,71.75,70.92,0.02,0,0,0
seed-0011__moon_hold,12,sky,91.44,86.5,0.02,0,0,0
seed-0011__moon_hold,12,forge,93.31,91.62,0.02,0,0,0
seed-0011__moon_hold,12,crystal,55.41,60.12,0,0,0,0
seed-0011__moon_hold,12,dream,49.05,53.26,0.01,0,0,0
seed-0011__sky_hold,0,moon,86,100,0,0,0,0
seed-0011__sky_hold,0,bank,75,72,0,0,0,0
seed-0011__sky_hold,0,sky,80,80,0,5,400,0
seed-0011__sky_hold,0,forge,88,92,0,0,0,0
seed-0011__sky_hold,0,crystal,62,68,0,0,0,0
seed-0011__sky_hold,0,dream,58,55,0,0,0,0
seed-0011__sky_hold,1,moon,91.16,100,0.06,0,0,0
seed-0011__sky_hold,1,bank,74.13,71.63,-0.01,0,0,0
seed-0011__sky_hold,1,sky,82.13,79.83,0.03,5,410.65,24.639
seed-0011__sky_hold,1,forge,86.84,88.05,-0.01,0,0,0
seed-0011__sky_hold,1,crystal,62.24,66.98,0,0,0,0
seed-0011__sky_hold,1,dream,58.11,54.66,0,0,0,0
seed-0011__sky_hold,2,moon,91.64,97.3,0.01,0,0,0
seed-0011__sky_hold,2,bank,72.65,71.45,-0.02,0,0,0
seed-0011__sky_hold,2,sky,81.42,80.67,-0.01,5,407.1,4.8852
seed-0011__sky_hold,2,forge,85.54,88.58,-0.01,0,0,0
seed-0011__sky_hold,2,crystal,64.88,67.19,0.04,0,0,0
seed-0011__sky_hold,2,dream,60.05,55.61,0.03,0,0,0
seed-0011__sky_hold,3,moon,92.85,97.3,0.01,0,0,0
seed-0011__sky_hold,3,bank,71.4,71.55,-0.02,0,0,0
seed-0011__sky_hold,3,sky,82.1,80.91,0.01,5,410.5,24.63
seed-0011__sky_hold,3,forge,85.05,88.51,-0.01,0,0,0
seed-0011__sky_hold,3,crystal,64.7,67.84,0,0,0,0
seed-0011__sky_hold,3,dream,60.65,55.06,0.01,0,0,0
seed-0011__sky_hold,4,moon,95.55,97.82,0.03,0,0,0
seed-0011__sky_hold,4,bank,72.67,71.75,0.02,0,0,0
seed-0011__sky_hold,4,sky,83.7,81.46,0.02,5,418.5,25.11
seed-0011__sky_hold,4,forge,86.12,89.05,0.01,0,0,0
seed-0011__sky_hold,4,crystal,57,64.42,-0.12,0,0,0
seed-0011__sky_hold,4,dream,60.28,54.74,-0.01,0,0,0
seed-0011__sky_hold,5,moon,98.62,97.85,0.03,0,0,0
seed-0011__sky_hold,5,bank,73.37,71.75,0.01,0,0,0
seed-0011__sky_hold,5,sky,84.63,81.36,0.01,5,423.15,25.389
seed-0011__sky_hold,5,forge,89.78,89.29,0.04,0,0,0
seed-0011__sky_hold,5,crystal,52.19,59.84,-0.08,0,0,0
seed-0011__sky_hold,5,dream,60.1,55.96,0,0,0,0
seed-0011__sky_hold,6,moon,100.08,98.23,0.01,0,0,0
seed-0011__sky_hold,6,bank,73.57,72.19,0,0,0,0
seed-0011__sky_hold,6,sky,87.73,84.63,0.04,5,438.65,26.319
seed-0011__sky_hold,6,forge,93.76,90.35,0.04,0,0,0
seed-0011__sky_hold,6,crystal,54.92,58.86,0.05,0,0,0
seed-0011__sky_hold,6,dream,62.43,56.38,0.04,0,0,0
seed-0011__sky_hold,7,moon,100.3,98.17,0,0,0,0
seed-0011__sky_hold,7,bank,73.59,72.62,0,0,0,0
seed-0011__sky_hold,7,sky,89,85.87,0.01,5,445,26.7
seed-0011__sky_hold,7,forge,95.29,90.93,0.02,0,0,0
seed-0011__sky_hold,7,crystal,54.58,59.18,-0.01,0,0,0
seed-0011__sky_hold,7,dream,63.95,56.5,0.02,0,0,0
seed-0011__sky_hold,8,moon,99.43,98.03,-0.01,0,0,0
seed-0011__sky_hold,8,bank,72.9,72.58,-0.01,0,0,0
seed-0011__sky_hold,8,sky,89.26,85.52,0,5,446.3,5.3556
seed-0011__sky_hold,8,forge,93.56,89.81,-0.02,0,0,0
seed-0011__sky_hold,8,crystal,53.81,59.97,-0.01,0,0,0
seed-0011__sky_hold,8,dream,64.87,55.64,0.01,0,0,0
seed-0011__sky_hold,9,moon,97.82,97.9,-0.02,0,0,0
seed-0011__sky_hold,9,bank,72.31,72.18,-0.01,0,0,0
seed-0011__sky_hold,9,sky,86.8,85.44,-0.03,5,434,5.208
seed-0011__sky_hold,9,forge,90.31,90.02,-0.03,0,0,0
seed-0011__sky_hold,9,crystal,52.36,60.38,-0.03,0,0,0
seed-0011__sky_hold,9,dream,53.47,53.03,-0.18,0,0,0
seed-0011__sky_hold,10,moon,98.19,97.83,0,0,0,0
seed-0011__sky_hold,10,bank,70.38,71.01,-0.03,0,0,0
seed-0011__sky_hold,10,sky,88.05,85.3,0.01,5,440.25,26.415
seed-0011__sky_hold,10,forge,90.2,89.68,0,0,0,0
seed-0011__sky_hold,10,crystal,54.02,59.32,0.03,0,0,0
seed-0011__sky_hold,10,dream,50.48,51.9,-0.06,0,0,0
seed-0011__sky_hold,11,moon,100.28,100.2,0.02,0,0,0
seed-0011__sky_hold,11,bank,70.5,71.04,0,0,0,0
seed-0011__sky_hold,11,sky,89.61,86.39,0.02,5,448.05,26.883
seed-0011__sky_hold,11,forge,91.07,91.13,0.01,0,0,0
seed-0011__sky_hold,11,crystal,55.63,59.66,0.03,0,0,0
seed-0011__sky_hold,11,dream,48.38,53.25,-0.04,0,0,0
seed-0011__sky_hold,12,moon,101.57,100.37,0.01,0,0,0
seed-0011__sky_hold,12,bank,71.75,70.92,0.02,0,0,0
seed-0011__sky_hold,12,sky,91.44,86.5,0.02,0,0,27.432
seed-0011__sky_hold,12,forge,93.31,91.62,0.02,0,0,0
seed-0011__sky_hold,12,crystal,55.41,60.12,0,0,0,0
seed-0011__sky_hold,12,dream,49.05,53.26,0.01,0,0,0
seed-0011__crystal_hold,0,moon,86,100,0,0,0,0
seed-0011__crystal_hold,0,bank,75,72,0,0,0,0
seed-0011__crystal_hold,0,sky,80,80,0,0,0,0
seed-0011__crystal_hold,0,forge,88,92,0,0,0,0
seed-0011__crystal_hold,0,crystal,62,68,0,6.4516129,399.9999998,0
seed-0011__crystal_hold,0,dream,58,55,0,0,0,0
seed-0011__crystal_hold,1,moon,91.16,100,0.06,0,0,0
seed-0011__crystal_hold,1,bank,74.13,71.63,-0.01,0,0,0
seed-0011__crystal_hold,1,sky,82.13,79.83,0.03,0,0,0
seed-0011__crystal_hold,1,forge,86.84,88.05,-0.01,0,0,0
seed-0011__crystal_hold,1,crystal,62.24,66.98,0,6.4516129,401.5483869,4.51741935
seed-0011__crystal_hold,1,dream,58.11,54.66,0,0,0,0
seed-0011__crystal_hold,2,moon,91.64,97.3,0.01,0,0,0
seed-0011__crystal_hold,2,bank,72.65,71.45,-0.02,0,0,0
seed-0011__crystal_hold,2,sky,81.42,80.67,-0.01,0,0,0
seed-0011__crystal_hold,2,forge,85.54,88.58,-0.01,0,0,0
seed-0011__crystal_hold,2,crystal,64.88,67.19,0.04,6.4516129,418.58064495,31.39354837
seed-0011__crystal_hold,2,dream,60.05,55.61,0.03,0,0,0
seed-0011__crystal_hold,3,moon,92.85,97.3,0.01,0,0,0
seed-0011__crystal_hold,3,bank,71.4,71.55,-0.02,0,0,0
seed-0011__crystal_hold,3,sky,82.1,80.91,0.01,0,0,0
seed-0011__crystal_hold,3,forge,85.05,88.51,-0.01,0,0,0
seed-0011__crystal_hold,3,crystal,64.7,67.84,0,6.4516129,417.41935463,4.69596774
seed-0011__crystal_hold,3,dream,60.65,55.06,0.01,0,0,0
seed-0011__crystal_hold,4,moon,95.55,97.82,0.03,0,0,0
seed-0011__crystal_hold,4,bank,72.67,71.75,0.02,0,0,0
seed-0011__crystal_hold,4,sky,83.7,81.46,0.02,0,0,0
seed-0011__crystal_hold,4,forge,86.12,89.05,0.01,0,0,0
seed-0011__crystal_hold,4,crystal,57,64.42,-0.12,6.4516129,367.7419353,27.58064515
seed-0011__crystal_hold,4,dream,60.28,54.74,-0.01,0,0,0
seed-0011__crystal_hold,5,moon,98.62,97.85,0.03,0,0,0
seed-0011__crystal_hold,5,bank,73.37,71.75,0.01,0,0,0
seed-0011__crystal_hold,5,sky,84.63,81.36,0.01,0,0,0
seed-0011__crystal_hold,5,forge,89.78,89.29,0.04,0,0,0
seed-0011__crystal_hold,5,crystal,52.19,59.84,-0.08,6.4516129,336.70967725,25.25322579
seed-0011__crystal_hold,5,dream,60.1,55.96,0,0,0,0
seed-0011__crystal_hold,6,moon,100.08,98.23,0.01,0,0,0
seed-0011__crystal_hold,6,bank,73.57,72.19,0,0,0,0
seed-0011__crystal_hold,6,sky,87.73,84.63,0.04,0,0,0
seed-0011__crystal_hold,6,forge,93.76,90.35,0.04,0,0,0
seed-0011__crystal_hold,6,crystal,54.92,58.86,0.05,6.4516129,354.32258047,26.57419354
seed-0011__crystal_hold,6,dream,62.43,56.38,0.04,0,0,0
seed-0011__crystal_hold,7,moon,100.3,98.17,0,0,0,0
seed-0011__crystal_hold,7,bank,73.59,72.62,0,0,0,0
seed-0011__crystal_hold,7,sky,89,85.87,0.01,0,0,0
seed-0011__crystal_hold,7,forge,95.29,90.93,0.02,0,0,0
seed-0011__crystal_hold,7,crystal,54.58,59.18,-0.01,6.4516129,352.12903208,3.96145161
seed-0011__crystal_hold,7,dream,63.95,56.5,0.02,0,0,0
seed-0011__crystal_hold,8,moon,99.43,98.03,-0.01,0,0,0
seed-0011__crystal_hold,8,bank,72.9,72.58,-0.01,0,0,0
seed-0011__crystal_hold,8,sky,89.26,85.52,0,0,0,0
seed-0011__crystal_hold,8,forge,93.56,89.81,-0.02,0,0,0
seed-0011__crystal_hold,8,crystal,53.81,59.97,-0.01,6.4516129,347.16129015,3.90556451
seed-0011__crystal_hold,8,dream,64.87,55.64,0.01,0,0,0
seed-0011__crystal_hold,9,moon,97.82,97.9,-0.02,0,0,0
seed-0011__crystal_hold,9,bank,72.31,72.18,-0.01,0,0,0
seed-0011__crystal_hold,9,sky,86.8,85.44,-0.03,0,0,0
seed-0011__crystal_hold,9,forge,90.31,90.02,-0.03,0,0,0
seed-0011__crystal_hold,9,crystal,52.36,60.38,-0.03,6.4516129,337.80645144,25.33548386
seed-0011__crystal_hold,9,dream,53.47,53.03,-0.18,0,0,0
seed-0011__crystal_hold,10,moon,98.19,97.83,0,0,0,0
seed-0011__crystal_hold,10,bank,70.38,71.01,-0.03,0,0,0
seed-0011__crystal_hold,10,sky,88.05,85.3,0.01,0,0,0
seed-0011__crystal_hold,10,forge,90.2,89.68,0,0,0,0
seed-0011__crystal_hold,10,crystal,54.02,59.32,0.03,6.4516129,348.51612886,26.13870966
seed-0011__crystal_hold,10,dream,50.48,51.9,-0.06,0,0,0
seed-0011__crystal_hold,11,moon,100.28,100.2,0.02,0,0,0
seed-0011__crystal_hold,11,bank,70.5,71.04,0,0,0,0
seed-0011__crystal_hold,11,sky,89.61,86.39,0.02,0,0,0
seed-0011__crystal_hold,11,forge,91.07,91.13,0.01,0,0,0
seed-0011__crystal_hold,11,crystal,55.63,59.66,0.03,6.4516129,358.90322563,26.91774192
seed-0011__crystal_hold,11,dream,48.38,53.25,-0.04,0,0,0
seed-0011__crystal_hold,12,moon,101.57,100.37,0.01,0,0,0
seed-0011__crystal_hold,12,bank,71.75,70.92,0.02,0,0,0
seed-0011__crystal_hold,12,sky,91.44,86.5,0.02,0,0,0
seed-0011__crystal_hold,12,forge,93.31,91.62,0.02,0,0,0
seed-0011__crystal_hold,12,crystal,55.41,60.12,0,0,0,4.02169355
seed-0011__crystal_hold,12,dream,49.05,53.26,0.01,0,0,0
seed-0012__cash_control,0,moon,86,100,0,0,0,0
seed-0012__cash_control,0,bank,75,72,0,0,0,0
seed-0012__cash_control,0,sky,80,80,0,0,0,0
seed-0012__cash_control,0,forge,88,92,0,0,0,0
seed-0012__cash_control,0,crystal,62,68,0,0,0,0
seed-0012__cash_control,0,dream,58,55,0,0,0,0
seed-0012__cash_control,1,moon,90.68,100.49,0.05,0,0,0
seed-0012__cash_control,1,bank,74.14,72.14,-0.01,0,0,0
seed-0012__cash_control,1,sky,78.67,80.42,-0.02,0,0,0
seed-0012__cash_control,1,forge,88.48,91.6,0.01,0,0,0
seed-0012__cash_control,1,crystal,63.26,68.43,0.02,0,0,0
seed-0012__cash_control,1,dream,54.59,56.35,-0.06,0,0,0
seed-0012__cash_control,2,moon,95.17,102.6,0.05,0,0,0
seed-0012__cash_control,2,bank,72.52,71.98,-0.02,0,0,0
seed-0012__cash_control,2,sky,78.39,79.84,0,0,0,0
seed-0012__cash_control,2,forge,89.37,91.1,0.01,0,0,0
seed-0012__cash_control,2,crystal,63.47,67.71,0,0,0,0
seed-0012__cash_control,2,dream,47.98,55.43,-0.12,0,0,0
seed-0012__cash_control,3,moon,98.52,102.36,0.04,0,0,0
seed-0012__cash_control,3,bank,72.32,71.6,0,0,0,0
seed-0012__cash_control,3,sky,79.82,79.28,0.02,0,0,0
seed-0012__cash_control,3,forge,85.67,87.94,-0.04,0,0,0
seed-0012__cash_control,3,crystal,66.02,67.91,0.04,0,0,0
seed-0012__cash_control,3,dream,42.51,55.15,-0.11,0,0,0
seed-0012__cash_control,4,moon,99.64,102.28,0.01,0,0,0
seed-0012__cash_control,4,bank,71.6,71.1,-0.01,0,0,0
seed-0012__cash_control,4,sky,77.57,79.64,-0.03,0,0,0
seed-0012__cash_control,4,forge,82.58,88.61,-0.04,0,0,0
seed-0012__cash_control,4,crystal,63.7,67.09,-0.04,0,0,0
seed-0012__cash_control,4,dream,34.86,54.23,-0.18,0,0,0
seed-0012__cash_control,5,moon,101.54,102.36,0.02,0,0,0
seed-0012__cash_control,5,bank,71.73,71.07,0,0,0,0
seed-0012__cash_control,5,sky,78.18,80.54,0.01,0,0,0
seed-0012__cash_control,5,forge,86.92,91.96,0.05,0,0,0
seed-0012__cash_control,5,crystal,65.07,66.27,0.02,0,0,0
seed-0012__cash_control,5,dream,32.23,53.59,-0.08,0,0,0
seed-0012__cash_control,6,moon,99.78,102.05,-0.02,0,0,0
seed-0012__cash_control,6,bank,70.2,70.89,-0.02,0,0,0
seed-0012__cash_control,6,sky,76.97,81.04,-0.02,0,0,0
seed-0012__cash_control,6,forge,85.16,88.28,-0.02,0,0,0
seed-0012__cash_control,6,crystal,60.45,67.06,-0.07,0,0,0
seed-0012__cash_control,6,dream,28.61,52.33,-0.11,0,0,0
seed-0012__cash_control,7,moon,98.46,101.08,-0.01,0,0,0
seed-0012__cash_control,7,bank,67.2,69.1,-0.04,0,0,0
seed-0012__cash_control,7,sky,74.96,80.02,-0.03,0,0,0
seed-0012__cash_control,7,forge,82.57,88.19,-0.03,0,0,0
seed-0012__cash_control,7,crystal,60.59,66.63,0,0,0,0
seed-0012__cash_control,7,dream,27.18,52.86,-0.05,0,0,0
seed-0012__cash_control,8,moon,101.25,103.31,0.03,0,0,0
seed-0012__cash_control,8,bank,67.82,68.79,0.01,0,0,0
seed-0012__cash_control,8,sky,76.01,80.52,0.01,0,0,0
seed-0012__cash_control,8,forge,83.53,89.06,0.01,0,0,0
seed-0012__cash_control,8,crystal,65.55,67.38,0.08,0,0,0
seed-0012__cash_control,8,dream,27.78,51.51,0.02,0,0,0
seed-0012__cash_control,9,moon,103.4,103.2,0.02,0,0,0
seed-0012__cash_control,9,bank,68.64,68.71,0.01,0,0,0
seed-0012__cash_control,9,sky,79.91,80.47,0.05,0,0,0
seed-0012__cash_control,9,forge,85.62,89.23,0.03,0,0,0
seed-0012__cash_control,9,crystal,65.25,66.55,0,0,0,0
seed-0012__cash_control,9,dream,25.44,49.58,-0.08,0,0,0
seed-0012__cash_control,10,moon,102.66,103.56,-0.01,0,0,0
seed-0012__cash_control,10,bank,68.28,68.53,-0.01,0,0,0
seed-0012__cash_control,10,sky,81.16,80.59,0.02,0,0,0
seed-0012__cash_control,10,forge,88.71,91.81,0.04,0,0,0
seed-0012__cash_control,10,crystal,63.07,66.33,-0.03,0,0,0
seed-0012__cash_control,10,dream,26.44,49.65,0.04,0,0,0
seed-0012__cash_control,11,moon,103.5,102.98,0.01,0,0,0
seed-0012__cash_control,11,bank,68.59,68.57,0,0,0,0
seed-0012__cash_control,11,sky,83.67,80.59,0.03,0,0,0
seed-0012__cash_control,11,forge,91.86,91.4,0.04,0,0,0
seed-0012__cash_control,11,crystal,65.34,66,0.04,0,0,0
seed-0012__cash_control,11,dream,29.69,50.15,0.12,0,0,0
seed-0012__cash_control,12,moon,104.14,103.39,0.01,0,0,0
seed-0012__cash_control,12,bank,69.13,69.11,0.01,0,0,0
seed-0012__cash_control,12,sky,85.74,81.2,0.02,0,0,0
seed-0012__cash_control,12,forge,95.41,92.3,0.04,0,0,0
seed-0012__cash_control,12,crystal,67.13,65.15,0.03,0,0,0
seed-0012__cash_control,12,dream,35.03,50.66,0.18,0,0,0
seed-0012__moon_hold,0,moon,86,100,0,4.65116279,400,0
seed-0012__moon_hold,0,bank,75,72,0,0,0,0
seed-0012__moon_hold,0,sky,80,80,0,0,0,0
seed-0012__moon_hold,0,forge,88,92,0,0,0,0
seed-0012__moon_hold,0,crystal,62,68,0,0,0,0
seed-0012__moon_hold,0,dream,58,55,0,0,0,0
seed-0012__moon_hold,1,moon,90.68,100.49,0.05,4.65116279,421.7674418,14.76186046
seed-0012__moon_hold,1,bank,74.14,72.14,-0.01,0,0,0
seed-0012__moon_hold,1,sky,78.67,80.42,-0.02,0,0,0
seed-0012__moon_hold,1,forge,88.48,91.6,0.01,0,0,0
seed-0012__moon_hold,1,crystal,63.26,68.43,0.02,0,0,0
seed-0012__moon_hold,1,dream,54.59,56.35,-0.06,0,0,0
seed-0012__moon_hold,2,moon,95.17,102.6,0.05,4.65116279,442.65116272,15.4927907
seed-0012__moon_hold,2,bank,72.52,71.98,-0.02,0,0,0
seed-0012__moon_hold,2,sky,78.39,79.84,0,0,0,0
seed-0012__moon_hold,2,forge,89.37,91.1,0.01,0,0,0
seed-0012__moon_hold,2,crystal,63.47,67.71,0,0,0,0
seed-0012__moon_hold,2,dream,47.98,55.43,-0.12,0,0,0
seed-0012__moon_hold,3,moon,98.52,102.36,0.04,4.65116279,458.23255807,16.03813953
seed-0012__moon_hold,3,bank,72.32,71.6,0,0,0,0
seed-0012__moon_hold,3,sky,79.82,79.28,0.02,0,0,0
seed-0012__moon_hold,3,forge,85.67,87.94,-0.04,0,0,0
seed-0012__moon_hold,3,crystal,66.02,67.91,0.04,0,0,0
seed-0012__moon_hold,3,dream,42.51,55.15,-0.11,0,0,0
seed-0012__moon_hold,4,moon,99.64,102.28,0.01,4.65116279,463.4418604,16.22046511
seed-0012__moon_hold,4,bank,71.6,71.1,-0.01,0,0,0
seed-0012__moon_hold,4,sky,77.57,79.64,-0.03,0,0,0
seed-0012__moon_hold,4,forge,82.58,88.61,-0.04,0,0,0
seed-0012__moon_hold,4,crystal,63.7,67.09,-0.04,0,0,0
seed-0012__moon_hold,4,dream,34.86,54.23,-0.18,0,0,0
seed-0012__moon_hold,5,moon,101.54,102.36,0.02,4.65116279,472.2790697,16.52976744
seed-0012__moon_hold,5,bank,71.73,71.07,0,0,0,0
seed-0012__moon_hold,5,sky,78.18,80.54,0.01,0,0,0
seed-0012__moon_hold,5,forge,86.92,91.96,0.05,0,0,0
seed-0012__moon_hold,5,crystal,65.07,66.27,0.02,0,0,0
seed-0012__moon_hold,5,dream,32.23,53.59,-0.08,0,0,0
seed-0012__moon_hold,6,moon,99.78,102.05,-0.02,4.65116279,464.09302319,16.24325581
seed-0012__moon_hold,6,bank,70.2,70.89,-0.02,0,0,0
seed-0012__moon_hold,6,sky,76.97,81.04,-0.02,0,0,0
seed-0012__moon_hold,6,forge,85.16,88.28,-0.02,0,0,0
seed-0012__moon_hold,6,crystal,60.45,67.06,-0.07,0,0,0
seed-0012__moon_hold,6,dream,28.61,52.33,-0.11,0,0,0
seed-0012__moon_hold,7,moon,98.46,101.08,-0.01,4.65116279,457.9534883,16.02837209
seed-0012__moon_hold,7,bank,67.2,69.1,-0.04,0,0,0
seed-0012__moon_hold,7,sky,74.96,80.02,-0.03,0,0,0
seed-0012__moon_hold,7,forge,82.57,88.19,-0.03,0,0,0
seed-0012__moon_hold,7,crystal,60.59,66.63,0,0,0,0
seed-0012__moon_hold,7,dream,27.18,52.86,-0.05,0,0,0
seed-0012__moon_hold,8,moon,101.25,103.31,0.03,4.65116279,470.93023249,16.48255814
seed-0012__moon_hold,8,bank,67.82,68.79,0.01,0,0,0
seed-0012__moon_hold,8,sky,76.01,80.52,0.01,0,0,0
seed-0012__moon_hold,8,forge,83.53,89.06,0.01,0,0,0
seed-0012__moon_hold,8,crystal,65.55,67.38,0.08,0,0,0
seed-0012__moon_hold,8,dream,27.78,51.51,0.02,0,0,0
seed-0012__moon_hold,9,moon,103.4,103.2,0.02,4.65116279,480.93023249,16.83255814
seed-0012__moon_hold,9,bank,68.64,68.71,0.01,0,0,0
seed-0012__moon_hold,9,sky,79.91,80.47,0.05,0,0,0
seed-0012__moon_hold,9,forge,85.62,89.23,0.03,0,0,0
seed-0012__moon_hold,9,crystal,65.25,66.55,0,0,0,0
seed-0012__moon_hold,9,dream,25.44,49.58,-0.08,0,0,0
seed-0012__moon_hold,10,moon,102.66,103.56,-0.01,4.65116279,477.48837202,16.71209302
seed-0012__moon_hold,10,bank,68.28,68.53,-0.01,0,0,0
seed-0012__moon_hold,10,sky,81.16,80.59,0.02,0,0,0
seed-0012__moon_hold,10,forge,88.71,91.81,0.04,0,0,0
seed-0012__moon_hold,10,crystal,63.07,66.33,-0.03,0,0,0
seed-0012__moon_hold,10,dream,26.44,49.65,0.04,0,0,0
seed-0012__moon_hold,11,moon,103.5,102.98,0.01,4.65116279,481.39534877,16.84883721
seed-0012__moon_hold,11,bank,68.59,68.57,0,0,0,0
seed-0012__moon_hold,11,sky,83.67,80.59,0.03,0,0,0
seed-0012__moon_hold,11,forge,91.86,91.4,0.04,0,0,0
seed-0012__moon_hold,11,crystal,65.34,66,0.04,0,0,0
seed-0012__moon_hold,11,dream,29.69,50.15,0.12,0,0,0
seed-0012__moon_hold,12,moon,104.14,103.39,0.01,0,0,16.95302325
seed-0012__moon_hold,12,bank,69.13,69.11,0.01,0,0,0
seed-0012__moon_hold,12,sky,85.74,81.2,0.02,0,0,0
seed-0012__moon_hold,12,forge,95.41,92.3,0.04,0,0,0
seed-0012__moon_hold,12,crystal,67.13,65.15,0.03,0,0,0
seed-0012__moon_hold,12,dream,35.03,50.66,0.18,0,0,0
seed-0012__sky_hold,0,moon,86,100,0,0,0,0
seed-0012__sky_hold,0,bank,75,72,0,0,0,0
seed-0012__sky_hold,0,sky,80,80,0,5,400,0
seed-0012__sky_hold,0,forge,88,92,0,0,0,0
seed-0012__sky_hold,0,crystal,62,68,0,0,0,0
seed-0012__sky_hold,0,dream,58,55,0,0,0,0
seed-0012__sky_hold,1,moon,90.68,100.49,0.05,0,0,0
seed-0012__sky_hold,1,bank,74.14,72.14,-0.01,0,0,0
seed-0012__sky_hold,1,sky,78.67,80.42,-0.02,5,393.35,4.7202
seed-0012__sky_hold,1,forge,88.48,91.6,0.01,0,0,0
seed-0012__sky_hold,1,crystal,63.26,68.43,0.02,0,0,0
seed-0012__sky_hold,1,dream,54.59,56.35,-0.06,0,0,0
seed-0012__sky_hold,2,moon,95.17,102.6,0.05,0,0,0
seed-0012__sky_hold,2,bank,72.52,71.98,-0.02,0,0,0
seed-0012__sky_hold,2,sky,78.39,79.84,0,5,391.95,4.7034
seed-0012__sky_hold,2,forge,89.37,91.1,0.01,0,0,0
seed-0012__sky_hold,2,crystal,63.47,67.71,0,0,0,0
seed-0012__sky_hold,2,dream,47.98,55.43,-0.12,0,0,0
seed-0012__sky_hold,3,moon,98.52,102.36,0.04,0,0,0
seed-0012__sky_hold,3,bank,72.32,71.6,0,0,0,0
seed-0012__sky_hold,3,sky,79.82,79.28,0.02,5,399.1,23.946
seed-0012__sky_hold,3,forge,85.67,87.94,-0.04,0,0,0
seed-0012__sky_hold,3,crystal,66.02,67.91,0.04,0,0,0
seed-0012__sky_hold,3,dream,42.51,55.15,-0.11,0,0,0
seed-0012__sky_hold,4,moon,99.64,102.28,0.01,0,0,0
seed-0012__sky_hold,4,bank,71.6,71.1,-0.01,0,0,0
seed-0012__sky_hold,4,sky,77.57,79.64,-0.03,5,387.85,4.6542
seed-0012__sky_hold,4,forge,82.58,88.61,-0.04,0,0,0
seed-0012__sky_hold,4,crystal,63.7,67.09,-0.04,0,0,0
seed-0012__sky_hold,4,dream,34.86,54.23,-0.18,0,0,0
seed-0012__sky_hold,5,moon,101.54,102.36,0.02,0,0,0
seed-0012__sky_hold,5,bank,71.73,71.07,0,0,0,0
seed-0012__sky_hold,5,sky,78.18,80.54,0.01,5,390.9,23.454
seed-0012__sky_hold,5,forge,86.92,91.96,0.05,0,0,0
seed-0012__sky_hold,5,crystal,65.07,66.27,0.02,0,0,0
seed-0012__sky_hold,5,dream,32.23,53.59,-0.08,0,0,0
seed-0012__sky_hold,6,moon,99.78,102.05,-0.02,0,0,0
seed-0012__sky_hold,6,bank,70.2,70.89,-0.02,0,0,0
seed-0012__sky_hold,6,sky,76.97,81.04,-0.02,5,384.85,4.6182
seed-0012__sky_hold,6,forge,85.16,88.28,-0.02,0,0,0
seed-0012__sky_hold,6,crystal,60.45,67.06,-0.07,0,0,0
seed-0012__sky_hold,6,dream,28.61,52.33,-0.11,0,0,0
seed-0012__sky_hold,7,moon,98.46,101.08,-0.01,0,0,0
seed-0012__sky_hold,7,bank,67.2,69.1,-0.04,0,0,0
seed-0012__sky_hold,7,sky,74.96,80.02,-0.03,5,374.8,4.4976
seed-0012__sky_hold,7,forge,82.57,88.19,-0.03,0,0,0
seed-0012__sky_hold,7,crystal,60.59,66.63,0,0,0,0
seed-0012__sky_hold,7,dream,27.18,52.86,-0.05,0,0,0
seed-0012__sky_hold,8,moon,101.25,103.31,0.03,0,0,0
seed-0012__sky_hold,8,bank,67.82,68.79,0.01,0,0,0
seed-0012__sky_hold,8,sky,76.01,80.52,0.01,5,380.05,22.803
seed-0012__sky_hold,8,forge,83.53,89.06,0.01,0,0,0
seed-0012__sky_hold,8,crystal,65.55,67.38,0.08,0,0,0
seed-0012__sky_hold,8,dream,27.78,51.51,0.02,0,0,0
seed-0012__sky_hold,9,moon,103.4,103.2,0.02,0,0,0
seed-0012__sky_hold,9,bank,68.64,68.71,0.01,0,0,0
seed-0012__sky_hold,9,sky,79.91,80.47,0.05,5,399.55,23.973
seed-0012__sky_hold,9,forge,85.62,89.23,0.03,0,0,0
seed-0012__sky_hold,9,crystal,65.25,66.55,0,0,0,0
seed-0012__sky_hold,9,dream,25.44,49.58,-0.08,0,0,0
seed-0012__sky_hold,10,moon,102.66,103.56,-0.01,0,0,0
seed-0012__sky_hold,10,bank,68.28,68.53,-0.01,0,0,0
seed-0012__sky_hold,10,sky,81.16,80.59,0.02,5,405.8,24.348
seed-0012__sky_hold,10,forge,88.71,91.81,0.04,0,0,0
seed-0012__sky_hold,10,crystal,63.07,66.33,-0.03,0,0,0
seed-0012__sky_hold,10,dream,26.44,49.65,0.04,0,0,0
seed-0012__sky_hold,11,moon,103.5,102.98,0.01,0,0,0
seed-0012__sky_hold,11,bank,68.59,68.57,0,0,0,0
seed-0012__sky_hold,11,sky,83.67,80.59,0.03,5,418.35,25.101
seed-0012__sky_hold,11,forge,91.86,91.4,0.04,0,0,0
seed-0012__sky_hold,11,crystal,65.34,66,0.04,0,0,0
seed-0012__sky_hold,11,dream,29.69,50.15,0.12,0,0,0
seed-0012__sky_hold,12,moon,104.14,103.39,0.01,0,0,0
seed-0012__sky_hold,12,bank,69.13,69.11,0.01,0,0,0
seed-0012__sky_hold,12,sky,85.74,81.2,0.02,0,0,25.722
seed-0012__sky_hold,12,forge,95.41,92.3,0.04,0,0,0
seed-0012__sky_hold,12,crystal,67.13,65.15,0.03,0,0,0
seed-0012__sky_hold,12,dream,35.03,50.66,0.18,0,0,0
seed-0012__crystal_hold,0,moon,86,100,0,0,0,0
seed-0012__crystal_hold,0,bank,75,72,0,0,0,0
seed-0012__crystal_hold,0,sky,80,80,0,0,0,0
seed-0012__crystal_hold,0,forge,88,92,0,0,0,0
seed-0012__crystal_hold,0,crystal,62,68,0,6.4516129,399.9999998,0
seed-0012__crystal_hold,0,dream,58,55,0,0,0,0
seed-0012__crystal_hold,1,moon,90.68,100.49,0.05,0,0,0
seed-0012__crystal_hold,1,bank,74.14,72.14,-0.01,0,0,0
seed-0012__crystal_hold,1,sky,78.67,80.42,-0.02,0,0,0
seed-0012__crystal_hold,1,forge,88.48,91.6,0.01,0,0,0
seed-0012__crystal_hold,1,crystal,63.26,68.43,0.02,6.4516129,408.12903205,4.59145161
seed-0012__crystal_hold,1,dream,54.59,56.35,-0.06,0,0,0
seed-0012__crystal_hold,2,moon,95.17,102.6,0.05,0,0,0
seed-0012__crystal_hold,2,bank,72.52,71.98,-0.02,0,0,0
seed-0012__crystal_hold,2,sky,78.39,79.84,0,0,0,0
seed-0012__crystal_hold,2,forge,89.37,91.1,0.01,0,0,0
seed-0012__crystal_hold,2,crystal,63.47,67.71,0,6.4516129,409.48387076,4.60669355
seed-0012__crystal_hold,2,dream,47.98,55.43,-0.12,0,0,0
seed-0012__crystal_hold,3,moon,98.52,102.36,0.04,0,0,0
seed-0012__crystal_hold,3,bank,72.32,71.6,0,0,0,0
seed-0012__crystal_hold,3,sky,79.82,79.28,0.02,0,0,0
seed-0012__crystal_hold,3,forge,85.67,87.94,-0.04,0,0,0
seed-0012__crystal_hold,3,crystal,66.02,67.91,0.04,6.4516129,425.93548366,31.94516127
seed-0012__crystal_hold,3,dream,42.51,55.15,-0.11,0,0,0
seed-0012__crystal_hold,4,moon,99.64,102.28,0.01,0,0,0
seed-0012__crystal_hold,4,bank,71.6,71.1,-0.01,0,0,0
seed-0012__crystal_hold,4,sky,77.57,79.64,-0.03,0,0,0
seed-0012__crystal_hold,4,forge,82.58,88.61,-0.04,0,0,0
seed-0012__crystal_hold,4,crystal,63.7,67.09,-0.04,6.4516129,410.96774173,30.82258063
seed-0012__crystal_hold,4,dream,34.86,54.23,-0.18,0,0,0
seed-0012__crystal_hold,5,moon,101.54,102.36,0.02,0,0,0
seed-0012__crystal_hold,5,bank,71.73,71.07,0,0,0,0
seed-0012__crystal_hold,5,sky,78.18,80.54,0.01,0,0,0
seed-0012__crystal_hold,5,forge,86.92,91.96,0.05,0,0,0
seed-0012__crystal_hold,5,crystal,65.07,66.27,0.02,6.4516129,419.8064514,4.72282258
seed-0012__crystal_hold,5,dream,32.23,53.59,-0.08,0,0,0
seed-0012__crystal_hold,6,moon,99.78,102.05,-0.02,0,0,0
seed-0012__crystal_hold,6,bank,70.2,70.89,-0.02,0,0,0
seed-0012__crystal_hold,6,sky,76.97,81.04,-0.02,0,0,0
seed-0012__crystal_hold,6,forge,85.16,88.28,-0.02,0,0,0
seed-0012__crystal_hold,6,crystal,60.45,67.06,-0.07,6.4516129,389.99999981,29.24999999
seed-0012__crystal_hold,6,dream,28.61,52.33,-0.11,0,0,0
seed-0012__crystal_hold,7,moon,98.46,101.08,-0.01,0,0,0
seed-0012__crystal_hold,7,bank,67.2,69.1,-0.04,0,0,0
seed-0012__crystal_hold,7,sky,74.96,80.02,-0.03,0,0,0
seed-0012__crystal_hold,7,forge,82.57,88.19,-0.03,0,0,0
seed-0012__crystal_hold,7,crystal,60.59,66.63,0,6.4516129,390.90322561,4.39766129
seed-0012__crystal_hold,7,dream,27.18,52.86,-0.05,0,0,0
seed-0012__crystal_hold,8,moon,101.25,103.31,0.03,0,0,0
seed-0012__crystal_hold,8,bank,67.82,68.79,0.01,0,0,0
seed-0012__crystal_hold,8,sky,76.01,80.52,0.01,0,0,0
seed-0012__crystal_hold,8,forge,83.53,89.06,0.01,0,0,0
seed-0012__crystal_hold,8,crystal,65.55,67.38,0.08,6.4516129,422.9032256,31.71774192
seed-0012__crystal_hold,8,dream,27.78,51.51,0.02,0,0,0
seed-0012__crystal_hold,9,moon,103.4,103.2,0.02,0,0,0
seed-0012__crystal_hold,9,bank,68.64,68.71,0.01,0,0,0
seed-0012__crystal_hold,9,sky,79.91,80.47,0.05,0,0,0
seed-0012__crystal_hold,9,forge,85.62,89.23,0.03,0,0,0
seed-0012__crystal_hold,9,crystal,65.25,66.55,0,6.4516129,420.96774173,4.73588709
seed-0012__crystal_hold,9,dream,25.44,49.58,-0.08,0,0,0
seed-0012__crystal_hold,10,moon,102.66,103.56,-0.01,0,0,0
seed-0012__crystal_hold,10,bank,68.28,68.53,-0.01,0,0,0
seed-0012__crystal_hold,10,sky,81.16,80.59,0.02,0,0,0
seed-0012__crystal_hold,10,forge,88.71,91.81,0.04,0,0,0
seed-0012__crystal_hold,10,crystal,63.07,66.33,-0.03,6.4516129,406.9032256,30.51774192
seed-0012__crystal_hold,10,dream,26.44,49.65,0.04,0,0,0
seed-0012__crystal_hold,11,moon,103.5,102.98,0.01,0,0,0
seed-0012__crystal_hold,11,bank,68.59,68.57,0,0,0,0
seed-0012__crystal_hold,11,sky,83.67,80.59,0.03,0,0,0
seed-0012__crystal_hold,11,forge,91.86,91.4,0.04,0,0,0
seed-0012__crystal_hold,11,crystal,65.34,66,0.04,6.4516129,421.54838689,31.61612902
seed-0012__crystal_hold,11,dream,29.69,50.15,0.12,0,0,0
seed-0012__crystal_hold,12,moon,104.14,103.39,0.01,0,0,0
seed-0012__crystal_hold,12,bank,69.13,69.11,0.01,0,0,0
seed-0012__crystal_hold,12,sky,85.74,81.2,0.02,0,0,0
seed-0012__crystal_hold,12,forge,95.41,92.3,0.04,0,0,0
seed-0012__crystal_hold,12,crystal,67.13,65.15,0.03,0,0,32.48225805
seed-0012__crystal_hold,12,dream,35.03,50.66,0.18,0,0,0
seed-0013__cash_control,0,moon,86,100,0,0,0,0
seed-0013__cash_control,0,bank,75,72,0,0,0,0
seed-0013__cash_control,0,sky,80,80,0,0,0,0
seed-0013__cash_control,0,forge,88,92,0,0,0,0
seed-0013__cash_control,0,crystal,62,68,0,0,0,0
seed-0013__cash_control,0,dream,58,55,0,0,0,0
seed-0013__cash_control,1,moon,90.34,99.4,0.05,0,0,0
seed-0013__cash_control,1,bank,73.74,71.64,-0.02,0,0,0
seed-0013__cash_control,1,sky,85.14,83.37,0.06,0,0,0
seed-0013__cash_control,1,forge,89.72,91.43,0.02,0,0,0
seed-0013__cash_control,1,crystal,65.33,67.55,0.05,0,0,0
seed-0013__cash_control,1,dream,60.23,53.92,0.04,0,0,0
seed-0013__cash_control,2,moon,93.48,99.1,0.03,0,0,0
seed-0013__cash_control,2,bank,73.02,71.42,-0.01,0,0,0
seed-0013__cash_control,2,sky,88.98,83.7,0.05,0,0,0
seed-0013__cash_control,2,forge,92.54,90.87,0.03,0,0,0
seed-0013__cash_control,2,crystal,64.25,67.57,-0.02,0,0,0
seed-0013__cash_control,2,dream,67.86,54.99,0.13,0,0,0
seed-0013__cash_control,3,moon,95.89,99.07,0.03,0,0,0
seed-0013__cash_control,3,bank,72.68,72.06,0,0,0,0
seed-0013__cash_control,3,sky,90.79,83.81,0.02,0,0,0
seed-0013__cash_control,3,forge,93.08,90.44,0.01,0,0,0
seed-0013__cash_control,3,crystal,69.58,68.39,0.08,0,0,0
seed-0013__cash_control,3,dream,75.71,54.86,0.12,0,0,0
seed-0013__cash_control,4,moon,98.33,99.43,0.03,0,0,0
seed-0013__cash_control,4,bank,72.94,72.01,0,0,0,0
seed-0013__cash_control,4,sky,90.56,84,0,0,0,0
seed-0013__cash_control,4,forge,93.03,90.63,0,0,0,0
seed-0013__cash_control,4,crystal,71.72,67.12,0.03,0,0,0
seed-0013__cash_control,4,dream,87.06,55.96,0.15,0,0,0
seed-0013__cash_control,5,moon,98.03,98.63,0,0,0,0
seed-0013__cash_control,5,bank,72.07,71.63,-0.01,0,0,0
seed-0013__cash_control,5,sky,86.72,84.14,-0.04,0,0,0
seed-0013__cash_control,5,forge,90.08,91.3,-0.03,0,0,0
seed-0013__cash_control,5,crystal,67.46,65.73,-0.06,0,0,0
seed-0013__cash_control,5,dream,94.25,56.68,0.08,0,0,0
seed-0013__cash_control,6,moon,96.57,98.64,-0.01,0,0,0
seed-0013__cash_control,6,bank,70.54,71.07,-0.02,0,0,0
seed-0013__cash_control,6,sky,81.3,83.16,-0.06,0,0,0
seed-0013__cash_control,6,forge,86.29,90.66,-0.04,0,0,0
seed-0013__cash_control,6,crystal,62.32,63.17,-0.08,0,0,0
seed-0013__cash_control,6,dream,98.27,56.74,0.04,0,0,0
seed-0013__cash_control,7,moon,98.01,99.32,0.01,0,0,0
seed-0013__cash_control,7,bank,71.44,71.53,0.01,0,0,0
seed-0013__cash_control,7,sky,79.81,83.54,-0.02,0,0,0
seed-0013__cash_control,7,forge,87.53,91.64,0.01,0,0,0
seed-0013__cash_control,7,crystal,63.72,63.03,0.02,0,0,0
seed-0013__cash_control,7,dream,105.04,57.64,0.07,0,0,0
seed-0013__cash_control,8,moon,98.99,98.8,0.01,0,0,0
seed-0013__cash_control,8,bank,71.92,71.57,0.01,0,0,0
seed-0013__cash_control,8,sky,81.51,82.59,0.02,0,0,0
seed-0013__cash_control,8,forge,84.14,88.04,-0.04,0,0,0
seed-0013__cash_control,8,crystal,68.35,63.69,0.07,0,0,0
seed-0013__cash_control,8,dream,108.14,57.86,0.03,0,0,0
seed-0013__cash_control,9,moon,100.7,99.22,0.02,0,0,0
seed-0013__cash_control,9,bank,72.85,71.82,0.01,0,0,0
seed-0013__cash_control,9,sky,80.06,79.61,-0.02,0,0,0
seed-0013__cash_control,9,forge,84.33,88.07,0,0,0,0
seed-0013__cash_control,9,crystal,70.44,63.9,0.03,0,0,0
seed-0013__cash_control,9,dream,114.8,57.71,0.06,0,0,0
seed-0013__cash_control,10,moon,98.97,99.29,-0.02,0,0,0
seed-0013__cash_control,10,bank,71.72,71.87,-0.02,0,0,0
seed-0013__cash_control,10,sky,77.88,79.87,-0.03,0,0,0
seed-0013__cash_control,10,forge,83.51,87.97,-0.01,0,0,0
seed-0013__cash_control,10,crystal,70.84,63.26,0.01,0,0,0
seed-0013__cash_control,10,dream,124.31,59.02,0.08,0,0,0
seed-0013__cash_control,11,moon,98.94,99.3,0,0,0,0
seed-0013__cash_control,11,bank,72.18,71.88,0.01,0,0,0
seed-0013__cash_control,11,sky,79.5,80.74,0.02,0,0,0
seed-0013__cash_control,11,forge,85,88.16,0.02,0,0,0
seed-0013__cash_control,11,crystal,78.16,67.9,0.1,0,0,0
seed-0013__cash_control,11,dream,123.95,59.68,0,0,0,0
seed-0013__cash_control,12,moon,97.52,99.22,-0.01,0,0,0
seed-0013__cash_control,12,bank,71.32,71.67,-0.01,0,0,0
seed-0013__cash_control,12,sky,81.61,82.79,0.03,0,0,0
seed-0013__cash_control,12,forge,85.65,88.81,0.01,0,0,0
seed-0013__cash_control,12,crystal,69.97,66.28,-0.1,0,0,0
seed-0013__cash_control,12,dream,121.43,58.73,-0.02,0,0,0
seed-0013__moon_hold,0,moon,86,100,0,4.65116279,400,0
seed-0013__moon_hold,0,bank,75,72,0,0,0,0
seed-0013__moon_hold,0,sky,80,80,0,0,0,0
seed-0013__moon_hold,0,forge,88,92,0,0,0,0
seed-0013__moon_hold,0,crystal,62,68,0,0,0,0
seed-0013__moon_hold,0,dream,58,55,0,0,0,0
seed-0013__moon_hold,1,moon,90.34,99.4,0.05,4.65116279,420.18604645,14.70651163
seed-0013__moon_hold,1,bank,73.74,71.64,-0.02,0,0,0
seed-0013__moon_hold,1,sky,85.14,83.37,0.06,0,0,0
seed-0013__moon_hold,1,forge,89.72,91.43,0.02,0,0,0
seed-0013__moon_hold,1,crystal,65.33,67.55,0.05,0,0,0
seed-0013__moon_hold,1,dream,60.23,53.92,0.04,0,0,0
seed-0013__moon_hold,2,moon,93.48,99.1,0.03,4.65116279,434.79069761,15.21767442
seed-0013__moon_hold,2,bank,73.02,71.42,-0.01,0,0,0
seed-0013__moon_hold,2,sky,88.98,83.7,0.05,0,0,0
seed-0013__moon_hold,2,forge,92.54,90.87,0.03,0,0,0
seed-0013__moon_hold,2,crystal,64.25,67.57,-0.02,0,0,0
seed-0013__moon_hold,2,dream,67.86,54.99,0.13,0,0,0
seed-0013__moon_hold,3,moon,95.89,99.07,0.03,4.65116279,446,15.61
seed-0013__moon_hold,3,bank,72.68,72.06,0,0,0,0
seed-0013__moon_hold,3,sky,90.79,83.81,0.02,0,0,0
seed-0013__moon_hold,3,forge,93.08,90.44,0.01,0,0,0
seed-0013__moon_hold,3,crystal,69.58,68.39,0.08,0,0,0
seed-0013__moon_hold,3,dream,75.71,54.86,0.12,0,0,0
seed-0013__moon_hold,4,moon,98.33,99.43,0.03,4.65116279,457.34883714,16.0072093
seed-0013__moon_hold,4,bank,72.94,72.01,0,0,0,0
seed-0013__moon_hold,4,sky,90.56,84,0,0,0,0
seed-0013__moon_hold,4,forge,93.03,90.63,0,0,0,0
seed-0013__moon_hold,4,crystal,71.72,67.12,0.03,0,0,0
seed-0013__moon_hold,4,dream,87.06,55.96,0.15,0,0,0
seed-0013__moon_hold,5,moon,98.03,98.63,0,4.65116279,455.9534883,15.95837209
seed-0013__moon_hold,5,bank,72.07,71.63,-0.01,0,0,0
seed-0013__moon_hold,5,sky,86.72,84.14,-0.04,0,0,0
seed-0013__moon_hold,5,forge,90.08,91.3,-0.03,0,0,0
seed-0013__moon_hold,5,crystal,67.46,65.73,-0.06,0,0,0
seed-0013__moon_hold,5,dream,94.25,56.68,0.08,0,0,0
seed-0013__moon_hold,6,moon,96.57,98.64,-0.01,4.65116279,449.16279063,15.72069767
seed-0013__moon_hold,6,bank,70.54,71.07,-0.02,0,0,0
seed-0013__moon_hold,6,sky,81.3,83.16,-0.06,0,0,0
seed-0013__moon_hold,6,forge,86.29,90.66,-0.04,0,0,0
seed-0013__moon_hold,6,crystal,62.32,63.17,-0.08,0,0,0
seed-0013__moon_hold,6,dream,98.27,56.74,0.04,0,0,0
seed-0013__moon_hold,7,moon,98.01,99.32,0.01,4.65116279,455.86046505,15.95511628
seed-0013__moon_hold,7,bank,71.44,71.53,0.01,0,0,0
seed-0013__moon_hold,7,sky,79.81,83.54,-0.02,0,0,0
seed-0013__moon_hold,7,forge,87.53,91.64,0.01,0,0,0
seed-0013__moon_hold,7,crystal,63.72,63.03,0.02,0,0,0
seed-0013__moon_hold,7,dream,105.04,57.64,0.07,0,0,0
seed-0013__moon_hold,8,moon,98.99,98.8,0.01,4.65116279,460.41860458,16.11465116
seed-0013__moon_hold,8,bank,71.92,71.57,0.01,0,0,0
seed-0013__moon_hold,8,sky,81.51,82.59,0.02,0,0,0
seed-0013__moon_hold,8,forge,84.14,88.04,-0.04,0,0,0
seed-0013__moon_hold,8,crystal,68.35,63.69,0.07,0,0,0
seed-0013__moon_hold,8,dream,108.14,57.86,0.03,0,0,0
seed-0013__moon_hold,9,moon,100.7,99.22,0.02,4.65116279,468.37209295,16.39302325
seed-0013__moon_hold,9,bank,72.85,71.82,0.01,0,0,0
seed-0013__moon_hold,9,sky,80.06,79.61,-0.02,0,0,0
seed-0013__moon_hold,9,forge,84.33,88.07,0,0,0,0
seed-0013__moon_hold,9,crystal,70.44,63.9,0.03,0,0,0
seed-0013__moon_hold,9,dream,114.8,57.71,0.06,0,0,0
seed-0013__moon_hold,10,moon,98.97,99.29,-0.02,4.65116279,460.32558133,16.11139535
seed-0013__moon_hold,10,bank,71.72,71.87,-0.02,0,0,0
seed-0013__moon_hold,10,sky,77.88,79.87,-0.03,0,0,0
seed-0013__moon_hold,10,forge,83.51,87.97,-0.01,0,0,0
seed-0013__moon_hold,10,crystal,70.84,63.26,0.01,0,0,0
seed-0013__moon_hold,10,dream,124.31,59.02,0.08,0,0,0
seed-0013__moon_hold,11,moon,98.94,99.3,0,4.65116279,460.18604644,16.10651163
seed-0013__moon_hold,11,bank,72.18,71.88,0.01,0,0,0
seed-0013__moon_hold,11,sky,79.5,80.74,0.02,0,0,0
seed-0013__moon_hold,11,forge,85,88.16,0.02,0,0,0
seed-0013__moon_hold,11,crystal,78.16,67.9,0.1,0,0,0
seed-0013__moon_hold,11,dream,123.95,59.68,0,0,0,0
seed-0013__moon_hold,12,moon,97.52,99.22,-0.01,0,0,15.87534883
seed-0013__moon_hold,12,bank,71.32,71.67,-0.01,0,0,0
seed-0013__moon_hold,12,sky,81.61,82.79,0.03,0,0,0
seed-0013__moon_hold,12,forge,85.65,88.81,0.01,0,0,0
seed-0013__moon_hold,12,crystal,69.97,66.28,-0.1,0,0,0
seed-0013__moon_hold,12,dream,121.43,58.73,-0.02,0,0,0
seed-0013__sky_hold,0,moon,86,100,0,0,0,0
seed-0013__sky_hold,0,bank,75,72,0,0,0,0
seed-0013__sky_hold,0,sky,80,80,0,5,400,0
seed-0013__sky_hold,0,forge,88,92,0,0,0,0
seed-0013__sky_hold,0,crystal,62,68,0,0,0,0
seed-0013__sky_hold,0,dream,58,55,0,0,0,0
seed-0013__sky_hold,1,moon,90.34,99.4,0.05,0,0,0
seed-0013__sky_hold,1,bank,73.74,71.64,-0.02,0,0,0
seed-0013__sky_hold,1,sky,85.14,83.37,0.06,5,425.7,25.542
seed-0013__sky_hold,1,forge,89.72,91.43,0.02,0,0,0
seed-0013__sky_hold,1,crystal,65.33,67.55,0.05,0,0,0
seed-0013__sky_hold,1,dream,60.23,53.92,0.04,0,0,0
seed-0013__sky_hold,2,moon,93.48,99.1,0.03,0,0,0
seed-0013__sky_hold,2,bank,73.02,71.42,-0.01,0,0,0
seed-0013__sky_hold,2,sky,88.98,83.7,0.05,5,444.9,26.694
seed-0013__sky_hold,2,forge,92.54,90.87,0.03,0,0,0
seed-0013__sky_hold,2,crystal,64.25,67.57,-0.02,0,0,0
seed-0013__sky_hold,2,dream,67.86,54.99,0.13,0,0,0
seed-0013__sky_hold,3,moon,95.89,99.07,0.03,0,0,0
seed-0013__sky_hold,3,bank,72.68,72.06,0,0,0,0
seed-0013__sky_hold,3,sky,90.79,83.81,0.02,5,453.95,27.237
seed-0013__sky_hold,3,forge,93.08,90.44,0.01,0,0,0
seed-0013__sky_hold,3,crystal,69.58,68.39,0.08,0,0,0
seed-0013__sky_hold,3,dream,75.71,54.86,0.12,0,0,0
seed-0013__sky_hold,4,moon,98.33,99.43,0.03,0,0,0
seed-0013__sky_hold,4,bank,72.94,72.01,0,0,0,0
seed-0013__sky_hold,4,sky,90.56,84,0,5,452.8,5.4336
seed-0013__sky_hold,4,forge,93.03,90.63,0,0,0,0
seed-0013__sky_hold,4,crystal,71.72,67.12,0.03,0,0,0
seed-0013__sky_hold,4,dream,87.06,55.96,0.15,0,0,0
seed-0013__sky_hold,5,moon,98.03,98.63,0,0,0,0
seed-0013__sky_hold,5,bank,72.07,71.63,-0.01,0,0,0
seed-0013__sky_hold,5,sky,86.72,84.14,-0.04,5,433.6,5.2032
seed-0013__sky_hold,5,forge,90.08,91.3,-0.03,0,0,0
seed-0013__sky_hold,5,crystal,67.46,65.73,-0.06,0,0,0
seed-0013__sky_hold,5,dream,94.25,56.68,0.08,0,0,0
seed-0013__sky_hold,6,moon,96.57,98.64,-0.01,0,0,0
seed-0013__sky_hold,6,bank,70.54,71.07,-0.02,0,0,0
seed-0013__sky_hold,6,sky,81.3,83.16,-0.06,5,406.5,4.878
seed-0013__sky_hold,6,forge,86.29,90.66,-0.04,0,0,0
seed-0013__sky_hold,6,crystal,62.32,63.17,-0.08,0,0,0
seed-0013__sky_hold,6,dream,98.27,56.74,0.04,0,0,0
seed-0013__sky_hold,7,moon,98.01,99.32,0.01,0,0,0
seed-0013__sky_hold,7,bank,71.44,71.53,0.01,0,0,0
seed-0013__sky_hold,7,sky,79.81,83.54,-0.02,5,399.05,4.7886
seed-0013__sky_hold,7,forge,87.53,91.64,0.01,0,0,0
seed-0013__sky_hold,7,crystal,63.72,63.03,0.02,0,0,0
seed-0013__sky_hold,7,dream,105.04,57.64,0.07,0,0,0
seed-0013__sky_hold,8,moon,98.99,98.8,0.01,0,0,0
seed-0013__sky_hold,8,bank,71.92,71.57,0.01,0,0,0
seed-0013__sky_hold,8,sky,81.51,82.59,0.02,5,407.55,24.453
seed-0013__sky_hold,8,forge,84.14,88.04,-0.04,0,0,0
seed-0013__sky_hold,8,crystal,68.35,63.69,0.07,0,0,0
seed-0013__sky_hold,8,dream,108.14,57.86,0.03,0,0,0
seed-0013__sky_hold,9,moon,100.7,99.22,0.02,0,0,0
seed-0013__sky_hold,9,bank,72.85,71.82,0.01,0,0,0
seed-0013__sky_hold,9,sky,80.06,79.61,-0.02,5,400.3,4.8036
seed-0013__sky_hold,9,forge,84.33,88.07,0,0,0,0
seed-0013__sky_hold,9,crystal,70.44,63.9,0.03,0,0,0
seed-0013__sky_hold,9,dream,114.8,57.71,0.06,0,0,0
seed-0013__sky_hold,10,moon,98.97,99.29,-0.02,0,0,0
seed-0013__sky_hold,10,bank,71.72,71.87,-0.02,0,0,0
seed-0013__sky_hold,10,sky,77.88,79.87,-0.03,5,389.4,4.6728
seed-0013__sky_hold,10,forge,83.51,87.97,-0.01,0,0,0
seed-0013__sky_hold,10,crystal,70.84,63.26,0.01,0,0,0
seed-0013__sky_hold,10,dream,124.31,59.02,0.08,0,0,0
seed-0013__sky_hold,11,moon,98.94,99.3,0,0,0,0
seed-0013__sky_hold,11,bank,72.18,71.88,0.01,0,0,0
seed-0013__sky_hold,11,sky,79.5,80.74,0.02,5,397.5,23.85
seed-0013__sky_hold,11,forge,85,88.16,0.02,0,0,0
seed-0013__sky_hold,11,crystal,78.16,67.9,0.1,0,0,0
seed-0013__sky_hold,11,dream,123.95,59.68,0,0,0,0
seed-0013__sky_hold,12,moon,97.52,99.22,-0.01,0,0,0
seed-0013__sky_hold,12,bank,71.32,71.67,-0.01,0,0,0
seed-0013__sky_hold,12,sky,81.61,82.79,0.03,0,0,24.483
seed-0013__sky_hold,12,forge,85.65,88.81,0.01,0,0,0
seed-0013__sky_hold,12,crystal,69.97,66.28,-0.1,0,0,0
seed-0013__sky_hold,12,dream,121.43,58.73,-0.02,0,0,0
seed-0013__crystal_hold,0,moon,86,100,0,0,0,0
seed-0013__crystal_hold,0,bank,75,72,0,0,0,0
seed-0013__crystal_hold,0,sky,80,80,0,0,0,0
seed-0013__crystal_hold,0,forge,88,92,0,0,0,0
seed-0013__crystal_hold,0,crystal,62,68,0,6.4516129,399.9999998,0
seed-0013__crystal_hold,0,dream,58,55,0,0,0,0
seed-0013__crystal_hold,1,moon,90.34,99.4,0.05,0,0,0
seed-0013__crystal_hold,1,bank,73.74,71.64,-0.02,0,0,0
seed-0013__crystal_hold,1,sky,85.14,83.37,0.06,0,0,0
seed-0013__crystal_hold,1,forge,89.72,91.43,0.02,0,0,0
seed-0013__crystal_hold,1,crystal,65.33,67.55,0.05,6.4516129,421.48387076,31.61129031
seed-0013__crystal_hold,1,dream,60.23,53.92,0.04,0,0,0
seed-0013__crystal_hold,2,moon,93.48,99.1,0.03,0,0,0
seed-0013__crystal_hold,2,bank,73.02,71.42,-0.01,0,0,0
seed-0013__crystal_hold,2,sky,88.98,83.7,0.05,0,0,0
seed-0013__crystal_hold,2,forge,92.54,90.87,0.03,0,0,0
seed-0013__crystal_hold,2,crystal,64.25,67.57,-0.02,6.4516129,414.51612883,4.66330645
seed-0013__crystal_hold,2,dream,67.86,54.99,0.13,0,0,0
seed-0013__crystal_hold,3,moon,95.89,99.07,0.03,0,0,0
seed-0013__crystal_hold,3,bank,72.68,72.06,0,0,0,0
seed-0013__crystal_hold,3,sky,90.79,83.81,0.02,0,0,0
seed-0013__crystal_hold,3,forge,93.08,90.44,0.01,0,0,0
seed-0013__crystal_hold,3,crystal,69.58,68.39,0.08,6.4516129,448.90322558,33.66774192
seed-0013__crystal_hold,3,dream,75.71,54.86,0.12,0,0,0
seed-0013__crystal_hold,4,moon,98.33,99.43,0.03,0,0,0
seed-0013__crystal_hold,4,bank,72.94,72.01,0,0,0,0
seed-0013__crystal_hold,4,sky,90.56,84,0,0,0,0
seed-0013__crystal_hold,4,forge,93.03,90.63,0,0,0,0
seed-0013__crystal_hold,4,crystal,71.72,67.12,0.03,6.4516129,462.70967719,34.70322579
seed-0013__crystal_hold,4,dream,87.06,55.96,0.15,0,0,0
seed-0013__crystal_hold,5,moon,98.03,98.63,0,0,0,0
seed-0013__crystal_hold,5,bank,72.07,71.63,-0.01,0,0,0
seed-0013__crystal_hold,5,sky,86.72,84.14,-0.04,0,0,0
seed-0013__crystal_hold,5,forge,90.08,91.3,-0.03,0,0,0
seed-0013__crystal_hold,5,crystal,67.46,65.73,-0.06,6.4516129,435.22580623,32.64193547
seed-0013__crystal_hold,5,dream,94.25,56.68,0.08,0,0,0
seed-0013__crystal_hold,6,moon,96.57,98.64,-0.01,0,0,0
seed-0013__crystal_hold,6,bank,70.54,71.07,-0.02,0,0,0
seed-0013__crystal_hold,6,sky,81.3,83.16,-0.06,0,0,0
seed-0013__crystal_hold,6,forge,86.29,90.66,-0.04,0,0,0
seed-0013__crystal_hold,6,crystal,62.32,63.17,-0.08,6.4516129,402.06451593,30.15483869
seed-0013__crystal_hold,6,dream,98.27,56.74,0.04,0,0,0
seed-0013__crystal_hold,7,moon,98.01,99.32,0.01,0,0,0
seed-0013__crystal_hold,7,bank,71.44,71.53,0.01,0,0,0
seed-0013__crystal_hold,7,sky,79.81,83.54,-0.02,0,0,0
seed-0013__crystal_hold,7,forge,87.53,91.64,0.01,0,0,0
seed-0013__crystal_hold,7,crystal,63.72,63.03,0.02,6.4516129,411.09677399,4.62483871
seed-0013__crystal_hold,7,dream,105.04,57.64,0.07,0,0,0
seed-0013__crystal_hold,8,moon,98.99,98.8,0.01,0,0,0
seed-0013__crystal_hold,8,bank,71.92,71.57,0.01,0,0,0
seed-0013__crystal_hold,8,sky,81.51,82.59,0.02,0,0,0
seed-0013__crystal_hold,8,forge,84.14,88.04,-0.04,0,0,0
seed-0013__crystal_hold,8,crystal,68.35,63.69,0.07,6.4516129,440.96774171,33.07258063
seed-0013__crystal_hold,8,dream,108.14,57.86,0.03,0,0,0
seed-0013__crystal_hold,9,moon,100.7,99.22,0.02,0,0,0
seed-0013__crystal_hold,9,bank,72.85,71.82,0.01,0,0,0
seed-0013__crystal_hold,9,sky,80.06,79.61,-0.02,0,0,0
seed-0013__crystal_hold,9,forge,84.33,88.07,0,0,0,0
seed-0013__crystal_hold,9,crystal,70.44,63.9,0.03,6.4516129,454.45161268,34.08387095
seed-0013__crystal_hold,9,dream,114.8,57.71,0.06,0,0,0
seed-0013__crystal_hold,10,moon,98.97,99.29,-0.02,0,0,0
seed-0013__crystal_hold,10,bank,71.72,71.87,-0.02,0,0,0
seed-0013__crystal_hold,10,sky,77.88,79.87,-0.03,0,0,0
seed-0013__crystal_hold,10,forge,83.51,87.97,-0.01,0,0,0
seed-0013__crystal_hold,10,crystal,70.84,63.26,0.01,6.4516129,457.03225784,5.1416129
seed-0013__crystal_hold,10,dream,124.31,59.02,0.08,0,0,0
seed-0013__crystal_hold,11,moon,98.94,99.3,0,0,0,0
seed-0013__crystal_hold,11,bank,72.18,71.88,0.01,0,0,0
seed-0013__crystal_hold,11,sky,79.5,80.74,0.02,0,0,0
seed-0013__crystal_hold,11,forge,85,88.16,0.02,0,0,0
seed-0013__crystal_hold,11,crystal,78.16,67.9,0.1,6.4516129,504.25806426,37.81935482
seed-0013__crystal_hold,11,dream,123.95,59.68,0,0,0,0
seed-0013__crystal_hold,12,moon,97.52,99.22,-0.01,0,0,0
seed-0013__crystal_hold,12,bank,71.32,71.67,-0.01,0,0,0
seed-0013__crystal_hold,12,sky,81.61,82.79,0.03,0,0,0
seed-0013__crystal_hold,12,forge,85.65,88.81,0.01,0,0,0
seed-0013__crystal_hold,12,crystal,69.97,66.28,-0.1,0,0,33.8564516
seed-0013__crystal_hold,12,dream,121.43,58.73,-0.02,0,0,0
seed-0014__cash_control,0,moon,86,100,0,0,0,0
seed-0014__cash_control,0,bank,75,72,0,0,0,0
seed-0014__cash_control,0,sky,80,80,0,0,0,0
seed-0014__cash_control,0,forge,88,92,0,0,0,0
seed-0014__cash_control,0,crystal,62,68,0,0,0,0
seed-0014__cash_control,0,dream,58,55,0,0,0,0
seed-0014__cash_control,1,moon,90.09,99.84,0.05,0,0,0
seed-0014__cash_control,1,bank,73.51,72.12,-0.02,0,0,0
seed-0014__cash_control,1,sky,79.42,80.66,-0.01,0,0,0
seed-0014__cash_control,1,forge,87.34,92.59,-0.01,0,0,0
seed-0014__cash_control,1,crystal,62.63,67.54,0.01,0,0,0
seed-0014__cash_control,1,dream,57.37,53.82,-0.01,0,0,0
seed-0014__cash_control,2,moon,93.22,100.29,0.03,0,0,0
seed-0014__cash_control,2,bank,72.47,71.8,-0.01,0,0,0
seed-0014__cash_control,2,sky,75.23,77.22,-0.05,0,0,0
seed-0014__cash_control,2,forge,88.15,91.56,0.01,0,0,0
seed-0014__cash_control,2,crystal,65.72,68.32,0.05,0,0,0
seed-0014__cash_control,2,dream,56.46,53.28,-0.02,0,0,0
seed-0014__cash_control,3,moon,94.87,99.44,0.02,0,0,0
seed-0014__cash_control,3,bank,71.62,71.44,-0.01,0,0,0
seed-0014__cash_control,3,sky,71.06,76.68,-0.06,0,0,0
seed-0014__cash_control,3,forge,88.02,91.88,0,0,0,0
seed-0014__cash_control,3,crystal,57.66,64.41,-0.12,0,0,0
seed-0014__cash_control,3,dream,51.51,53.65,-0.09,0,0,0
seed-0014__cash_control,4,moon,98.35,99.39,0.04,0,0,0
seed-0014__cash_control,4,bank,72.4,71.4,0.01,0,0,0
seed-0014__cash_control,4,sky,68.08,73.95,-0.04,0,0,0
seed-0014__cash_control,4,forge,89.86,91.35,0.02,0,0,0
seed-0014__cash_control,4,crystal,61.74,65.3,0.07,0,0,0
seed-0014__cash_control,4,dream,49.94,53.05,-0.03,0,0,0
seed-0014__cash_control,5,moon,101.73,101.82,0.03,0,0,0
seed-0014__cash_control,5,bank,71.99,71.11,-0.01,0,0,0
seed-0014__cash_control,5,sky,67.32,74.57,-0.01,0,0,0
seed-0014__cash_control,5,forge,90.24,92.46,0,0,0,0
seed-0014__cash_control,5,crystal,59.92,66.3,-0.03,0,0,0
seed-0014__cash_control,5,dream,48.9,53.98,-0.02,0,0,0
seed-0014__cash_control,6,moon,102.37,101.73,0.01,0,0,0
seed-0014__cash_control,6,bank,71.86,71,0,0,0,0
seed-0014__cash_control,6,sky,69.09,75.15,0.03,0,0,0
seed-0014__cash_control,6,forge,92.53,93.22,0.03,0,0,0
seed-0014__cash_control,6,crystal,63.21,65.51,0.05,0,0,0
seed-0014__cash_control,6,dream,52.69,54.81,0.08,0,0,0
seed-0014__cash_control,7,moon,100.26,100.99,-0.02,0,0,0
seed-0014__cash_control,7,bank,70.71,70.81,-0.02,0,0,0
seed-0014__cash_control,7,sky,69.75,75.16,0.01,0,0,0
seed-0014__cash_control,7,forge,90.97,93.41,-0.02,0,0,0
seed-0014__cash_control,7,crystal,64.37,65.61,0.02,0,0,0
seed-0014__cash_control,7,dream,54.9,54.74,0.04,0,0,0
seed-0014__cash_control,8,moon,100.8,103.53,0.01,0,0,0
seed-0014__cash_control,8,bank,69.8,70.58,-0.01,0,0,0
seed-0014__cash_control,8,sky,70.25,74.87,0.01,0,0,0
seed-0014__cash_control,8,forge,87.79,92.37,-0.03,0,0,0
seed-0014__cash_control,8,crystal,64.46,64.12,0,0,0,0
seed-0014__cash_control,8,dream,53.39,54.91,-0.03,0,0,0
seed-0014__cash_control,9,moon,101.19,103.78,0,0,0,0
seed-0014__cash_control,9,bank,69.76,70.73,0,0,0,0
seed-0014__cash_control,9,sky,71.56,74.77,0.02,0,0,0
seed-0014__cash_control,9,forge,86.14,91.61,-0.02,0,0,0
seed-0014__cash_control,9,crystal,64.42,64.92,0,0,0,0
seed-0014__cash_control,9,dream,53.08,54.66,-0.01,0,0,0
seed-0014__cash_control,10,moon,102.07,104.48,0.01,0,0,0
seed-0014__cash_control,10,bank,70.29,70.96,0.01,0,0,0
seed-0014__cash_control,10,sky,73.41,74.72,0.03,0,0,0
seed-0014__cash_control,10,forge,92.35,94.9,0.07,0,0,0
seed-0014__cash_control,10,crystal,65.21,65.82,0.01,0,0,0
seed-0014__cash_control,10,dream,52.64,54.28,-0.01,0,0,0
seed-0014__cash_control,11,moon,103.74,104.11,0.02,0,0,0
seed-0014__cash_control,11,bank,71.06,71.21,0.01,0,0,0
seed-0014__cash_control,11,sky,74.13,72.82,0.01,0,0,0
seed-0014__cash_control,11,forge,97.24,94.25,0.05,0,0,0
seed-0014__cash_control,11,crystal,67.85,65.69,0.04,0,0,0
seed-0014__cash_control,11,dream,52.48,55.16,0,0,0,0
seed-0014__cash_control,12,moon,104.13,103.64,0,0,0,0
seed-0014__cash_control,12,bank,71.72,71.52,0.01,0,0,0
seed-0014__cash_control,12,sky,73.88,73.23,0,0,0,0
seed-0014__cash_control,12,forge,96.52,94.9,-0.01,0,0,0
seed-0014__cash_control,12,crystal,67.82,64.93,0,0,0,0
seed-0014__cash_control,12,dream,52.12,55.54,-0.01,0,0,0
seed-0014__moon_hold,0,moon,86,100,0,4.65116279,400,0
seed-0014__moon_hold,0,bank,75,72,0,0,0,0
seed-0014__moon_hold,0,sky,80,80,0,0,0,0
seed-0014__moon_hold,0,forge,88,92,0,0,0,0
seed-0014__moon_hold,0,crystal,62,68,0,0,0,0
seed-0014__moon_hold,0,dream,58,55,0,0,0,0
seed-0014__moon_hold,1,moon,90.09,99.84,0.05,4.65116279,419.02325575,14.66581395
seed-0014__moon_hold,1,bank,73.51,72.12,-0.02,0,0,0
seed-0014__moon_hold,1,sky,79.42,80.66,-0.01,0,0,0
seed-0014__moon_hold,1,forge,87.34,92.59,-0.01,0,0,0
seed-0014__moon_hold,1,crystal,62.63,67.54,0.01,0,0,0
seed-0014__moon_hold,1,dream,57.37,53.82,-0.01,0,0,0
seed-0014__moon_hold,2,moon,93.22,100.29,0.03,4.65116279,433.58139528,15.17534883
seed-0014__moon_hold,2,bank,72.47,71.8,-0.01,0,0,0
seed-0014__moon_hold,2,sky,75.23,77.22,-0.05,0,0,0
seed-0014__moon_hold,2,forge,88.15,91.56,0.01,0,0,0
seed-0014__moon_hold,2,crystal,65.72,68.32,0.05,0,0,0
seed-0014__moon_hold,2,dream,56.46,53.28,-0.02,0,0,0
seed-0014__moon_hold,3,moon,94.87,99.44,0.02,4.65116279,441.25581389,15.44395349
seed-0014__moon_hold,3,bank,71.62,71.44,-0.01,0,0,0
seed-0014__moon_hold,3,sky,71.06,76.68,-0.06,0,0,0
seed-0014__moon_hold,3,forge,88.02,91.88,0,0,0,0
seed-0014__moon_hold,3,crystal,57.66,64.41,-0.12,0,0,0
seed-0014__moon_hold,3,dream,51.51,53.65,-0.09,0,0,0
seed-0014__moon_hold,4,moon,98.35,99.39,0.04,4.65116279,457.4418604,16.01046511
seed-0014__moon_hold,4,bank,72.4,71.4,0.01,0,0,0
seed-0014__moon_hold,4,sky,68.08,73.95,-0.04,0,0,0
seed-0014__moon_hold,4,forge,89.86,91.35,0.02,0,0,0
seed-0014__moon_hold,4,crystal,61.74,65.3,0.07,0,0,0
seed-0014__moon_hold,4,dream,49.94,53.05,-0.03,0,0,0
seed-0014__moon_hold,5,moon,101.73,101.82,0.03,4.65116279,473.16279063,16.56069767
seed-0014__moon_hold,5,bank,71.99,71.11,-0.01,0,0,0
seed-0014__moon_hold,5,sky,67.32,74.57,-0.01,0,0,0
seed-0014__moon_hold,5,forge,90.24,92.46,0,0,0,0
seed-0014__moon_hold,5,crystal,59.92,66.3,-0.03,0,0,0
seed-0014__moon_hold,5,dream,48.9,53.98,-0.02,0,0,0
seed-0014__moon_hold,6,moon,102.37,101.73,0.01,4.65116279,476.13953481,16.66488372
seed-0014__moon_hold,6,bank,71.86,71,0,0,0,0
seed-0014__moon_hold,6,sky,69.09,75.15,0.03,0,0,0
seed-0014__moon_hold,6,forge,92.53,93.22,0.03,0,0,0
seed-0014__moon_hold,6,crystal,63.21,65.51,0.05,0,0,0
seed-0014__moon_hold,6,dream,52.69,54.81,0.08,0,0,0
seed-0014__moon_hold,7,moon,100.26,100.99,-0.02,4.65116279,466.32558133,16.32139535
seed-0014__moon_hold,7,bank,70.71,70.81,-0.02,0,0,0
seed-0014__moon_hold,7,sky,69.75,75.16,0.01,0,0,0
seed-0014__moon_hold,7,forge,90.97,93.41,-0.02,0,0,0
seed-0014__moon_hold,7,crystal,64.37,65.61,0.02,0,0,0
seed-0014__moon_hold,7,dream,54.9,54.74,0.04,0,0,0
seed-0014__moon_hold,8,moon,100.8,103.53,0.01,4.65116279,468.83720923,16.40930232
seed-0014__moon_hold,8,bank,69.8,70.58,-0.01,0,0,0
seed-0014__moon_hold,8,sky,70.25,74.87,0.01,0,0,0
seed-0014__moon_hold,8,forge,87.79,92.37,-0.03,0,0,0
seed-0014__moon_hold,8,crystal,64.46,64.12,0,0,0,0
seed-0014__moon_hold,8,dream,53.39,54.91,-0.03,0,0,0
seed-0014__moon_hold,9,moon,101.19,103.78,0,4.65116279,470.65116272,16.4727907
seed-0014__moon_hold,9,bank,69.76,70.73,0,0,0,0
seed-0014__moon_hold,9,sky,71.56,74.77,0.02,0,0,0
seed-0014__moon_hold,9,forge,86.14,91.61,-0.02,0,0,0
seed-0014__moon_hold,9,crystal,64.42,64.92,0,0,0,0
seed-0014__moon_hold,9,dream,53.08,54.66,-0.01,0,0,0
seed-0014__moon_hold,10,moon,102.07,104.48,0.01,4.65116279,474.74418598,16.61604651
seed-0014__moon_hold,10,bank,70.29,70.96,0.01,0,0,0
seed-0014__moon_hold,10,sky,73.41,74.72,0.03,0,0,0
seed-0014__moon_hold,10,forge,92.35,94.9,0.07,0,0,0
seed-0014__moon_hold,10,crystal,65.21,65.82,0.01,0,0,0
seed-0014__moon_hold,10,dream,52.64,54.28,-0.01,0,0,0
seed-0014__moon_hold,11,moon,103.74,104.11,0.02,4.65116279,482.51162783,16.88790697
seed-0014__moon_hold,11,bank,71.06,71.21,0.01,0,0,0
seed-0014__moon_hold,11,sky,74.13,72.82,0.01,0,0,0
seed-0014__moon_hold,11,forge,97.24,94.25,0.05,0,0,0
seed-0014__moon_hold,11,crystal,67.85,65.69,0.04,0,0,0
seed-0014__moon_hold,11,dream,52.48,55.16,0,0,0,0
seed-0014__moon_hold,12,moon,104.13,103.64,0,0,0,16.95139535
seed-0014__moon_hold,12,bank,71.72,71.52,0.01,0,0,0
seed-0014__moon_hold,12,sky,73.88,73.23,0,0,0,0
seed-0014__moon_hold,12,forge,96.52,94.9,-0.01,0,0,0
seed-0014__moon_hold,12,crystal,67.82,64.93,0,0,0,0
seed-0014__moon_hold,12,dream,52.12,55.54,-0.01,0,0,0
seed-0014__sky_hold,0,moon,86,100,0,0,0,0
seed-0014__sky_hold,0,bank,75,72,0,0,0,0
seed-0014__sky_hold,0,sky,80,80,0,5,400,0
seed-0014__sky_hold,0,forge,88,92,0,0,0,0
seed-0014__sky_hold,0,crystal,62,68,0,0,0,0
seed-0014__sky_hold,0,dream,58,55,0,0,0,0
seed-0014__sky_hold,1,moon,90.09,99.84,0.05,0,0,0
seed-0014__sky_hold,1,bank,73.51,72.12,-0.02,0,0,0
seed-0014__sky_hold,1,sky,79.42,80.66,-0.01,5,397.1,4.7652
seed-0014__sky_hold,1,forge,87.34,92.59,-0.01,0,0,0
seed-0014__sky_hold,1,crystal,62.63,67.54,0.01,0,0,0
seed-0014__sky_hold,1,dream,57.37,53.82,-0.01,0,0,0
seed-0014__sky_hold,2,moon,93.22,100.29,0.03,0,0,0
seed-0014__sky_hold,2,bank,72.47,71.8,-0.01,0,0,0
seed-0014__sky_hold,2,sky,75.23,77.22,-0.05,5,376.15,4.5138
seed-0014__sky_hold,2,forge,88.15,91.56,0.01,0,0,0
seed-0014__sky_hold,2,crystal,65.72,68.32,0.05,0,0,0
seed-0014__sky_hold,2,dream,56.46,53.28,-0.02,0,0,0
seed-0014__sky_hold,3,moon,94.87,99.44,0.02,0,0,0
seed-0014__sky_hold,3,bank,71.62,71.44,-0.01,0,0,0
seed-0014__sky_hold,3,sky,71.06,76.68,-0.06,5,355.3,4.2636
seed-0014__sky_hold,3,forge,88.02,91.88,0,0,0,0
seed-0014__sky_hold,3,crystal,57.66,64.41,-0.12,0,0,0
seed-0014__sky_hold,3,dream,51.51,53.65,-0.09,0,0,0
seed-0014__sky_hold,4,moon,98.35,99.39,0.04,0,0,0
seed-0014__sky_hold,4,bank,72.4,71.4,0.01,0,0,0
seed-0014__sky_hold,4,sky,68.08,73.95,-0.04,5,340.4,4.0848
seed-0014__sky_hold,4,forge,89.86,91.35,0.02,0,0,0
seed-0014__sky_hold,4,crystal,61.74,65.3,0.07,0,0,0
seed-0014__sky_hold,4,dream,49.94,53.05,-0.03,0,0,0
seed-0014__sky_hold,5,moon,101.73,101.82,0.03,0,0,0
seed-0014__sky_hold,5,bank,71.99,71.11,-0.01,0,0,0
seed-0014__sky_hold,5,sky,67.32,74.57,-0.01,5,336.6,4.0392
seed-0014__sky_hold,5,forge,90.24,92.46,0,0,0,0
seed-0014__sky_hold,5,crystal,59.92,66.3,-0.03,0,0,0
seed-0014__sky_hold,5,dream,48.9,53.98,-0.02,0,0,0
seed-0014__sky_hold,6,moon,102.37,101.73,0.01,0,0,0
seed-0014__sky_hold,6,bank,71.86,71,0,0,0,0
seed-0014__sky_hold,6,sky,69.09,75.15,0.03,5,345.45,20.727
seed-0014__sky_hold,6,forge,92.53,93.22,0.03,0,0,0
seed-0014__sky_hold,6,crystal,63.21,65.51,0.05,0,0,0
seed-0014__sky_hold,6,dream,52.69,54.81,0.08,0,0,0
seed-0014__sky_hold,7,moon,100.26,100.99,-0.02,0,0,0
seed-0014__sky_hold,7,bank,70.71,70.81,-0.02,0,0,0
seed-0014__sky_hold,7,sky,69.75,75.16,0.01,5,348.75,20.925
seed-0014__sky_hold,7,forge,90.97,93.41,-0.02,0,0,0
seed-0014__sky_hold,7,crystal,64.37,65.61,0.02,0,0,0
seed-0014__sky_hold,7,dream,54.9,54.74,0.04,0,0,0
seed-0014__sky_hold,8,moon,100.8,103.53,0.01,0,0,0
seed-0014__sky_hold,8,bank,69.8,70.58,-0.01,0,0,0
seed-0014__sky_hold,8,sky,70.25,74.87,0.01,5,351.25,21.075
seed-0014__sky_hold,8,forge,87.79,92.37,-0.03,0,0,0
seed-0014__sky_hold,8,crystal,64.46,64.12,0,0,0,0
seed-0014__sky_hold,8,dream,53.39,54.91,-0.03,0,0,0
seed-0014__sky_hold,9,moon,101.19,103.78,0,0,0,0
seed-0014__sky_hold,9,bank,69.76,70.73,0,0,0,0
seed-0014__sky_hold,9,sky,71.56,74.77,0.02,5,357.8,21.468
seed-0014__sky_hold,9,forge,86.14,91.61,-0.02,0,0,0
seed-0014__sky_hold,9,crystal,64.42,64.92,0,0,0,0
seed-0014__sky_hold,9,dream,53.08,54.66,-0.01,0,0,0
seed-0014__sky_hold,10,moon,102.07,104.48,0.01,0,0,0
seed-0014__sky_hold,10,bank,70.29,70.96,0.01,0,0,0
seed-0014__sky_hold,10,sky,73.41,74.72,0.03,5,367.05,22.023
seed-0014__sky_hold,10,forge,92.35,94.9,0.07,0,0,0
seed-0014__sky_hold,10,crystal,65.21,65.82,0.01,0,0,0
seed-0014__sky_hold,10,dream,52.64,54.28,-0.01,0,0,0
seed-0014__sky_hold,11,moon,103.74,104.11,0.02,0,0,0
seed-0014__sky_hold,11,bank,71.06,71.21,0.01,0,0,0
seed-0014__sky_hold,11,sky,74.13,72.82,0.01,5,370.65,22.239
seed-0014__sky_hold,11,forge,97.24,94.25,0.05,0,0,0
seed-0014__sky_hold,11,crystal,67.85,65.69,0.04,0,0,0
seed-0014__sky_hold,11,dream,52.48,55.16,0,0,0,0
seed-0014__sky_hold,12,moon,104.13,103.64,0,0,0,0
seed-0014__sky_hold,12,bank,71.72,71.52,0.01,0,0,0
seed-0014__sky_hold,12,sky,73.88,73.23,0,0,0,4.4328
seed-0014__sky_hold,12,forge,96.52,94.9,-0.01,0,0,0
seed-0014__sky_hold,12,crystal,67.82,64.93,0,0,0,0
seed-0014__sky_hold,12,dream,52.12,55.54,-0.01,0,0,0
seed-0014__crystal_hold,0,moon,86,100,0,0,0,0
seed-0014__crystal_hold,0,bank,75,72,0,0,0,0
seed-0014__crystal_hold,0,sky,80,80,0,0,0,0
seed-0014__crystal_hold,0,forge,88,92,0,0,0,0
seed-0014__crystal_hold,0,crystal,62,68,0,6.4516129,399.9999998,0
seed-0014__crystal_hold,0,dream,58,55,0,0,0,0
seed-0014__crystal_hold,1,moon,90.09,99.84,0.05,0,0,0
seed-0014__crystal_hold,1,bank,73.51,72.12,-0.02,0,0,0
seed-0014__crystal_hold,1,sky,79.42,80.66,-0.01,0,0,0
seed-0014__crystal_hold,1,forge,87.34,92.59,-0.01,0,0,0
seed-0014__crystal_hold,1,crystal,62.63,67.54,0.01,6.4516129,404.06451593,4.5457258
seed-0014__crystal_hold,1,dream,57.37,53.82,-0.01,0,0,0
seed-0014__crystal_hold,2,moon,93.22,100.29,0.03,0,0,0
seed-0014__crystal_hold,2,bank,72.47,71.8,-0.01,0,0,0
seed-0014__crystal_hold,2,sky,75.23,77.22,-0.05,0,0,0
seed-0014__crystal_hold,2,forge,88.15,91.56,0.01,0,0,0
seed-0014__crystal_hold,2,crystal,65.72,68.32,0.05,6.4516129,423.99999979,31.79999998
seed-0014__crystal_hold,2,dream,56.46,53.28,-0.02,0,0,0
seed-0014__crystal_hold,3,moon,94.87,99.44,0.02,0,0,0
seed-0014__crystal_hold,3,bank,71.62,71.44,-0.01,0,0,0
seed-0014__crystal_hold,3,sky,71.06,76.68,-0.06,0,0,0
seed-0014__crystal_hold,3,forge,88.02,91.88,0,0,0,0
seed-0014__crystal_hold,3,crystal,57.66,64.41,-0.12,6.4516129,371.99999981,27.89999999
seed-0014__crystal_hold,3,dream,51.51,53.65,-0.09,0,0,0
seed-0014__crystal_hold,4,moon,98.35,99.39,0.04,0,0,0
seed-0014__crystal_hold,4,bank,72.4,71.4,0.01,0,0,0
seed-0014__crystal_hold,4,sky,68.08,73.95,-0.04,0,0,0
seed-0014__crystal_hold,4,forge,89.86,91.35,0.02,0,0,0
seed-0014__crystal_hold,4,crystal,61.74,65.3,0.07,6.4516129,398.32258045,29.87419353
seed-0014__crystal_hold,4,dream,49.94,53.05,-0.03,0,0,0
seed-0014__crystal_hold,5,moon,101.73,101.82,0.03,0,0,0
seed-0014__crystal_hold,5,bank,71.99,71.11,-0.01,0,0,0
seed-0014__crystal_hold,5,sky,67.32,74.57,-0.01,0,0,0
seed-0014__crystal_hold,5,forge,90.24,92.46,0,0,0,0
seed-0014__crystal_hold,5,crystal,59.92,66.3,-0.03,6.4516129,386.58064497,28.99354837
seed-0014__crystal_hold,5,dream,48.9,53.98,-0.02,0,0,0
seed-0014__crystal_hold,6,moon,102.37,101.73,0.01,0,0,0
seed-0014__crystal_hold,6,bank,71.86,71,0,0,0,0
seed-0014__crystal_hold,6,sky,69.09,75.15,0.03,0,0,0
seed-0014__crystal_hold,6,forge,92.53,93.22,0.03,0,0,0
seed-0014__crystal_hold,6,crystal,63.21,65.51,0.05,6.4516129,407.80645141,30.58548386
seed-0014__crystal_hold,6,dream,52.69,54.81,0.08,0,0,0
seed-0014__crystal_hold,7,moon,100.26,100.99,-0.02,0,0,0
seed-0014__crystal_hold,7,bank,70.71,70.81,-0.02,0,0,0
seed-0014__crystal_hold,7,sky,69.75,75.16,0.01,0,0,0
seed-0014__crystal_hold,7,forge,90.97,93.41,-0.02,0,0,0
seed-0014__crystal_hold,7,crystal,64.37,65.61,0.02,6.4516129,415.29032237,4.67201613
seed-0014__crystal_hold,7,dream,54.9,54.74,0.04,0,0,0
seed-0014__crystal_hold,8,moon,100.8,103.53,0.01,0,0,0
seed-0014__crystal_hold,8,bank,69.8,70.58,-0.01,0,0,0
seed-0014__crystal_hold,8,sky,70.25,74.87,0.01,0,0,0
seed-0014__crystal_hold,8,forge,87.79,92.37,-0.03,0,0,0
seed-0014__crystal_hold,8,crystal,64.46,64.12,0,6.4516129,415.87096753,4.67854838
seed-0014__crystal_hold,8,dream,53.39,54.91,-0.03,0,0,0
seed-0014__crystal_hold,9,moon,101.19,103.78,0,0,0,0
seed-0014__crystal_hold,9,bank,69.76,70.73,0,0,0,0
seed-0014__crystal_hold,9,sky,71.56,74.77,0.02,0,0,0
seed-0014__crystal_hold,9,forge,86.14,91.61,-0.02,0,0,0
seed-0014__crystal_hold,9,crystal,64.42,64.92,0,6.4516129,415.61290302,4.67564516
seed-0014__crystal_hold,9,dream,53.08,54.66,-0.01,0,0,0
seed-0014__crystal_hold,10,moon,102.07,104.48,0.01,0,0,0
seed-0014__crystal_hold,10,bank,70.29,70.96,0.01,0,0,0
seed-0014__crystal_hold,10,sky,73.41,74.72,0.03,0,0,0
seed-0014__crystal_hold,10,forge,92.35,94.9,0.07,0,0,0
seed-0014__crystal_hold,10,crystal,65.21,65.82,0.01,6.4516129,420.70967721,4.73298387
seed-0014__crystal_hold,10,dream,52.64,54.28,-0.01,0,0,0
seed-0014__crystal_hold,11,moon,103.74,104.11,0.02,0,0,0
seed-0014__crystal_hold,11,bank,71.06,71.21,0.01,0,0,0
seed-0014__crystal_hold,11,sky,74.13,72.82,0.01,0,0,0
seed-0014__crystal_hold,11,forge,97.24,94.25,0.05,0,0,0
seed-0014__crystal_hold,11,crystal,67.85,65.69,0.04,6.4516129,437.74193526,32.83064514
seed-0014__crystal_hold,11,dream,52.48,55.16,0,0,0,0
seed-0014__crystal_hold,12,moon,104.13,103.64,0,0,0,0
seed-0014__crystal_hold,12,bank,71.72,71.52,0.01,0,0,0
seed-0014__crystal_hold,12,sky,73.88,73.23,0,0,0,0
seed-0014__crystal_hold,12,forge,96.52,94.9,-0.01,0,0,0
seed-0014__crystal_hold,12,crystal,67.82,64.93,0,0,0,4.92241935
seed-0014__crystal_hold,12,dream,52.12,55.54,-0.01,0,0,0
seed-0015__cash_control,0,moon,86,100,0,0,0,0
seed-0015__cash_control,0,bank,75,72,0,0,0,0
seed-0015__cash_control,0,sky,80,80,0,0,0,0
seed-0015__cash_control,0,forge,88,92,0,0,0,0
seed-0015__cash_control,0,crystal,62,68,0,0,0,0
seed-0015__cash_control,0,dream,58,55,0,0,0,0
seed-0015__cash_control,1,moon,90.99,100.34,0.06,0,0,0
seed-0015__cash_control,1,bank,73.86,72.6,-0.02,0,0,0
seed-0015__cash_control,1,sky,83.7,82.91,0.05,0,0,0
seed-0015__cash_control,1,forge,90.63,91.28,0.03,0,0,0
seed-0015__cash_control,1,crystal,62.93,67.64,0.02,0,0,0
seed-0015__cash_control,1,dream,61.54,56.47,0.06,0,0,0
seed-0015__cash_control,2,moon,92.11,96.9,0.01,0,0,0
seed-0015__cash_control,2,bank,73.44,72.7,-0.01,0,0,0
seed-0015__cash_control,2,sky,85.55,83.24,0.02,0,0,0
seed-0015__cash_control,2,forge,90.39,90.48,0,0,0,0
seed-0015__cash_control,2,crystal,64.05,68.26,0.02,0,0,0
seed-0015__cash_control,2,dream,59.75,57.52,-0.03,0,0,0
seed-0015__cash_control,3,moon,95.07,97.09,0.03,0,0,0
seed-0015__cash_control,3,bank,74.16,72.69,0.01,0,0,0
seed-0015__cash_control,3,sky,88.44,82.28,0.03,0,0,0
seed-0015__cash_control,3,forge,91.3,89.6,0.01,0,0,0
seed-0015__cash_control,3,crystal,66.28,69.55,0.03,0,0,0
seed-0015__cash_control,3,dream,58.04,58.01,-0.03,0,0,0
seed-0015__cash_control,4,moon,98.5,99.9,0.04,0,0,0
seed-0015__cash_control,4,bank,73.85,72.81,0,0,0,0
seed-0015__cash_control,4,sky,92.29,82.74,0.04,0,0,0
seed-0015__cash_control,4,forge,93.21,88.91,0.02,0,0,0
seed-0015__cash_control,4,crystal,70.69,70.11,0.07,0,0,0
seed-0015__cash_control,4,dream,58.67,57.61,0.01,0,0,0
seed-0015__cash_control,5,moon,101.1,100.2,0.03,0,0,0
seed-0015__cash_control,5,bank,74.27,72.99,0.01,0,0,0
seed-0015__cash_control,5,sky,94.75,82.3,0.03,0,0,0
seed-0015__cash_control,5,forge,93.03,88.67,0,0,0,0
seed-0015__cash_control,5,crystal,70.66,71.77,0,0,0,0
seed-0015__cash_control,5,dream,53.77,56.17,-0.08,0,0,0
seed-0015__cash_control,6,moon,100.21,99.95,-0.01,0,0,0
seed-0015__cash_control,6,bank,74.19,73.95,0,0,0,0
seed-0015__cash_control,6,sky,90.84,81.97,-0.04,0,0,0
seed-0015__cash_control,6,forge,92.14,88.85,-0.01,0,0,0
seed-0015__cash_control,6,crystal,66.2,72.65,-0.06,0,0,0
seed-0015__cash_control,6,dream,50.11,55.47,-0.07,0,0,0
seed-0015__cash_control,7,moon,99.23,99.25,-0.01,0,0,0
seed-0015__cash_control,7,bank,73.91,73.7,0,0,0,0
seed-0015__cash_control,7,sky,84.37,81.11,-0.07,0,0,0
seed-0015__cash_control,7,forge,82.83,85.62,-0.1,0,0,0
seed-0015__cash_control,7,crystal,68.65,73.32,0.04,0,0,0
seed-0015__cash_control,7,dream,45.14,55.66,-0.1,0,0,0
seed-0015__cash_control,8,moon,99.13,99.17,0,0,0,0
seed-0015__cash_control,8,bank,73.45,73.31,-0.01,0,0,0
seed-0015__cash_control,8,sky,78.68,80.08,-0.07,0,0,0
seed-0015__cash_control,8,forge,76.8,84.82,-0.07,0,0,0
seed-0015__cash_control,8,crystal,58.93,68.18,-0.14,0,0,0
seed-0015__cash_control,8,dream,39.32,56.68,-0.13,0,0,0
seed-0015__cash_control,9,moon,101.06,99.61,0.02,0,0,0
seed-0015__cash_control,9,bank,75.35,74.91,0.03,0,0,0
seed-0015__cash_control,9,sky,76.91,81.18,-0.02,0,0,0
seed-0015__cash_control,9,forge,76.15,84.25,-0.01,0,0,0
seed-0015__cash_control,9,crystal,62.39,68.05,0.06,0,0,0
seed-0015__cash_control,9,dream,39.09,57.51,-0.01,0,0,0
seed-0015__cash_control,10,moon,102.14,99.95,0.01,0,0,0
seed-0015__cash_control,10,bank,76.17,74.96,0.01,0,0,0
seed-0015__cash_control,10,sky,77.53,80.71,0.01,0,0,0
seed-0015__cash_control,10,forge,78.39,83.73,0.03,0,0,0
seed-0015__cash_control,10,crystal,59.07,62.88,-0.05,0,0,0
seed-0015__cash_control,10,dream,40.14,58.68,0.03,0,0,0
seed-0015__cash_control,11,moon,102.68,100.18,0.01,0,0,0
seed-0015__cash_control,11,bank,76.22,74.89,0,0,0,0
seed-0015__cash_control,11,sky,78.34,78.58,0.01,0,0,0
seed-0015__cash_control,11,forge,82.75,83.32,0.06,0,0,0
seed-0015__cash_control,11,crystal,61.32,62.52,0.04,0,0,0
seed-0015__cash_control,11,dream,45.48,58.57,0.13,0,0,0
seed-0015__cash_control,12,moon,103.32,100.2,0.01,0,0,0
seed-0015__cash_control,12,bank,76.54,74.45,0,0,0,0
seed-0015__cash_control,12,sky,80.66,79.17,0.03,0,0,0
seed-0015__cash_control,12,forge,86.59,83.23,0.05,0,0,0
seed-0015__cash_control,12,crystal,65.29,63.63,0.06,0,0,0
seed-0015__cash_control,12,dream,50.16,59.21,0.1,0,0,0
seed-0015__moon_hold,0,moon,86,100,0,4.65116279,400,0
seed-0015__moon_hold,0,bank,75,72,0,0,0,0
seed-0015__moon_hold,0,sky,80,80,0,0,0,0
seed-0015__moon_hold,0,forge,88,92,0,0,0,0
seed-0015__moon_hold,0,crystal,62,68,0,0,0,0
seed-0015__moon_hold,0,dream,58,55,0,0,0,0
seed-0015__moon_hold,1,moon,90.99,100.34,0.06,4.65116279,423.20930226,14.81232558
seed-0015__moon_hold,1,bank,73.86,72.6,-0.02,0,0,0
seed-0015__moon_hold,1,sky,83.7,82.91,0.05,0,0,0
seed-0015__moon_hold,1,forge,90.63,91.28,0.03,0,0,0
seed-0015__moon_hold,1,crystal,62.93,67.64,0.02,0,0,0
seed-0015__moon_hold,1,dream,61.54,56.47,0.06,0,0,0
seed-0015__moon_hold,2,moon,92.11,96.9,0.01,4.65116279,428.41860459,14.99465116
seed-0015__moon_hold,2,bank,73.44,72.7,-0.01,0,0,0
seed-0015__moon_hold,2,sky,85.55,83.24,0.02,0,0,0
seed-0015__moon_hold,2,forge,90.39,90.48,0,0,0,0
seed-0015__moon_hold,2,crystal,64.05,68.26,0.02,0,0,0
seed-0015__moon_hold,2,dream,59.75,57.52,-0.03,0,0,0
seed-0015__moon_hold,3,moon,95.07,97.09,0.03,4.65116279,442.18604645,15.47651163
seed-0015__moon_hold,3,bank,74.16,72.69,0.01,0,0,0
seed-0015__moon_hold,3,sky,88.44,82.28,0.03,0,0,0
seed-0015__moon_hold,3,forge,91.3,89.6,0.01,0,0,0
seed-0015__moon_hold,3,crystal,66.28,69.55,0.03,0,0,0
seed-0015__moon_hold,3,dream,58.04,58.01,-0.03,0,0,0
seed-0015__moon_hold,4,moon,98.5,99.9,0.04,4.65116279,458.13953482,16.03488372
seed-0015__moon_hold,4,bank,73.85,72.81,0,0,0,0
seed-0015__moon_hold,4,sky,92.29,82.74,0.04,0,0,0
seed-0015__moon_hold,4,forge,93.21,88.91,0.02,0,0,0
seed-0015__moon_hold,4,crystal,70.69,70.11,0.07,0,0,0
seed-0015__moon_hold,4,dream,58.67,57.61,0.01,0,0,0
seed-0015__moon_hold,5,moon,101.1,100.2,0.03,4.65116279,470.23255807,16.45813953
seed-0015__moon_hold,5,bank,74.27,72.99,0.01,0,0,0
seed-0015__moon_hold,5,sky,94.75,82.3,0.03,0,0,0
seed-0015__moon_hold,5,forge,93.03,88.67,0,0,0,0
seed-0015__moon_hold,5,crystal,70.66,71.77,0,0,0,0
seed-0015__moon_hold,5,dream,53.77,56.17,-0.08,0,0,0
seed-0015__moon_hold,6,moon,100.21,99.95,-0.01,4.65116279,466.09302319,16.31325581
seed-0015__moon_hold,6,bank,74.19,73.95,0,0,0,0
seed-0015__moon_hold,6,sky,90.84,81.97,-0.04,0,0,0
seed-0015__moon_hold,6,forge,92.14,88.85,-0.01,0,0,0
seed-0015__moon_hold,6,crystal,66.2,72.65,-0.06,0,0,0
seed-0015__moon_hold,6,dream,50.11,55.47,-0.07,0,0,0
seed-0015__moon_hold,7,moon,99.23,99.25,-0.01,4.65116279,461.53488365,16.15372093
seed-0015__moon_hold,7,bank,73.91,73.7,0,0,0,0
seed-0015__moon_hold,7,sky,84.37,81.11,-0.07,0,0,0
seed-0015__moon_hold,7,forge,82.83,85.62,-0.1,0,0,0
seed-0015__moon_hold,7,crystal,68.65,73.32,0.04,0,0,0
seed-0015__moon_hold,7,dream,45.14,55.66,-0.1,0,0,0
seed-0015__moon_hold,8,moon,99.13,99.17,0,4.65116279,461.06976737,16.13744186
seed-0015__moon_hold,8,bank,73.45,73.31,-0.01,0,0,0
seed-0015__moon_hold,8,sky,78.68,80.08,-0.07,0,0,0
seed-0015__moon_hold,8,forge,76.8,84.82,-0.07,0,0,0
seed-0015__moon_hold,8,crystal,58.93,68.18,-0.14,0,0,0
seed-0015__moon_hold,8,dream,39.32,56.68,-0.13,0,0,0
seed-0015__moon_hold,9,moon,101.06,99.61,0.02,4.65116279,470.04651156,16.4516279
seed-0015__moon_hold,9,bank,75.35,74.91,0.03,0,0,0
seed-0015__moon_hold,9,sky,76.91,81.18,-0.02,0,0,0
seed-0015__moon_hold,9,forge,76.15,84.25,-0.01,0,0,0
seed-0015__moon_hold,9,crystal,62.39,68.05,0.06,0,0,0
seed-0015__moon_hold,9,dream,39.09,57.51,-0.01,0,0,0
seed-0015__moon_hold,10,moon,102.14,99.95,0.01,4.65116279,475.06976737,16.62744186
seed-0015__moon_hold,10,bank,76.17,74.96,0.01,0,0,0
seed-0015__moon_hold,10,sky,77.53,80.71,0.01,0,0,0
seed-0015__moon_hold,10,forge,78.39,83.73,0.03,0,0,0
seed-0015__moon_hold,10,crystal,59.07,62.88,-0.05,0,0,0
seed-0015__moon_hold,10,dream,40.14,58.68,0.03,0,0,0
seed-0015__moon_hold,11,moon,102.68,100.18,0.01,4.65116279,477.58139528,16.71534883
seed-0015__moon_hold,11,bank,76.22,74.89,0,0,0,0
seed-0015__moon_hold,11,sky,78.34,78.58,0.01,0,0,0
seed-0015__moon_hold,11,forge,82.75,83.32,0.06,0,0,0
seed-0015__moon_hold,11,crystal,61.32,62.52,0.04,0,0,0
seed-0015__moon_hold,11,dream,45.48,58.57,0.13,0,0,0
seed-0015__moon_hold,12,moon,103.32,100.2,0.01,0,0,16.81953488
seed-0015__moon_hold,12,bank,76.54,74.45,0,0,0,0
seed-0015__moon_hold,12,sky,80.66,79.17,0.03,0,0,0
seed-0015__moon_hold,12,forge,86.59,83.23,0.05,0,0,0
seed-0015__moon_hold,12,crystal,65.29,63.63,0.06,0,0,0
seed-0015__moon_hold,12,dream,50.16,59.21,0.1,0,0,0
seed-0015__sky_hold,0,moon,86,100,0,0,0,0
seed-0015__sky_hold,0,bank,75,72,0,0,0,0
seed-0015__sky_hold,0,sky,80,80,0,5,400,0
seed-0015__sky_hold,0,forge,88,92,0,0,0,0
seed-0015__sky_hold,0,crystal,62,68,0,0,0,0
seed-0015__sky_hold,0,dream,58,55,0,0,0,0
seed-0015__sky_hold,1,moon,90.99,100.34,0.06,0,0,0
seed-0015__sky_hold,1,bank,73.86,72.6,-0.02,0,0,0
seed-0015__sky_hold,1,sky,83.7,82.91,0.05,5,418.5,25.11
seed-0015__sky_hold,1,forge,90.63,91.28,0.03,0,0,0
seed-0015__sky_hold,1,crystal,62.93,67.64,0.02,0,0,0
seed-0015__sky_hold,1,dream,61.54,56.47,0.06,0,0,0
seed-0015__sky_hold,2,moon,92.11,96.9,0.01,0,0,0
seed-0015__sky_hold,2,bank,73.44,72.7,-0.01,0,0,0
seed-0015__sky_hold,2,sky,85.55,83.24,0.02,5,427.75,25.665
seed-0015__sky_hold,2,forge,90.39,90.48,0,0,0,0
seed-0015__sky_hold,2,crystal,64.05,68.26,0.02,0,0,0
seed-0015__sky_hold,2,dream,59.75,57.52,-0.03,0,0,0
seed-0015__sky_hold,3,moon,95.07,97.09,0.03,0,0,0
seed-0015__sky_hold,3,bank,74.16,72.69,0.01,0,0,0
seed-0015__sky_hold,3,sky,88.44,82.28,0.03,5,442.2,26.532
seed-0015__sky_hold,3,forge,91.3,89.6,0.01,0,0,0
seed-0015__sky_hold,3,crystal,66.28,69.55,0.03,0,0,0
seed-0015__sky_hold,3,dream,58.04,58.01,-0.03,0,0,0
seed-0015__sky_hold,4,moon,98.5,99.9,0.04,0,0,0
seed-0015__sky_hold,4,bank,73.85,72.81,0,0,0,0
seed-0015__sky_hold,4,sky,92.29,82.74,0.04,5,461.45,27.687
seed-0015__sky_hold,4,forge,93.21,88.91,0.02,0,0,0
seed-0015__sky_hold,4,crystal,70.69,70.11,0.07,0,0,0
seed-0015__sky_hold,4,dream,58.67,57.61,0.01,0,0,0
seed-0015__sky_hold,5,moon,101.1,100.2,0.03,0,0,0
seed-0015__sky_hold,5,bank,74.27,72.99,0.01,0,0,0
seed-0015__sky_hold,5,sky,94.75,82.3,0.03,5,473.75,28.425
seed-0015__sky_hold,5,forge,93.03,88.67,0,0,0,0
seed-0015__sky_hold,5,crystal,70.66,71.77,0,0,0,0
seed-0015__sky_hold,5,dream,53.77,56.17,-0.08,0,0,0
seed-0015__sky_hold,6,moon,100.21,99.95,-0.01,0,0,0
seed-0015__sky_hold,6,bank,74.19,73.95,0,0,0,0
seed-0015__sky_hold,6,sky,90.84,81.97,-0.04,5,454.2,5.4504
seed-0015__sky_hold,6,forge,92.14,88.85,-0.01,0,0,0
seed-0015__sky_hold,6,crystal,66.2,72.65,-0.06,0,0,0
seed-0015__sky_hold,6,dream,50.11,55.47,-0.07,0,0,0
seed-0015__sky_hold,7,moon,99.23,99.25,-0.01,0,0,0
seed-0015__sky_hold,7,bank,73.91,73.7,0,0,0,0
seed-0015__sky_hold,7,sky,84.37,81.11,-0.07,5,421.85,5.0622
seed-0015__sky_hold,7,forge,82.83,85.62,-0.1,0,0,0
seed-0015__sky_hold,7,crystal,68.65,73.32,0.04,0,0,0
seed-0015__sky_hold,7,dream,45.14,55.66,-0.1,0,0,0
seed-0015__sky_hold,8,moon,99.13,99.17,0,0,0,0
seed-0015__sky_hold,8,bank,73.45,73.31,-0.01,0,0,0
seed-0015__sky_hold,8,sky,78.68,80.08,-0.07,5,393.4,4.7208
seed-0015__sky_hold,8,forge,76.8,84.82,-0.07,0,0,0
seed-0015__sky_hold,8,crystal,58.93,68.18,-0.14,0,0,0
seed-0015__sky_hold,8,dream,39.32,56.68,-0.13,0,0,0
seed-0015__sky_hold,9,moon,101.06,99.61,0.02,0,0,0
seed-0015__sky_hold,9,bank,75.35,74.91,0.03,0,0,0
seed-0015__sky_hold,9,sky,76.91,81.18,-0.02,5,384.55,4.6146
seed-0015__sky_hold,9,forge,76.15,84.25,-0.01,0,0,0
seed-0015__sky_hold,9,crystal,62.39,68.05,0.06,0,0,0
seed-0015__sky_hold,9,dream,39.09,57.51,-0.01,0,0,0
seed-0015__sky_hold,10,moon,102.14,99.95,0.01,0,0,0
seed-0015__sky_hold,10,bank,76.17,74.96,0.01,0,0,0
seed-0015__sky_hold,10,sky,77.53,80.71,0.01,5,387.65,23.259
seed-0015__sky_hold,10,forge,78.39,83.73,0.03,0,0,0
seed-0015__sky_hold,10,crystal,59.07,62.88,-0.05,0,0,0
seed-0015__sky_hold,10,dream,40.14,58.68,0.03,0,0,0
seed-0015__sky_hold,11,moon,102.68,100.18,0.01,0,0,0
seed-0015__sky_hold,11,bank,76.22,74.89,0,0,0,0
seed-0015__sky_hold,11,sky,78.34,78.58,0.01,5,391.7,23.502
seed-0015__sky_hold,11,forge,82.75,83.32,0.06,0,0,0
seed-0015__sky_hold,11,crystal,61.32,62.52,0.04,0,0,0
seed-0015__sky_hold,11,dream,45.48,58.57,0.13,0,0,0
seed-0015__sky_hold,12,moon,103.32,100.2,0.01,0,0,0
seed-0015__sky_hold,12,bank,76.54,74.45,0,0,0,0
seed-0015__sky_hold,12,sky,80.66,79.17,0.03,0,0,24.198
seed-0015__sky_hold,12,forge,86.59,83.23,0.05,0,0,0
seed-0015__sky_hold,12,crystal,65.29,63.63,0.06,0,0,0
seed-0015__sky_hold,12,dream,50.16,59.21,0.1,0,0,0
seed-0015__crystal_hold,0,moon,86,100,0,0,0,0
seed-0015__crystal_hold,0,bank,75,72,0,0,0,0
seed-0015__crystal_hold,0,sky,80,80,0,0,0,0
seed-0015__crystal_hold,0,forge,88,92,0,0,0,0
seed-0015__crystal_hold,0,crystal,62,68,0,6.4516129,399.9999998,0
seed-0015__crystal_hold,0,dream,58,55,0,0,0,0
seed-0015__crystal_hold,1,moon,90.99,100.34,0.06,0,0,0
seed-0015__crystal_hold,1,bank,73.86,72.6,-0.02,0,0,0
seed-0015__crystal_hold,1,sky,83.7,82.91,0.05,0,0,0
seed-0015__crystal_hold,1,forge,90.63,91.28,0.03,0,0,0
seed-0015__crystal_hold,1,crystal,62.93,67.64,0.02,6.4516129,405.9999998,4.5675
seed-0015__crystal_hold,1,dream,61.54,56.47,0.06,0,0,0
seed-0015__crystal_hold,2,moon,92.11,96.9,0.01,0,0,0
seed-0015__crystal_hold,2,bank,73.44,72.7,-0.01,0,0,0
seed-0015__crystal_hold,2,sky,85.55,83.24,0.02,0,0,0
seed-0015__crystal_hold,2,forge,90.39,90.48,0,0,0,0
seed-0015__crystal_hold,2,crystal,64.05,68.26,0.02,6.4516129,413.22580624,4.64879032
seed-0015__crystal_hold,2,dream,59.75,57.52,-0.03,0,0,0
seed-0015__crystal_hold,3,moon,95.07,97.09,0.03,0,0,0
seed-0015__crystal_hold,3,bank,74.16,72.69,0.01,0,0,0
seed-0015__crystal_hold,3,sky,88.44,82.28,0.03,0,0,0
seed-0015__crystal_hold,3,forge,91.3,89.6,0.01,0,0,0
seed-0015__crystal_hold,3,crystal,66.28,69.55,0.03,6.4516129,427.61290301,32.07096773
seed-0015__crystal_hold,3,dream,58.04,58.01,-0.03,0,0,0
seed-0015__crystal_hold,4,moon,98.5,99.9,0.04,0,0,0
seed-0015__crystal_hold,4,bank,73.85,72.81,0,0,0,0
seed-0015__crystal_hold,4,sky,92.29,82.74,0.04,0,0,0
seed-0015__crystal_hold,4,forge,93.21,88.91,0.02,0,0,0
seed-0015__crystal_hold,4,crystal,70.69,70.11,0.07,6.4516129,456.0645159,34.20483869
seed-0015__crystal_hold,4,dream,58.67,57.61,0.01,0,0,0
seed-0015__crystal_hold,5,moon,101.1,100.2,0.03,0,0,0
seed-0015__crystal_hold,5,bank,74.27,72.99,0.01,0,0,0
seed-0015__crystal_hold,5,sky,94.75,82.3,0.03,0,0,0
seed-0015__crystal_hold,5,forge,93.03,88.67,0,0,0,0
seed-0015__crystal_hold,5,crystal,70.66,71.77,0,6.4516129,455.87096751,5.12854838
seed-0015__crystal_hold,5,dream,53.77,56.17,-0.08,0,0,0
seed-0015__crystal_hold,6,moon,100.21,99.95,-0.01,0,0,0
seed-0015__crystal_hold,6,bank,74.19,73.95,0,0,0,0
seed-0015__crystal_hold,6,sky,90.84,81.97,-0.04,0,0,0
seed-0015__crystal_hold,6,forge,92.14,88.85,-0.01,0,0,0
seed-0015__crystal_hold,6,crystal,66.2,72.65,-0.06,6.4516129,427.09677398,32.03225805
seed-0015__crystal_hold,6,dream,50.11,55.47,-0.07,0,0,0
seed-0015__crystal_hold,7,moon,99.23,99.25,-0.01,0,0,0
seed-0015__crystal_hold,7,bank,73.91,73.7,0,0,0,0
seed-0015__crystal_hold,7,sky,84.37,81.11,-0.07,0,0,0
seed-0015__crystal_hold,7,forge,82.83,85.62,-0.1,0,0,0
seed-0015__crystal_hold,7,crystal,68.65,73.32,0.04,6.4516129,442.90322559,33.21774192
seed-0015__crystal_hold,7,dream,45.14,55.66,-0.1,0,0,0
seed-0015__crystal_hold,8,moon,99.13,99.17,0,0,0,0
seed-0015__crystal_hold,8,bank,73.45,73.31,-0.01,0,0,0
seed-0015__crystal_hold,8,sky,78.68,80.08,-0.07,0,0,0
seed-0015__crystal_hold,8,forge,76.8,84.82,-0.07,0,0,0
seed-0015__crystal_hold,8,crystal,58.93,68.18,-0.14,6.4516129,380.1935482,28.51451611
seed-0015__crystal_hold,8,dream,39.32,56.68,-0.13,0,0,0
seed-0015__crystal_hold,9,moon,101.06,99.61,0.02,0,0,0
seed-0015__crystal_hold,9,bank,75.35,74.91,0.03,0,0,0
seed-0015__crystal_hold,9,sky,76.91,81.18,-0.02,0,0,0
seed-0015__crystal_hold,9,forge,76.15,84.25,-0.01,0,0,0
seed-0015__crystal_hold,9,crystal,62.39,68.05,0.06,6.4516129,402.51612883,30.18870966
seed-0015__crystal_hold,9,dream,39.09,57.51,-0.01,0,0,0
seed-0015__crystal_hold,10,moon,102.14,99.95,0.01,0,0,0
seed-0015__crystal_hold,10,bank,76.17,74.96,0.01,0,0,0
seed-0015__crystal_hold,10,sky,77.53,80.71,0.01,0,0,0
seed-0015__crystal_hold,10,forge,78.39,83.73,0.03,0,0,0
seed-0015__crystal_hold,10,crystal,59.07,62.88,-0.05,6.4516129,381.096774,28.58225805
seed-0015__crystal_hold,10,dream,40.14,58.68,0.03,0,0,0
seed-0015__crystal_hold,11,moon,102.68,100.18,0.01,0,0,0
seed-0015__crystal_hold,11,bank,76.22,74.89,0,0,0,0
seed-0015__crystal_hold,11,sky,78.34,78.58,0.01,0,0,0
seed-0015__crystal_hold,11,forge,82.75,83.32,0.06,0,0,0
seed-0015__crystal_hold,11,crystal,61.32,62.52,0.04,6.4516129,395.61290303,29.67096773
seed-0015__crystal_hold,11,dream,45.48,58.57,0.13,0,0,0
seed-0015__crystal_hold,12,moon,103.32,100.2,0.01,0,0,0
seed-0015__crystal_hold,12,bank,76.54,74.45,0,0,0,0
seed-0015__crystal_hold,12,sky,80.66,79.17,0.03,0,0,0
seed-0015__crystal_hold,12,forge,86.59,83.23,0.05,0,0,0
seed-0015__crystal_hold,12,crystal,65.29,63.63,0.06,0,0,31.59193547
seed-0015__crystal_hold,12,dream,50.16,59.21,0.1,0,0,0
seed-0016__cash_control,0,moon,86,100,0,0,0,0
seed-0016__cash_control,0,bank,75,72,0,0,0,0
seed-0016__cash_control,0,sky,80,80,0,0,0,0
seed-0016__cash_control,0,forge,88,92,0,0,0,0
seed-0016__cash_control,0,crystal,62,68,0,0,0,0
seed-0016__cash_control,0,dream,58,55,0,0,0,0
seed-0016__cash_control,1,moon,91.16,99.78,0.06,0,0,0
seed-0016__cash_control,1,bank,74.72,72.24,0,0,0,0
seed-0016__cash_control,1,sky,80.83,80.68,0.01,0,0,0
seed-0016__cash_control,1,forge,85.3,87.71,-0.03,0,0,0
seed-0016__cash_control,1,crystal,63.8,68.9,0.03,0,0,0
seed-0016__cash_control,1,dream,56.75,55.89,-0.02,0,0,0
seed-0016__cash_control,2,moon,93.76,100.11,0.03,0,0,0
seed-0016__cash_control,2,bank,73.56,72.5,-0.02,0,0,0
seed-0016__cash_control,2,sky,81.91,80.89,0.01,0,0,0
seed-0016__cash_control,2,forge,85.68,87.82,0,0,0,0
seed-0016__cash_control,2,crystal,59.61,64.8,-0.07,0,0,0
seed-0016__cash_control,2,dream,54.43,56.48,-0.04,0,0,0
seed-0016__cash_control,3,moon,97.54,100.32,0.04,0,0,0
seed-0016__cash_control,3,bank,71.68,71.38,-0.03,0,0,0
seed-0016__cash_control,3,sky,82.52,81.21,0.01,0,0,0
seed-0016__cash_control,3,forge,85.83,89.17,0,0,0,0
seed-0016__cash_control,3,crystal,60.76,64.66,0.02,0,0,0
seed-0016__cash_control,3,dream,54.08,56.43,-0.01,0,0,0
seed-0016__cash_control,4,moon,95.18,97.19,-0.02,0,0,0
seed-0016__cash_control,4,bank,71.08,71.04,-0.01,0,0,0
seed-0016__cash_control,4,sky,82,81.71,-0.01,0,0,0
seed-0016__cash_control,4,forge,84.28,88.38,-0.02,0,0,0
seed-0016__cash_control,4,crystal,61.63,64.97,0.01,0,0,0
seed-0016__cash_control,4,dream,54.13,56.88,0,0,0,0
seed-0016__cash_control,5,moon,96.97,97.55,0.02,0,0,0
seed-0016__cash_control,5,bank,71.98,71.12,0.01,0,0,0
seed-0016__cash_control,5,sky,85.54,84.82,0.04,0,0,0
seed-0016__cash_control,5,forge,85.35,89.53,0.01,0,0,0
seed-0016__cash_control,5,crystal,62.79,65.78,0.02,0,0,0
seed-0016__cash_control,5,dream,51.67,56.11,-0.05,0,0,0
seed-0016__cash_control,6,moon,98.25,97.74,0.01,0,0,0
seed-0016__cash_control,6,bank,71.77,70.96,0,0,0,0
seed-0016__cash_control,6,sky,89.22,85.53,0.04,0,0,0
seed-0016__cash_control,6,forge,87.71,89.53,0.03,0,0,0
seed-0016__cash_control,6,crystal,67.79,66.62,0.08,0,0,0
seed-0016__cash_control,6,dream,53.37,57.1,0.03,0,0,0
seed-0016__cash_control,7,moon,96.61,97.68,-0.02,0,0,0
seed-0016__cash_control,7,bank,70.27,70.39,-0.02,0,0,0
seed-0016__cash_control,7,sky,90.97,85.62,0.02,0,0,0
seed-0016__cash_control,7,forge,85.1,86.16,-0.03,0,0,0
seed-0016__cash_control,7,crystal,65.04,65.12,-0.04,0,0,0
seed-0016__cash_control,7,dream,56.54,58.17,0.06,0,0,0
seed-0016__cash_control,8,moon,98.65,98.07,0.02,0,0,0
seed-0016__cash_control,8,bank,70.92,70.32,0.01,0,0,0
seed-0016__cash_control,8,sky,95.38,88.6,0.05,0,0,0
seed-0016__cash_control,8,forge,84.79,86.19,0,0,0,0
seed-0016__cash_control,8,crystal,64.51,66.35,-0.01,0,0,0
seed-0016__cash_control,8,dream,59.61,57.18,0.05,0,0,0
seed-0016__cash_control,9,moon,98.97,98.43,0,0,0,0
seed-0016__cash_control,9,bank,71.55,70.53,0.01,0,0,0
seed-0016__cash_control,9,sky,96.05,88.05,0.01,0,0,0
seed-0016__cash_control,9,forge,86.13,85.48,0.02,0,0,0
seed-0016__cash_control,9,crystal,74.83,69.92,0.16,0,0,0
seed-0016__cash_control,9,dream,61.85,56.94,0.04,0,0,0
seed-0016__cash_control,10,moon,100.02,98.35,0.01,0,0,0
seed-0016__cash_control,10,bank,71.42,70.32,0,0,0,0
seed-0016__cash_control,10,sky,98.59,87.08,0.03,0,0,0
seed-0016__cash_control,10,forge,84.35,81.89,-0.02,0,0,0
seed-0016__cash_control,10,crystal,73.42,69.07,-0.02,0,0,0
seed-0016__cash_control,10,dream,65.51,56.59,0.06,0,0,0
seed-0016__cash_control,11,moon,99.72,98.32,0,0,0,0
seed-0016__cash_control,11,bank,72.16,71.57,0.01,0,0,0
seed-0016__cash_control,11,sky,101.27,87.85,0.03,0,0,0
seed-0016__cash_control,11,forge,85.4,81.65,0.01,0,0,0
seed-0016__cash_control,11,crystal,77.43,68.97,0.05,0,0,0
seed-0016__cash_control,11,dream,70.73,55.83,0.08,0,0,0
seed-0016__cash_control,12,moon,98.86,98.17,-0.01,0,0,0
seed-0016__cash_control,12,bank,71.76,71.92,-0.01,0,0,0
seed-0016__cash_control,12,sky,99.36,88.7,-0.02,0,0,0
seed-0016__cash_control,12,forge,86.96,85.12,0.02,0,0,0
seed-0016__cash_control,12,crystal,74.18,68.34,-0.04,0,0,0
seed-0016__cash_control,12,dream,78.83,55.23,0.11,0,0,0
seed-0016__moon_hold,0,moon,86,100,0,4.65116279,400,0
seed-0016__moon_hold,0,bank,75,72,0,0,0,0
seed-0016__moon_hold,0,sky,80,80,0,0,0,0
seed-0016__moon_hold,0,forge,88,92,0,0,0,0
seed-0016__moon_hold,0,crystal,62,68,0,0,0,0
seed-0016__moon_hold,0,dream,58,55,0,0,0,0
seed-0016__moon_hold,1,moon,91.16,99.78,0.06,4.65116279,424,14.84
seed-0016__moon_hold,1,bank,74.72,72.24,0,0,0,0
seed-0016__moon_hold,1,sky,80.83,80.68,0.01,0,0,0
seed-0016__moon_hold,1,forge,85.3,87.71,-0.03,0,0,0
seed-0016__moon_hold,1,crystal,63.8,68.9,0.03,0,0,0
seed-0016__moon_hold,1,dream,56.75,55.89,-0.02,0,0,0
seed-0016__moon_hold,2,moon,93.76,100.11,0.03,4.65116279,436.09302319,15.26325581
seed-0016__moon_hold,2,bank,73.56,72.5,-0.02,0,0,0
seed-0016__moon_hold,2,sky,81.91,80.89,0.01,0,0,0
seed-0016__moon_hold,2,forge,85.68,87.82,0,0,0,0
seed-0016__moon_hold,2,crystal,59.61,64.8,-0.07,0,0,0
seed-0016__moon_hold,2,dream,54.43,56.48,-0.04,0,0,0
seed-0016__moon_hold,3,moon,97.54,100.32,0.04,4.65116279,453.67441854,15.87860465
seed-0016__moon_hold,3,bank,71.68,71.38,-0.03,0,0,0
seed-0016__moon_hold,3,sky,82.52,81.21,0.01,0,0,0
seed-0016__moon_hold,3,forge,85.83,89.17,0,0,0,0
seed-0016__moon_hold,3,crystal,60.76,64.66,0.02,0,0,0
seed-0016__moon_hold,3,dream,54.08,56.43,-0.01,0,0,0
seed-0016__moon_hold,4,moon,95.18,97.19,-0.02,4.65116279,442.69767435,15.4944186
seed-0016__moon_hold,4,bank,71.08,71.04,-0.01,0,0,0
seed-0016__moon_hold,4,sky,82,81.71,-0.01,0,0,0
seed-0016__moon_hold,4,forge,84.28,88.38,-0.02,0,0,0
seed-0016__moon_hold,4,crystal,61.63,64.97,0.01,0,0,0
seed-0016__moon_hold,4,dream,54.13,56.88,0,0,0,0
seed-0016__moon_hold,5,moon,96.97,97.55,0.02,4.65116279,451.02325575,15.78581395
seed-0016__moon_hold,5,bank,71.98,71.12,0.01,0,0,0
seed-0016__moon_hold,5,sky,85.54,84.82,0.04,0,0,0
seed-0016__moon_hold,5,forge,85.35,89.53,0.01,0,0,0
seed-0016__moon_hold,5,crystal,62.79,65.78,0.02,0,0,0
seed-0016__moon_hold,5,dream,51.67,56.11,-0.05,0,0,0
seed-0016__moon_hold,6,moon,98.25,97.74,0.01,4.65116279,456.97674412,15.99418604
seed-0016__moon_hold,6,bank,71.77,70.96,0,0,0,0
seed-0016__moon_hold,6,sky,89.22,85.53,0.04,0,0,0
seed-0016__moon_hold,6,forge,87.71,89.53,0.03,0,0,0
seed-0016__moon_hold,6,crystal,67.79,66.62,0.08,0,0,0
seed-0016__moon_hold,6,dream,53.37,57.1,0.03,0,0,0
seed-0016__moon_hold,7,moon,96.61,97.68,-0.02,4.65116279,449.34883714,15.7272093
seed-0016__moon_hold,7,bank,70.27,70.39,-0.02,0,0,0
seed-0016__moon_hold,7,sky,90.97,85.62,0.02,0,0,0
seed-0016__moon_hold,7,forge,85.1,86.16,-0.03,0,0,0
seed-0016__moon_hold,7,crystal,65.04,65.12,-0.04,0,0,0
seed-0016__moon_hold,7,dream,56.54,58.17,0.06,0,0,0
seed-0016__moon_hold,8,moon,98.65,98.07,0.02,4.65116279,458.83720923,16.05930232
seed-0016__moon_hold,8,bank,70.92,70.32,0.01,0,0,0
seed-0016__moon_hold,8,sky,95.38,88.6,0.05,0,0,0
seed-0016__moon_hold,8,forge,84.79,86.19,0,0,0,0
seed-0016__moon_hold,8,crystal,64.51,66.35,-0.01,0,0,0
seed-0016__moon_hold,8,dream,59.61,57.18,0.05,0,0,0
seed-0016__moon_hold,9,moon,98.97,98.43,0,4.65116279,460.32558133,16.11139535
seed-0016__moon_hold,9,bank,71.55,70.53,0.01,0,0,0
seed-0016__moon_hold,9,sky,96.05,88.05,0.01,0,0,0
seed-0016__moon_hold,9,forge,86.13,85.48,0.02,0,0,0
seed-0016__moon_hold,9,crystal,74.83,69.92,0.16,0,0,0
seed-0016__moon_hold,9,dream,61.85,56.94,0.04,0,0,0
seed-0016__moon_hold,10,moon,100.02,98.35,0.01,4.65116279,465.20930226,16.28232558
seed-0016__moon_hold,10,bank,71.42,70.32,0,0,0,0
seed-0016__moon_hold,10,sky,98.59,87.08,0.03,0,0,0
seed-0016__moon_hold,10,forge,84.35,81.89,-0.02,0,0,0
seed-0016__moon_hold,10,crystal,73.42,69.07,-0.02,0,0,0
seed-0016__moon_hold,10,dream,65.51,56.59,0.06,0,0,0
seed-0016__moon_hold,11,moon,99.72,98.32,0,4.65116279,463.81395342,16.23348837
seed-0016__moon_hold,11,bank,72.16,71.57,0.01,0,0,0
seed-0016__moon_hold,11,sky,101.27,87.85,0.03,0,0,0
seed-0016__moon_hold,11,forge,85.4,81.65,0.01,0,0,0
seed-0016__moon_hold,11,crystal,77.43,68.97,0.05,0,0,0
seed-0016__moon_hold,11,dream,70.73,55.83,0.08,0,0,0
seed-0016__moon_hold,12,moon,98.86,98.17,-0.01,0,0,16.09348837
seed-0016__moon_hold,12,bank,71.76,71.92,-0.01,0,0,0
seed-0016__moon_hold,12,sky,99.36,88.7,-0.02,0,0,0
seed-0016__moon_hold,12,forge,86.96,85.12,0.02,0,0,0
seed-0016__moon_hold,12,crystal,74.18,68.34,-0.04,0,0,0
seed-0016__moon_hold,12,dream,78.83,55.23,0.11,0,0,0
seed-0016__sky_hold,0,moon,86,100,0,0,0,0
seed-0016__sky_hold,0,bank,75,72,0,0,0,0
seed-0016__sky_hold,0,sky,80,80,0,5,400,0
seed-0016__sky_hold,0,forge,88,92,0,0,0,0
seed-0016__sky_hold,0,crystal,62,68,0,0,0,0
seed-0016__sky_hold,0,dream,58,55,0,0,0,0
seed-0016__sky_hold,1,moon,91.16,99.78,0.06,0,0,0
seed-0016__sky_hold,1,bank,74.72,72.24,0,0,0,0
seed-0016__sky_hold,1,sky,80.83,80.68,0.01,5,404.15,24.249
seed-0016__sky_hold,1,forge,85.3,87.71,-0.03,0,0,0
seed-0016__sky_hold,1,crystal,63.8,68.9,0.03,0,0,0
seed-0016__sky_hold,1,dream,56.75,55.89,-0.02,0,0,0
seed-0016__sky_hold,2,moon,93.76,100.11,0.03,0,0,0
seed-0016__sky_hold,2,bank,73.56,72.5,-0.02,0,0,0
seed-0016__sky_hold,2,sky,81.91,80.89,0.01,5,409.55,24.573
seed-0016__sky_hold,2,forge,85.68,87.82,0,0,0,0
seed-0016__sky_hold,2,crystal,59.61,64.8,-0.07,0,0,0
seed-0016__sky_hold,2,dream,54.43,56.48,-0.04,0,0,0
seed-0016__sky_hold,3,moon,97.54,100.32,0.04,0,0,0
seed-0016__sky_hold,3,bank,71.68,71.38,-0.03,0,0,0
seed-0016__sky_hold,3,sky,82.52,81.21,0.01,5,412.6,24.756
seed-0016__sky_hold,3,forge,85.83,89.17,0,0,0,0
seed-0016__sky_hold,3,crystal,60.76,64.66,0.02,0,0,0
seed-0016__sky_hold,3,dream,54.08,56.43,-0.01,0,0,0
seed-0016__sky_hold,4,moon,95.18,97.19,-0.02,0,0,0
seed-0016__sky_hold,4,bank,71.08,71.04,-0.01,0,0,0
seed-0016__sky_hold,4,sky,82,81.71,-0.01,5,410,4.92
seed-0016__sky_hold,4,forge,84.28,88.38,-0.02,0,0,0
seed-0016__sky_hold,4,crystal,61.63,64.97,0.01,0,0,0
seed-0016__sky_hold,4,dream,54.13,56.88,0,0,0,0
seed-0016__sky_hold,5,moon,96.97,97.55,0.02,0,0,0
seed-0016__sky_hold,5,bank,71.98,71.12,0.01,0,0,0
seed-0016__sky_hold,5,sky,85.54,84.82,0.04,5,427.7,25.662
seed-0016__sky_hold,5,forge,85.35,89.53,0.01,0,0,0
seed-0016__sky_hold,5,crystal,62.79,65.78,0.02,0,0,0
seed-0016__sky_hold,5,dream,51.67,56.11,-0.05,0,0,0
seed-0016__sky_hold,6,moon,98.25,97.74,0.01,0,0,0
seed-0016__sky_hold,6,bank,71.77,70.96,0,0,0,0
seed-0016__sky_hold,6,sky,89.22,85.53,0.04,5,446.1,26.766
seed-0016__sky_hold,6,forge,87.71,89.53,0.03,0,0,0
seed-0016__sky_hold,6,crystal,67.79,66.62,0.08,0,0,0
seed-0016__sky_hold,6,dream,53.37,57.1,0.03,0,0,0
seed-0016__sky_hold,7,moon,96.61,97.68,-0.02,0,0,0
seed-0016__sky_hold,7,bank,70.27,70.39,-0.02,0,0,0
seed-0016__sky_hold,7,sky,90.97,85.62,0.02,5,454.85,27.291
seed-0016__sky_hold,7,forge,85.1,86.16,-0.03,0,0,0
seed-0016__sky_hold,7,crystal,65.04,65.12,-0.04,0,0,0
seed-0016__sky_hold,7,dream,56.54,58.17,0.06,0,0,0
seed-0016__sky_hold,8,moon,98.65,98.07,0.02,0,0,0
seed-0016__sky_hold,8,bank,70.92,70.32,0.01,0,0,0
seed-0016__sky_hold,8,sky,95.38,88.6,0.05,5,476.9,28.614
seed-0016__sky_hold,8,forge,84.79,86.19,0,0,0,0
seed-0016__sky_hold,8,crystal,64.51,66.35,-0.01,0,0,0
seed-0016__sky_hold,8,dream,59.61,57.18,0.05,0,0,0
seed-0016__sky_hold,9,moon,98.97,98.43,0,0,0,0
seed-0016__sky_hold,9,bank,71.55,70.53,0.01,0,0,0
seed-0016__sky_hold,9,sky,96.05,88.05,0.01,5,480.25,28.815
seed-0016__sky_hold,9,forge,86.13,85.48,0.02,0,0,0
seed-0016__sky_hold,9,crystal,74.83,69.92,0.16,0,0,0
seed-0016__sky_hold,9,dream,61.85,56.94,0.04,0,0,0
seed-0016__sky_hold,10,moon,100.02,98.35,0.01,0,0,0
seed-0016__sky_hold,10,bank,71.42,70.32,0,0,0,0
seed-0016__sky_hold,10,sky,98.59,87.08,0.03,5,492.95,29.577
seed-0016__sky_hold,10,forge,84.35,81.89,-0.02,0,0,0
seed-0016__sky_hold,10,crystal,73.42,69.07,-0.02,0,0,0
seed-0016__sky_hold,10,dream,65.51,56.59,0.06,0,0,0
seed-0016__sky_hold,11,moon,99.72,98.32,0,0,0,0
seed-0016__sky_hold,11,bank,72.16,71.57,0.01,0,0,0
seed-0016__sky_hold,11,sky,101.27,87.85,0.03,5,506.35,30.381
seed-0016__sky_hold,11,forge,85.4,81.65,0.01,0,0,0
seed-0016__sky_hold,11,crystal,77.43,68.97,0.05,0,0,0
seed-0016__sky_hold,11,dream,70.73,55.83,0.08,0,0,0
seed-0016__sky_hold,12,moon,98.86,98.17,-0.01,0,0,0
seed-0016__sky_hold,12,bank,71.76,71.92,-0.01,0,0,0
seed-0016__sky_hold,12,sky,99.36,88.7,-0.02,0,0,5.9616
seed-0016__sky_hold,12,forge,86.96,85.12,0.02,0,0,0
seed-0016__sky_hold,12,crystal,74.18,68.34,-0.04,0,0,0
seed-0016__sky_hold,12,dream,78.83,55.23,0.11,0,0,0
seed-0016__crystal_hold,0,moon,86,100,0,0,0,0
seed-0016__crystal_hold,0,bank,75,72,0,0,0,0
seed-0016__crystal_hold,0,sky,80,80,0,0,0,0
seed-0016__crystal_hold,0,forge,88,92,0,0,0,0
seed-0016__crystal_hold,0,crystal,62,68,0,6.4516129,399.9999998,0
seed-0016__crystal_hold,0,dream,58,55,0,0,0,0
seed-0016__crystal_hold,1,moon,91.16,99.78,0.06,0,0,0
seed-0016__crystal_hold,1,bank,74.72,72.24,0,0,0,0
seed-0016__crystal_hold,1,sky,80.83,80.68,0.01,0,0,0
seed-0016__crystal_hold,1,forge,85.3,87.71,-0.03,0,0,0
seed-0016__crystal_hold,1,crystal,63.8,68.9,0.03,6.4516129,411.61290302,30.87096773
seed-0016__crystal_hold,1,dream,56.75,55.89,-0.02,0,0,0
seed-0016__crystal_hold,2,moon,93.76,100.11,0.03,0,0,0
seed-0016__crystal_hold,2,bank,73.56,72.5,-0.02,0,0,0
seed-0016__crystal_hold,2,sky,81.91,80.89,0.01,0,0,0
seed-0016__crystal_hold,2,forge,85.68,87.82,0,0,0,0
seed-0016__crystal_hold,2,crystal,59.61,64.8,-0.07,6.4516129,384.58064497,28.84354837
seed-0016__crystal_hold,2,dream,54.43,56.48,-0.04,0,0,0
seed-0016__crystal_hold,3,moon,97.54,100.32,0.04,0,0,0
seed-0016__crystal_hold,3,bank,71.68,71.38,-0.03,0,0,0
seed-0016__crystal_hold,3,sky,82.52,81.21,0.01,0,0,0
seed-0016__crystal_hold,3,forge,85.83,89.17,0,0,0,0
seed-0016__crystal_hold,3,crystal,60.76,64.66,0.02,6.4516129,391.9999998,4.41
seed-0016__crystal_hold,3,dream,54.08,56.43,-0.01,0,0,0
seed-0016__crystal_hold,4,moon,95.18,97.19,-0.02,0,0,0
seed-0016__crystal_hold,4,bank,71.08,71.04,-0.01,0,0,0
seed-0016__crystal_hold,4,sky,82,81.71,-0.01,0,0,0
seed-0016__crystal_hold,4,forge,84.28,88.38,-0.02,0,0,0
seed-0016__crystal_hold,4,crystal,61.63,64.97,0.01,6.4516129,397.61290303,4.47314516
seed-0016__crystal_hold,4,dream,54.13,56.88,0,0,0,0
seed-0016__crystal_hold,5,moon,96.97,97.55,0.02,0,0,0
seed-0016__crystal_hold,5,bank,71.98,71.12,0.01,0,0,0
seed-0016__crystal_hold,5,sky,85.54,84.82,0.04,0,0,0
seed-0016__crystal_hold,5,forge,85.35,89.53,0.01,0,0,0
seed-0016__crystal_hold,5,crystal,62.79,65.78,0.02,6.4516129,405.09677399,4.55733871
seed-0016__crystal_hold,5,dream,51.67,56.11,-0.05,0,0,0
seed-0016__crystal_hold,6,moon,98.25,97.74,0.01,0,0,0
seed-0016__crystal_hold,6,bank,71.77,70.96,0,0,0,0
seed-0016__crystal_hold,6,sky,89.22,85.53,0.04,0,0,0
seed-0016__crystal_hold,6,forge,87.71,89.53,0.03,0,0,0
seed-0016__crystal_hold,6,crystal,67.79,66.62,0.08,6.4516129,437.35483849,32.80161289
seed-0016__crystal_hold,6,dream,53.37,57.1,0.03,0,0,0
seed-0016__crystal_hold,7,moon,96.61,97.68,-0.02,0,0,0
seed-0016__crystal_hold,7,bank,70.27,70.39,-0.02,0,0,0
seed-0016__crystal_hold,7,sky,90.97,85.62,0.02,0,0,0
seed-0016__crystal_hold,7,forge,85.1,86.16,-0.03,0,0,0
seed-0016__crystal_hold,7,crystal,65.04,65.12,-0.04,6.4516129,419.61290302,31.47096773
seed-0016__crystal_hold,7,dream,56.54,58.17,0.06,0,0,0
seed-0016__crystal_hold,8,moon,98.65,98.07,0.02,0,0,0
seed-0016__crystal_hold,8,bank,70.92,70.32,0.01,0,0,0
seed-0016__crystal_hold,8,sky,95.38,88.6,0.05,0,0,0
seed-0016__crystal_hold,8,forge,84.79,86.19,0,0,0,0
seed-0016__crystal_hold,8,crystal,64.51,66.35,-0.01,6.4516129,416.19354818,4.68217742
seed-0016__crystal_hold,8,dream,59.61,57.18,0.05,0,0,0
seed-0016__crystal_hold,9,moon,98.97,98.43,0,0,0,0
seed-0016__crystal_hold,9,bank,71.55,70.53,0.01,0,0,0
seed-0016__crystal_hold,9,sky,96.05,88.05,0.01,0,0,0
seed-0016__crystal_hold,9,forge,86.13,85.48,0.02,0,0,0
seed-0016__crystal_hold,9,crystal,74.83,69.92,0.16,6.4516129,482.77419331,36.2080645
seed-0016__crystal_hold,9,dream,61.85,56.94,0.04,0,0,0
seed-0016__crystal_hold,10,moon,100.02,98.35,0.01,0,0,0
seed-0016__crystal_hold,10,bank,71.42,70.32,0,0,0,0
seed-0016__crystal_hold,10,sky,98.59,87.08,0.03,0,0,0
seed-0016__crystal_hold,10,forge,84.35,81.89,-0.02,0,0,0
seed-0016__crystal_hold,10,crystal,73.42,69.07,-0.02,6.4516129,473.67741912,5.32887097
seed-0016__crystal_hold,10,dream,65.51,56.59,0.06,0,0,0
seed-0016__crystal_hold,11,moon,99.72,98.32,0,0,0,0
seed-0016__crystal_hold,11,bank,72.16,71.57,0.01,0,0,0
seed-0016__crystal_hold,11,sky,101.27,87.85,0.03,0,0,0
seed-0016__crystal_hold,11,forge,85.4,81.65,0.01,0,0,0
seed-0016__crystal_hold,11,crystal,77.43,68.97,0.05,6.4516129,499.54838685,37.46612901
seed-0016__crystal_hold,11,dream,70.73,55.83,0.08,0,0,0
seed-0016__crystal_hold,12,moon,98.86,98.17,-0.01,0,0,0
seed-0016__crystal_hold,12,bank,71.76,71.92,-0.01,0,0,0
seed-0016__crystal_hold,12,sky,99.36,88.7,-0.02,0,0,0
seed-0016__crystal_hold,12,forge,86.96,85.12,0.02,0,0,0
seed-0016__crystal_hold,12,crystal,74.18,68.34,-0.04,0,0,35.89354837
seed-0016__crystal_hold,12,dream,78.83,55.23,0.11,0,0,0
seed-0017__cash_control,0,moon,86,100,0,0,0,0
seed-0017__cash_control,0,bank,75,72,0,0,0,0
seed-0017__cash_control,0,sky,80,80,0,0,0,0
seed-0017__cash_control,0,forge,88,92,0,0,0,0
seed-0017__cash_control,0,crystal,62,68,0,0,0,0
seed-0017__cash_control,0,dream,58,55,0,0,0,0
seed-0017__cash_control,1,moon,91.16,99.53,0.06,0,0,0
seed-0017__cash_control,1,bank,74.56,71.77,-0.01,0,0,0
seed-0017__cash_control,1,sky,81.89,80.24,0.02,0,0,0
seed-0017__cash_control,1,forge,93.09,94.99,0.06,0,0,0
seed-0017__cash_control,1,crystal,63.55,68.6,0.03,0,0,0
seed-0017__cash_control,1,dream,60.33,55.47,0.04,0,0,0
seed-0017__cash_control,2,moon,95.81,99.73,0.05,0,0,0
seed-0017__cash_control,2,bank,74.13,72.13,-0.01,0,0,0
seed-0017__cash_control,2,sky,83.16,81.1,0.02,0,0,0
seed-0017__cash_control,2,forge,95.79,94.95,0.03,0,0,0
seed-0017__cash_control,2,crystal,64.97,68.02,0.02,0,0,0
seed-0017__cash_control,2,dream,64.42,54.56,0.07,0,0,0
seed-0017__cash_control,3,moon,95.97,99.03,0,0,0,0
seed-0017__cash_control,3,bank,72.01,71.99,-0.03,0,0,0
seed-0017__cash_control,3,sky,83.15,81.53,0,0,0,0
seed-0017__cash_control,3,forge,91.86,89.79,-0.04,0,0,0
seed-0017__cash_control,3,crystal,61.35,67.1,-0.06,0,0,0
seed-0017__cash_control,3,dream,64.19,53.38,0,0,0,0
seed-0017__cash_control,4,moon,95.24,98.15,-0.01,0,0,0
seed-0017__cash_control,4,bank,70.8,71.79,-0.02,0,0,0
seed-0017__cash_control,4,sky,80.54,80.4,-0.03,0,0,0
seed-0017__cash_control,4,forge,88.1,89.03,-0.04,0,0,0
seed-0017__cash_control,4,crystal,61.79,65.84,0.01,0,0,0
seed-0017__cash_control,4,dream,73.16,53.24,0.14,0,0,0
seed-0017__cash_control,5,moon,97.49,100.19,0.02,0,0,0
seed-0017__cash_control,5,bank,70.65,71.7,0,0,0,0
seed-0017__cash_control,5,sky,78.94,80.62,-0.02,0,0,0
seed-0017__cash_control,5,forge,88.27,88.87,0,0,0,0
seed-0017__cash_control,5,crystal,62.81,65.98,0.02,0,0,0
seed-0017__cash_control,5,dream,78.13,54.05,0.07,0,0,0
seed-0017__cash_control,6,moon,97.26,100.3,0,0,0,0
seed-0017__cash_control,6,bank,70.52,71.45,0,0,0,0
seed-0017__cash_control,6,sky,76.51,80.93,-0.03,0,0,0
seed-0017__cash_control,6,forge,92.41,92.8,0.05,0,0,0
seed-0017__cash_control,6,crystal,63.94,66.92,0.02,0,0,0
seed-0017__cash_control,6,dream,84.16,52.8,0.08,0,0,0
seed-0017__cash_control,7,moon,99.95,100.66,0.03,0,0,0
seed-0017__cash_control,7,bank,71.65,71.21,0.02,0,0,0
seed-0017__cash_control,7,sky,76.57,80.02,0,0,0,0
seed-0017__cash_control,7,forge,98.41,95.64,0.06,0,0,0
seed-0017__cash_control,7,crystal,65.86,66.35,0.03,0,0,0
seed-0017__cash_control,7,dream,90.54,53.75,0.08,0,0,0
seed-0017__cash_control,8,moon,99.36,100.26,-0.01,0,0,0
seed-0017__cash_control,8,bank,70.84,70.89,-0.01,0,0,0
seed-0017__cash_control,8,sky,74.72,79.2,-0.02,0,0,0
seed-0017__cash_control,8,forge,97.13,96.17,-0.01,0,0,0
seed-0017__cash_control,8,crystal,65.9,65.66,0,0,0,0
seed-0017__cash_control,8,dream,86.65,52.64,-0.04,0,0,0
seed-0017__cash_control,9,moon,98.96,100.05,0,0,0,0
seed-0017__cash_control,9,bank,70.51,70.8,0,0,0,0
seed-0017__cash_control,9,sky,75.51,80.93,0.01,0,0,0
seed-0017__cash_control,9,forge,93.82,96.9,-0.03,0,0,0
seed-0017__cash_control,9,crystal,65.7,65.1,0,0,0,0
seed-0017__cash_control,9,dream,74.81,53.14,-0.14,0,0,0
seed-0017__cash_control,10,moon,100.78,100.42,0.02,0,0,0
seed-0017__cash_control,10,bank,71.5,70.51,0.01,0,0,0
seed-0017__cash_control,10,sky,78.25,80.3,0.04,0,0,0
seed-0017__cash_control,10,forge,93.91,96.78,0,0,0,0
seed-0017__cash_control,10,crystal,67.44,64.44,0.03,0,0,0
seed-0017__cash_control,10,dream,68.65,53.43,-0.08,0,0,0
seed-0017__cash_control,11,moon,100.37,100.76,0,0,0,0
seed-0017__cash_control,11,bank,70.56,70.53,-0.01,0,0,0
seed-0017__cash_control,11,sky,79.91,81.07,0.02,0,0,0
seed-0017__cash_control,11,forge,93.97,97.11,0,0,0,0
seed-0017__cash_control,11,crystal,64.01,65.58,-0.05,0,0,0
seed-0017__cash_control,11,dream,64.01,53.02,-0.07,0,0,0
seed-0017__cash_control,12,moon,101.12,101.44,0.01,0,0,0
seed-0017__cash_control,12,bank,70.44,70.58,0,0,0,0
seed-0017__cash_control,12,sky,80.66,78.91,0.01,0,0,0
seed-0017__cash_control,12,forge,97.05,98.41,0.03,0,0,0
seed-0017__cash_control,12,crystal,64.65,66.89,0.01,0,0,0
seed-0017__cash_control,12,dream,62.16,52.01,-0.03,0,0,0
seed-0017__moon_hold,0,moon,86,100,0,4.65116279,400,0
seed-0017__moon_hold,0,bank,75,72,0,0,0,0
seed-0017__moon_hold,0,sky,80,80,0,0,0,0
seed-0017__moon_hold,0,forge,88,92,0,0,0,0
seed-0017__moon_hold,0,crystal,62,68,0,0,0,0
seed-0017__moon_hold,0,dream,58,55,0,0,0,0
seed-0017__moon_hold,1,moon,91.16,99.53,0.06,4.65116279,424,14.84
seed-0017__moon_hold,1,bank,74.56,71.77,-0.01,0,0,0
seed-0017__moon_hold,1,sky,81.89,80.24,0.02,0,0,0
seed-0017__moon_hold,1,forge,93.09,94.99,0.06,0,0,0
seed-0017__moon_hold,1,crystal,63.55,68.6,0.03,0,0,0
seed-0017__moon_hold,1,dream,60.33,55.47,0.04,0,0,0
seed-0017__moon_hold,2,moon,95.81,99.73,0.05,4.65116279,445.62790691,15.59697674
seed-0017__moon_hold,2,bank,74.13,72.13,-0.01,0,0,0
seed-0017__moon_hold,2,sky,83.16,81.1,0.02,0,0,0
seed-0017__moon_hold,2,forge,95.79,94.95,0.03,0,0,0
seed-0017__moon_hold,2,crystal,64.97,68.02,0.02,0,0,0
seed-0017__moon_hold,2,dream,64.42,54.56,0.07,0,0,0
seed-0017__moon_hold,3,moon,95.97,99.03,0,4.65116279,446.37209296,15.62302325
seed-0017__moon_hold,3,bank,72.01,71.99,-0.03,0,0,0
seed-0017__moon_hold,3,sky,83.15,81.53,0,0,0,0
seed-0017__moon_hold,3,forge,91.86,89.79,-0.04,0,0,0
seed-0017__moon_hold,3,crystal,61.35,67.1,-0.06,0,0,0
seed-0017__moon_hold,3,dream,64.19,53.38,0,0,0,0
seed-0017__moon_hold,4,moon,95.24,98.15,-0.01,4.65116279,442.97674412,15.50418604
seed-0017__moon_hold,4,bank,70.8,71.79,-0.02,0,0,0
seed-0017__moon_hold,4,sky,80.54,80.4,-0.03,0,0,0
seed-0017__moon_hold,4,forge,88.1,89.03,-0.04,0,0,0
seed-0017__moon_hold,4,crystal,61.79,65.84,0.01,0,0,0
seed-0017__moon_hold,4,dream,73.16,53.24,0.14,0,0,0
seed-0017__moon_hold,5,moon,97.49,100.19,0.02,4.65116279,453.4418604,15.87046511
seed-0017__moon_hold,5,bank,70.65,71.7,0,0,0,0
seed-0017__moon_hold,5,sky,78.94,80.62,-0.02,0,0,0
seed-0017__moon_hold,5,forge,88.27,88.87,0,0,0,0
seed-0017__moon_hold,5,crystal,62.81,65.98,0.02,0,0,0
seed-0017__moon_hold,5,dream,78.13,54.05,0.07,0,0,0
seed-0017__moon_hold,6,moon,97.26,100.3,0,4.65116279,452.37209296,15.83302325
seed-0017__moon_hold,6,bank,70.52,71.45,0,0,0,0
seed-0017__moon_hold,6,sky,76.51,80.93,-0.03,0,0,0
seed-0017__moon_hold,6,forge,92.41,92.8,0.05,0,0,0
seed-0017__moon_hold,6,crystal,63.94,66.92,0.02,0,0,0
seed-0017__moon_hold,6,dream,84.16,52.8,0.08,0,0,0
seed-0017__moon_hold,7,moon,99.95,100.66,0.03,4.65116279,464.88372086,16.27093023
seed-0017__moon_hold,7,bank,71.65,71.21,0.02,0,0,0
seed-0017__moon_hold,7,sky,76.57,80.02,0,0,0,0
seed-0017__moon_hold,7,forge,98.41,95.64,0.06,0,0,0
seed-0017__moon_hold,7,crystal,65.86,66.35,0.03,0,0,0
seed-0017__moon_hold,7,dream,90.54,53.75,0.08,0,0,0
seed-0017__moon_hold,8,moon,99.36,100.26,-0.01,4.65116279,462.13953481,16.17488372
seed-0017__moon_hold,8,bank,70.84,70.89,-0.01,0,0,0
seed-0017__moon_hold,8,sky,74.72,79.2,-0.02,0,0,0
seed-0017__moon_hold,8,forge,97.13,96.17,-0.01,0,0,0
seed-0017__moon_hold,8,crystal,65.9,65.66,0,0,0,0
seed-0017__moon_hold,8,dream,86.65,52.64,-0.04,0,0,0
seed-0017__moon_hold,9,moon,98.96,100.05,0,4.65116279,460.2790697,16.10976744
seed-0017__moon_hold,9,bank,70.51,70.8,0,0,0,0
seed-0017__moon_hold,9,sky,75.51,80.93,0.01,0,0,0
seed-0017__moon_hold,9,forge,93.82,96.9,-0.03,0,0,0
seed-0017__moon_hold,9,crystal,65.7,65.1,0,0,0,0
seed-0017__moon_hold,9,dream,74.81,53.14,-0.14,0,0,0
seed-0017__moon_hold,10,moon,100.78,100.42,0.02,4.65116279,468.74418598,16.40604651
seed-0017__moon_hold,10,bank,71.5,70.51,0.01,0,0,0
seed-0017__moon_hold,10,sky,78.25,80.3,0.04,0,0,0
seed-0017__moon_hold,10,forge,93.91,96.78,0,0,0,0
seed-0017__moon_hold,10,crystal,67.44,64.44,0.03,0,0,0
seed-0017__moon_hold,10,dream,68.65,53.43,-0.08,0,0,0
seed-0017__moon_hold,11,moon,100.37,100.76,0,4.65116279,466.83720923,16.33930232
seed-0017__moon_hold,11,bank,70.56,70.53,-0.01,0,0,0
seed-0017__moon_hold,11,sky,79.91,81.07,0.02,0,0,0
seed-0017__moon_hold,11,forge,93.97,97.11,0,0,0,0
seed-0017__moon_hold,11,crystal,64.01,65.58,-0.05,0,0,0
seed-0017__moon_hold,11,dream,64.01,53.02,-0.07,0,0,0
seed-0017__moon_hold,12,moon,101.12,101.44,0.01,0,0,16.46139535
seed-0017__moon_hold,12,bank,70.44,70.58,0,0,0,0
seed-0017__moon_hold,12,sky,80.66,78.91,0.01,0,0,0
seed-0017__moon_hold,12,forge,97.05,98.41,0.03,0,0,0
seed-0017__moon_hold,12,crystal,64.65,66.89,0.01,0,0,0
seed-0017__moon_hold,12,dream,62.16,52.01,-0.03,0,0,0
seed-0017__sky_hold,0,moon,86,100,0,0,0,0
seed-0017__sky_hold,0,bank,75,72,0,0,0,0
seed-0017__sky_hold,0,sky,80,80,0,5,400,0
seed-0017__sky_hold,0,forge,88,92,0,0,0,0
seed-0017__sky_hold,0,crystal,62,68,0,0,0,0
seed-0017__sky_hold,0,dream,58,55,0,0,0,0
seed-0017__sky_hold,1,moon,91.16,99.53,0.06,0,0,0
seed-0017__sky_hold,1,bank,74.56,71.77,-0.01,0,0,0
seed-0017__sky_hold,1,sky,81.89,80.24,0.02,5,409.45,24.567
seed-0017__sky_hold,1,forge,93.09,94.99,0.06,0,0,0
seed-0017__sky_hold,1,crystal,63.55,68.6,0.03,0,0,0
seed-0017__sky_hold,1,dream,60.33,55.47,0.04,0,0,0
seed-0017__sky_hold,2,moon,95.81,99.73,0.05,0,0,0
seed-0017__sky_hold,2,bank,74.13,72.13,-0.01,0,0,0
seed-0017__sky_hold,2,sky,83.16,81.1,0.02,5,415.8,24.948
seed-0017__sky_hold,2,forge,95.79,94.95,0.03,0,0,0
seed-0017__sky_hold,2,crystal,64.97,68.02,0.02,0,0,0
seed-0017__sky_hold,2,dream,64.42,54.56,0.07,0,0,0
seed-0017__sky_hold,3,moon,95.97,99.03,0,0,0,0
seed-0017__sky_hold,3,bank,72.01,71.99,-0.03,0,0,0
seed-0017__sky_hold,3,sky,83.15,81.53,0,5,415.75,4.989
seed-0017__sky_hold,3,forge,91.86,89.79,-0.04,0,0,0
seed-0017__sky_hold,3,crystal,61.35,67.1,-0.06,0,0,0
seed-0017__sky_hold,3,dream,64.19,53.38,0,0,0,0
seed-0017__sky_hold,4,moon,95.24,98.15,-0.01,0,0,0
seed-0017__sky_hold,4,bank,70.8,71.79,-0.02,0,0,0
seed-0017__sky_hold,4,sky,80.54,80.4,-0.03,5,402.7,4.8324
seed-0017__sky_hold,4,forge,88.1,89.03,-0.04,0,0,0
seed-0017__sky_hold,4,crystal,61.79,65.84,0.01,0,0,0
seed-0017__sky_hold,4,dream,73.16,53.24,0.14,0,0,0
seed-0017__sky_hold,5,moon,97.49,100.19,0.02,0,0,0
seed-0017__sky_hold,5,bank,70.65,71.7,0,0,0,0
seed-0017__sky_hold,5,sky,78.94,80.62,-0.02,5,394.7,4.7364
seed-0017__sky_hold,5,forge,88.27,88.87,0,0,0,0
seed-0017__sky_hold,5,crystal,62.81,65.98,0.02,0,0,0
seed-0017__sky_hold,5,dream,78.13,54.05,0.07,0,0,0
seed-0017__sky_hold,6,moon,97.26,100.3,0,0,0,0
seed-0017__sky_hold,6,bank,70.52,71.45,0,0,0,0
seed-0017__sky_hold,6,sky,76.51,80.93,-0.03,5,382.55,4.5906
seed-0017__sky_hold,6,forge,92.41,92.8,0.05,0,0,0
seed-0017__sky_hold,6,crystal,63.94,66.92,0.02,0,0,0
seed-0017__sky_hold,6,dream,84.16,52.8,0.08,0,0,0
seed-0017__sky_hold,7,moon,99.95,100.66,0.03,0,0,0
seed-0017__sky_hold,7,bank,71.65,71.21,0.02,0,0,0
seed-0017__sky_hold,7,sky,76.57,80.02,0,5,382.85,4.5942
seed-0017__sky_hold,7,forge,98.41,95.64,0.06,0,0,0
seed-0017__sky_hold,7,crystal,65.86,66.35,0.03,0,0,0
seed-0017__sky_hold,7,dream,90.54,53.75,0.08,0,0,0
seed-0017__sky_hold,8,moon,99.36,100.26,-0.01,0,0,0
seed-0017__sky_hold,8,bank,70.84,70.89,-0.01,0,0,0
seed-0017__sky_hold,8,sky,74.72,79.2,-0.02,5,373.6,4.4832
seed-0017__sky_hold,8,forge,97.13,96.17,-0.01,0,0,0
seed-0017__sky_hold,8,crystal,65.9,65.66,0,0,0,0
seed-0017__sky_hold,8,dream,86.65,52.64,-0.04,0,0,0
seed-0017__sky_hold,9,moon,98.96,100.05,0,0,0,0
seed-0017__sky_hold,9,bank,70.51,70.8,0,0,0,0
seed-0017__sky_hold,9,sky,75.51,80.93,0.01,5,377.55,22.653
seed-0017__sky_hold,9,forge,93.82,96.9,-0.03,0,0,0
seed-0017__sky_hold,9,crystal,65.7,65.1,0,0,0,0
seed-0017__sky_hold,9,dream,74.81,53.14,-0.14,0,0,0
seed-0017__sky_hold,10,moon,100.78,100.42,0.02,0,0,0
seed-0017__sky_hold,10,bank,71.5,70.51,0.01,0,0,0
seed-0017__sky_hold,10,sky,78.25,80.3,0.04,5,391.25,23.475
seed-0017__sky_hold,10,forge,93.91,96.78,0,0,0,0
seed-0017__sky_hold,10,crystal,67.44,64.44,0.03,0,0,0
seed-0017__sky_hold,10,dream,68.65,53.43,-0.08,0,0,0
seed-0017__sky_hold,11,moon,100.37,100.76,0,0,0,0
seed-0017__sky_hold,11,bank,70.56,70.53,-0.01,0,0,0
seed-0017__sky_hold,11,sky,79.91,81.07,0.02,5,399.55,23.973
seed-0017__sky_hold,11,forge,93.97,97.11,0,0,0,0
seed-0017__sky_hold,11,crystal,64.01,65.58,-0.05,0,0,0
seed-0017__sky_hold,11,dream,64.01,53.02,-0.07,0,0,0
seed-0017__sky_hold,12,moon,101.12,101.44,0.01,0,0,0
seed-0017__sky_hold,12,bank,70.44,70.58,0,0,0,0
seed-0017__sky_hold,12,sky,80.66,78.91,0.01,0,0,24.198
seed-0017__sky_hold,12,forge,97.05,98.41,0.03,0,0,0
seed-0017__sky_hold,12,crystal,64.65,66.89,0.01,0,0,0
seed-0017__sky_hold,12,dream,62.16,52.01,-0.03,0,0,0
seed-0017__crystal_hold,0,moon,86,100,0,0,0,0
seed-0017__crystal_hold,0,bank,75,72,0,0,0,0
seed-0017__crystal_hold,0,sky,80,80,0,0,0,0
seed-0017__crystal_hold,0,forge,88,92,0,0,0,0
seed-0017__crystal_hold,0,crystal,62,68,0,6.4516129,399.9999998,0
seed-0017__crystal_hold,0,dream,58,55,0,0,0,0
seed-0017__crystal_hold,1,moon,91.16,99.53,0.06,0,0,0
seed-0017__crystal_hold,1,bank,74.56,71.77,-0.01,0,0,0
seed-0017__crystal_hold,1,sky,81.89,80.24,0.02,0,0,0
seed-0017__crystal_hold,1,forge,93.09,94.99,0.06,0,0,0
seed-0017__crystal_hold,1,crystal,63.55,68.6,0.03,6.4516129,409.99999979,30.74999998
seed-0017__crystal_hold,1,dream,60.33,55.47,0.04,0,0,0
seed-0017__crystal_hold,2,moon,95.81,99.73,0.05,0,0,0
seed-0017__crystal_hold,2,bank,74.13,72.13,-0.01,0,0,0
seed-0017__crystal_hold,2,sky,83.16,81.1,0.02,0,0,0
seed-0017__crystal_hold,2,forge,95.79,94.95,0.03,0,0,0
seed-0017__crystal_hold,2,crystal,64.97,68.02,0.02,6.4516129,419.16129011,4.71556451
seed-0017__crystal_hold,2,dream,64.42,54.56,0.07,0,0,0
seed-0017__crystal_hold,3,moon,95.97,99.03,0,0,0,0
seed-0017__crystal_hold,3,bank,72.01,71.99,-0.03,0,0,0
seed-0017__crystal_hold,3,sky,83.15,81.53,0,0,0,0
seed-0017__crystal_hold,3,forge,91.86,89.79,-0.04,0,0,0
seed-0017__crystal_hold,3,crystal,61.35,67.1,-0.06,6.4516129,395.80645142,29.68548386
seed-0017__crystal_hold,3,dream,64.19,53.38,0,0,0,0
seed-0017__crystal_hold,4,moon,95.24,98.15,-0.01,0,0,0
seed-0017__crystal_hold,4,bank,70.8,71.79,-0.02,0,0,0
seed-0017__crystal_hold,4,sky,80.54,80.4,-0.03,0,0,0
seed-0017__crystal_hold,4,forge,88.1,89.03,-0.04,0,0,0
seed-0017__crystal_hold,4,crystal,61.79,65.84,0.01,6.4516129,398.64516109,4.48475806
seed-0017__crystal_hold,4,dream,73.16,53.24,0.14,0,0,0
seed-0017__crystal_hold,5,moon,97.49,100.19,0.02,0,0,0
seed-0017__crystal_hold,5,bank,70.65,71.7,0,0,0,0
seed-0017__crystal_hold,5,sky,78.94,80.62,-0.02,0,0,0
seed-0017__crystal_hold,5,forge,88.27,88.87,0,0,0,0
seed-0017__crystal_hold,5,crystal,62.81,65.98,0.02,6.4516129,405.22580625,4.55879032
seed-0017__crystal_hold,5,dream,78.13,54.05,0.07,0,0,0
seed-0017__crystal_hold,6,moon,97.26,100.3,0,0,0,0
seed-0017__crystal_hold,6,bank,70.52,71.45,0,0,0,0
seed-0017__crystal_hold,6,sky,76.51,80.93,-0.03,0,0,0
seed-0017__crystal_hold,6,forge,92.41,92.8,0.05,0,0,0
seed-0017__crystal_hold,6,crystal,63.94,66.92,0.02,6.4516129,412.51612883,4.64080645
seed-0017__crystal_hold,6,dream,84.16,52.8,0.08,0,0,0
seed-0017__crystal_hold,7,moon,99.95,100.66,0.03,0,0,0
seed-0017__crystal_hold,7,bank,71.65,71.21,0.02,0,0,0
seed-0017__crystal_hold,7,sky,76.57,80.02,0,0,0,0
seed-0017__crystal_hold,7,forge,98.41,95.64,0.06,0,0,0
seed-0017__crystal_hold,7,crystal,65.86,66.35,0.03,6.4516129,424.90322559,31.86774192
seed-0017__crystal_hold,7,dream,90.54,53.75,0.08,0,0,0
seed-0017__crystal_hold,8,moon,99.36,100.26,-0.01,0,0,0
seed-0017__crystal_hold,8,bank,70.84,70.89,-0.01,0,0,0
seed-0017__crystal_hold,8,sky,74.72,79.2,-0.02,0,0,0
seed-0017__crystal_hold,8,forge,97.13,96.17,-0.01,0,0,0
seed-0017__crystal_hold,8,crystal,65.9,65.66,0,6.4516129,425.16129011,4.78306451
seed-0017__crystal_hold,8,dream,86.65,52.64,-0.04,0,0,0
seed-0017__crystal_hold,9,moon,98.96,100.05,0,0,0,0
seed-0017__crystal_hold,9,bank,70.51,70.8,0,0,0,0
seed-0017__crystal_hold,9,sky,75.51,80.93,0.01,0,0,0
seed-0017__crystal_hold,9,forge,93.82,96.9,-0.03,0,0,0
seed-0017__crystal_hold,9,crystal,65.7,65.1,0,6.4516129,423.87096753,4.76854838
seed-0017__crystal_hold,9,dream,74.81,53.14,-0.14,0,0,0
seed-0017__crystal_hold,10,moon,100.78,100.42,0.02,0,0,0
seed-0017__crystal_hold,10,bank,71.5,70.51,0.01,0,0,0
seed-0017__crystal_hold,10,sky,78.25,80.3,0.04,0,0,0
seed-0017__crystal_hold,10,forge,93.91,96.78,0,0,0,0
seed-0017__crystal_hold,10,crystal,67.44,64.44,0.03,6.4516129,435.09677398,32.63225805
seed-0017__crystal_hold,10,dream,68.65,53.43,-0.08,0,0,0
seed-0017__crystal_hold,11,moon,100.37,100.76,0,0,0,0
seed-0017__crystal_hold,11,bank,70.56,70.53,-0.01,0,0,0
seed-0017__crystal_hold,11,sky,79.91,81.07,0.02,0,0,0
seed-0017__crystal_hold,11,forge,93.97,97.11,0,0,0,0
seed-0017__crystal_hold,11,crystal,64.01,65.58,-0.05,6.4516129,412.96774173,30.97258063
seed-0017__crystal_hold,11,dream,64.01,53.02,-0.07,0,0,0
seed-0017__crystal_hold,12,moon,101.12,101.44,0.01,0,0,0
seed-0017__crystal_hold,12,bank,70.44,70.58,0,0,0,0
seed-0017__crystal_hold,12,sky,80.66,78.91,0.01,0,0,0
seed-0017__crystal_hold,12,forge,97.05,98.41,0.03,0,0,0
seed-0017__crystal_hold,12,crystal,64.65,66.89,0.01,0,0,4.69233871
seed-0017__crystal_hold,12,dream,62.16,52.01,-0.03,0,0,0
seed-0018__cash_control,0,moon,86,100,0,0,0,0
seed-0018__cash_control,0,bank,75,72,0,0,0,0
seed-0018__cash_control,0,sky,80,80,0,0,0,0
seed-0018__cash_control,0,forge,88,92,0,0,0,0
seed-0018__cash_control,0,crystal,62,68,0,0,0,0
seed-0018__cash_control,0,dream,58,55,0,0,0,0
seed-0018__cash_control,1,moon,90.54,99.67,0.05,0,0,0
seed-0018__cash_control,1,bank,73.31,72.15,-0.02,0,0,0
seed-0018__cash_control,1,sky,79.79,80.08,0,0,0,0
seed-0018__cash_control,1,forge,88.84,91.32,0.01,0,0,0
seed-0018__cash_control,1,crystal,64.92,66.84,0.05,0,0,0
seed-0018__cash_control,1,dream,56.14,56.02,-0.03,0,0,0
seed-0018__cash_control,2,moon,94.05,100.18,0.04,0,0,0
seed-0018__cash_control,2,bank,72.93,72.66,-0.01,0,0,0
seed-0018__cash_control,2,sky,81.84,80.22,0.03,0,0,0
seed-0018__cash_control,2,forge,91.95,92.42,0.04,0,0,0
seed-0018__cash_control,2,crystal,66.91,68.19,0.03,0,0,0
seed-0018__cash_control,2,dream,53.56,56.3,-0.05,0,0,0
seed-0018__cash_control,3,moon,97.1,100.47,0.03,0,0,0
seed-0018__cash_control,3,bank,73.1,72.91,0,0,0,0
seed-0018__cash_control,3,sky,83.7,79.68,0.02,0,0,0
seed-0018__cash_control,3,forge,94.42,92.77,0.03,0,0,0
seed-0018__cash_control,3,crystal,67.45,68.7,0.01,0,0,0
seed-0018__cash_control,3,dream,51.63,57.4,-0.04,0,0,0
seed-0018__cash_control,4,moon,99.56,100.92,0.03,0,0,0
seed-0018__cash_control,4,bank,73.73,73.14,0.01,0,0,0
seed-0018__cash_control,4,sky,81.75,76.03,-0.02,0,0,0
seed-0018__cash_control,4,forge,98.81,93.06,0.05,0,0,0
seed-0018__cash_control,4,crystal,68.11,69.9,0.01,0,0,0
seed-0018__cash_control,4,dream,49.75,57.5,-0.04,0,0,0
seed-0018__cash_control,5,moon,101.29,100.86,0.02,0,0,0
seed-0018__cash_control,5,bank,74.23,73.64,0.01,0,0,0
seed-0018__cash_control,5,sky,80.21,75.98,-0.02,0,0,0
seed-0018__cash_control,5,forge,99.76,92.94,0.01,0,0,0
seed-0018__cash_control,5,crystal,63.05,65.59,-0.07,0,0,0
seed-0018__cash_control,5,dream,46.91,57.61,-0.06,0,0,0
seed-0018__cash_control,6,moon,100.13,100.58,-0.01,0,0,0
seed-0018__cash_control,6,bank,73.03,73.69,-0.02,0,0,0
seed-0018__cash_control,6,sky,75.43,76.39,-0.06,0,0,0
seed-0018__cash_control,6,forge,96.81,91.98,-0.03,0,0,0
seed-0018__cash_control,6,crystal,62.22,65,-0.01,0,0,0
seed-0018__cash_control,6,dream,42.01,58.45,-0.1,0,0,0
seed-0018__cash_control,7,moon,100.17,100.73,0,0,0,0
seed-0018__cash_control,7,bank,73.69,73.4,0.01,0,0,0
seed-0018__cash_control,7,sky,72.82,77.09,-0.03,0,0,0
seed-0018__cash_control,7,forge,98.56,96.71,0.02,0,0,0
seed-0018__cash_control,7,crystal,61.19,65.85,-0.02,0,0,0
seed-0018__cash_control,7,dream,40.33,58.79,-0.04,0,0,0
seed-0018__cash_control,8,moon,101.36,100.81,0.01,0,0,0
seed-0018__cash_control,8,bank,74.01,73.42,0,0,0,0
seed-0018__cash_control,8,sky,72.79,77.02,0,0,0,0
seed-0018__cash_control,8,forge,99.25,97.23,0.01,0,0,0
seed-0018__cash_control,8,crystal,70.98,68.09,0.16,0,0,0
seed-0018__cash_control,8,dream,43.63,59.54,0.08,0,0,0
seed-0018__cash_control,9,moon,100.43,100.53,-0.01,0,0,0
seed-0018__cash_control,9,bank,73.1,72.86,-0.01,0,0,0
seed-0018__cash_control,9,sky,70.45,76.98,-0.03,0,0,0
seed-0018__cash_control,9,forge,96.27,96.03,-0.03,0,0,0
seed-0018__cash_control,9,crystal,65.37,68.13,-0.08,0,0,0
seed-0018__cash_control,9,dream,48.8,59.16,0.12,0,0,0
seed-0018__cash_control,10,moon,101.84,100.75,0.01,0,0,0
seed-0018__cash_control,10,bank,73.5,72.49,0.01,0,0,0
seed-0018__cash_control,10,sky,70.44,77.53,0,0,0,0
seed-0018__cash_control,10,forge,97.79,95.71,0.02,0,0,0
seed-0018__cash_control,10,crystal,67.62,69.31,0.03,0,0,0
seed-0018__cash_control,10,dream,54.59,58.58,0.12,0,0,0
seed-0018__cash_control,11,moon,100.61,100.1,-0.01,0,0,0
seed-0018__cash_control,11,bank,73.03,72.35,-0.01,0,0,0
seed-0018__cash_control,11,sky,73.09,80.28,0.04,0,0,0
seed-0018__cash_control,11,forge,94.17,94.56,-0.04,0,0,0
seed-0018__cash_control,11,crystal,64.94,69.86,-0.04,0,0,0
seed-0018__cash_control,11,dream,56.55,57.31,0.04,0,0,0
seed-0018__cash_control,12,moon,100.5,100.2,0,0,0,0
seed-0018__cash_control,12,bank,74.18,73.77,0.02,0,0,0
seed-0018__cash_control,12,sky,77.82,79.9,0.06,0,0,0
seed-0018__cash_control,12,forge,93.06,95.9,-0.01,0,0,0
seed-0018__cash_control,12,crystal,67.37,70.1,0.04,0,0,0
seed-0018__cash_control,12,dream,60.5,57.76,0.07,0,0,0
seed-0018__moon_hold,0,moon,86,100,0,4.65116279,400,0
seed-0018__moon_hold,0,bank,75,72,0,0,0,0
seed-0018__moon_hold,0,sky,80,80,0,0,0,0
seed-0018__moon_hold,0,forge,88,92,0,0,0,0
seed-0018__moon_hold,0,crystal,62,68,0,0,0,0
seed-0018__moon_hold,0,dream,58,55,0,0,0,0
seed-0018__moon_hold,1,moon,90.54,99.67,0.05,4.65116279,421.11627901,14.73906977
seed-0018__moon_hold,1,bank,73.31,72.15,-0.02,0,0,0
seed-0018__moon_hold,1,sky,79.79,80.08,0,0,0,0
seed-0018__moon_hold,1,forge,88.84,91.32,0.01,0,0,0
seed-0018__moon_hold,1,crystal,64.92,66.84,0.05,0,0,0
seed-0018__moon_hold,1,dream,56.14,56.02,-0.03,0,0,0
seed-0018__moon_hold,2,moon,94.05,100.18,0.04,4.65116279,437.4418604,15.31046511
seed-0018__moon_hold,2,bank,72.93,72.66,-0.01,0,0,0
seed-0018__moon_hold,2,sky,81.84,80.22,0.03,0,0,0
seed-0018__moon_hold,2,forge,91.95,92.42,0.04,0,0,0
seed-0018__moon_hold,2,crystal,66.91,68.19,0.03,0,0,0
seed-0018__moon_hold,2,dream,53.56,56.3,-0.05,0,0,0
seed-0018__moon_hold,3,moon,97.1,100.47,0.03,4.65116279,451.62790691,15.80697674
seed-0018__moon_hold,3,bank,73.1,72.91,0,0,0,0
seed-0018__moon_hold,3,sky,83.7,79.68,0.02,0,0,0
seed-0018__moon_hold,3,forge,94.42,92.77,0.03,0,0,0
seed-0018__moon_hold,3,crystal,67.45,68.7,0.01,0,0,0
seed-0018__moon_hold,3,dream,51.63,57.4,-0.04,0,0,0
seed-0018__moon_hold,4,moon,99.56,100.92,0.03,4.65116279,463.06976737,16.20744186
seed-0018__moon_hold,4,bank,73.73,73.14,0.01,0,0,0
seed-0018__moon_hold,4,sky,81.75,76.03,-0.02,0,0,0
seed-0018__moon_hold,4,forge,98.81,93.06,0.05,0,0,0
seed-0018__moon_hold,4,crystal,68.11,69.9,0.01,0,0,0
seed-0018__moon_hold,4,dream,49.75,57.5,-0.04,0,0,0
seed-0018__moon_hold,5,moon,101.29,100.86,0.02,4.65116279,471.116279,16.48906976
seed-0018__moon_hold,5,bank,74.23,73.64,0.01,0,0,0
seed-0018__moon_hold,5,sky,80.21,75.98,-0.02,0,0,0
seed-0018__moon_hold,5,forge,99.76,92.94,0.01,0,0,0
seed-0018__moon_hold,5,crystal,63.05,65.59,-0.07,0,0,0
seed-0018__moon_hold,5,dream,46.91,57.61,-0.06,0,0,0
seed-0018__moon_hold,6,moon,100.13,100.58,-0.01,4.65116279,465.72093016,16.30023256
seed-0018__moon_hold,6,bank,73.03,73.69,-0.02,0,0,0
seed-0018__moon_hold,6,sky,75.43,76.39,-0.06,0,0,0
seed-0018__moon_hold,6,forge,96.81,91.98,-0.03,0,0,0
seed-0018__moon_hold,6,crystal,62.22,65,-0.01,0,0,0
seed-0018__moon_hold,6,dream,42.01,58.45,-0.1,0,0,0
seed-0018__moon_hold,7,moon,100.17,100.73,0,4.65116279,465.90697667,16.30674418
seed-0018__moon_hold,7,bank,73.69,73.4,0.01,0,0,0
seed-0018__moon_hold,7,sky,72.82,77.09,-0.03,0,0,0
seed-0018__moon_hold,7,forge,98.56,96.71,0.02,0,0,0
seed-0018__moon_hold,7,crystal,61.19,65.85,-0.02,0,0,0
seed-0018__moon_hold,7,dream,40.33,58.79,-0.04,0,0,0
seed-0018__moon_hold,8,moon,101.36,100.81,0.01,4.65116279,471.44186039,16.50046511
seed-0018__moon_hold,8,bank,74.01,73.42,0,0,0,0
seed-0018__moon_hold,8,sky,72.79,77.02,0,0,0,0
seed-0018__moon_hold,8,forge,99.25,97.23,0.01,0,0,0
seed-0018__moon_hold,8,crystal,70.98,68.09,0.16,0,0,0
seed-0018__moon_hold,8,dream,43.63,59.54,0.08,0,0,0
seed-0018__moon_hold,9,moon,100.43,100.53,-0.01,4.65116279,467.116279,16.34906976
seed-0018__moon_hold,9,bank,73.1,72.86,-0.01,0,0,0
seed-0018__moon_hold,9,sky,70.45,76.98,-0.03,0,0,0
seed-0018__moon_hold,9,forge,96.27,96.03,-0.03,0,0,0
seed-0018__moon_hold,9,crystal,65.37,68.13,-0.08,0,0,0
seed-0018__moon_hold,9,dream,48.8,59.16,0.12,0,0,0
seed-0018__moon_hold,10,moon,101.84,100.75,0.01,4.65116279,473.67441853,16.57860465
seed-0018__moon_hold,10,bank,73.5,72.49,0.01,0,0,0
seed-0018__moon_hold,10,sky,70.44,77.53,0,0,0,0
seed-0018__moon_hold,10,forge,97.79,95.71,0.02,0,0,0
seed-0018__moon_hold,10,crystal,67.62,69.31,0.03,0,0,0
seed-0018__moon_hold,10,dream,54.59,58.58,0.12,0,0,0
seed-0018__moon_hold,11,moon,100.61,100.1,-0.01,4.65116279,467.9534883,16.37837209
seed-0018__moon_hold,11,bank,73.03,72.35,-0.01,0,0,0
seed-0018__moon_hold,11,sky,73.09,80.28,0.04,0,0,0
seed-0018__moon_hold,11,forge,94.17,94.56,-0.04,0,0,0
seed-0018__moon_hold,11,crystal,64.94,69.86,-0.04,0,0,0
seed-0018__moon_hold,11,dream,56.55,57.31,0.04,0,0,0
seed-0018__moon_hold,12,moon,100.5,100.2,0,0,0,16.36046511
seed-0018__moon_hold,12,bank,74.18,73.77,0.02,0,0,0
seed-0018__moon_hold,12,sky,77.82,79.9,0.06,0,0,0
seed-0018__moon_hold,12,forge,93.06,95.9,-0.01,0,0,0
seed-0018__moon_hold,12,crystal,67.37,70.1,0.04,0,0,0
seed-0018__moon_hold,12,dream,60.5,57.76,0.07,0,0,0
seed-0018__sky_hold,0,moon,86,100,0,0,0,0
seed-0018__sky_hold,0,bank,75,72,0,0,0,0
seed-0018__sky_hold,0,sky,80,80,0,5,400,0
seed-0018__sky_hold,0,forge,88,92,0,0,0,0
seed-0018__sky_hold,0,crystal,62,68,0,0,0,0
seed-0018__sky_hold,0,dream,58,55,0,0,0,0
seed-0018__sky_hold,1,moon,90.54,99.67,0.05,0,0,0
seed-0018__sky_hold,1,bank,73.31,72.15,-0.02,0,0,0
seed-0018__sky_hold,1,sky,79.79,80.08,0,5,398.95,4.7874
seed-0018__sky_hold,1,forge,88.84,91.32,0.01,0,0,0
seed-0018__sky_hold,1,crystal,64.92,66.84,0.05,0,0,0
seed-0018__sky_hold,1,dream,56.14,56.02,-0.03,0,0,0
seed-0018__sky_hold,2,moon,94.05,100.18,0.04,0,0,0
seed-0018__sky_hold,2,bank,72.93,72.66,-0.01,0,0,0
seed-0018__sky_hold,2,sky,81.84,80.22,0.03,5,409.2,24.552
seed-0018__sky_hold,2,forge,91.95,92.42,0.04,0,0,0
seed-0018__sky_hold,2,crystal,66.91,68.19,0.03,0,0,0
seed-0018__sky_hold,2,dream,53.56,56.3,-0.05,0,0,0
seed-0018__sky_hold,3,moon,97.1,100.47,0.03,0,0,0
seed-0018__sky_hold,3,bank,73.1,72.91,0,0,0,0
seed-0018__sky_hold,3,sky,83.7,79.68,0.02,5,418.5,25.11
seed-0018__sky_hold,3,forge,94.42,92.77,0.03,0,0,0
seed-0018__sky_hold,3,crystal,67.45,68.7,0.01,0,0,0
seed-0018__sky_hold,3,dream,51.63,57.4,-0.04,0,0,0
seed-0018__sky_hold,4,moon,99.56,100.92,0.03,0,0,0
seed-0018__sky_hold,4,bank,73.73,73.14,0.01,0,0,0
seed-0018__sky_hold,4,sky,81.75,76.03,-0.02,5,408.75,4.905
seed-0018__sky_hold,4,forge,98.81,93.06,0.05,0,0,0
seed-0018__sky_hold,4,crystal,68.11,69.9,0.01,0,0,0
seed-0018__sky_hold,4,dream,49.75,57.5,-0.04,0,0,0
seed-0018__sky_hold,5,moon,101.29,100.86,0.02,0,0,0
seed-0018__sky_hold,5,bank,74.23,73.64,0.01,0,0,0
seed-0018__sky_hold,5,sky,80.21,75.98,-0.02,5,401.05,4.8126
seed-0018__sky_hold,5,forge,99.76,92.94,0.01,0,0,0
seed-0018__sky_hold,5,crystal,63.05,65.59,-0.07,0,0,0
seed-0018__sky_hold,5,dream,46.91,57.61,-0.06,0,0,0
seed-0018__sky_hold,6,moon,100.13,100.58,-0.01,0,0,0
seed-0018__sky_hold,6,bank,73.03,73.69,-0.02,0,0,0
seed-0018__sky_hold,6,sky,75.43,76.39,-0.06,5,377.15,4.5258
seed-0018__sky_hold,6,forge,96.81,91.98,-0.03,0,0,0
seed-0018__sky_hold,6,crystal,62.22,65,-0.01,0,0,0
seed-0018__sky_hold,6,dream,42.01,58.45,-0.1,0,0,0
seed-0018__sky_hold,7,moon,100.17,100.73,0,0,0,0
seed-0018__sky_hold,7,bank,73.69,73.4,0.01,0,0,0
seed-0018__sky_hold,7,sky,72.82,77.09,-0.03,5,364.1,4.3692
seed-0018__sky_hold,7,forge,98.56,96.71,0.02,0,0,0
seed-0018__sky_hold,7,crystal,61.19,65.85,-0.02,0,0,0
seed-0018__sky_hold,7,dream,40.33,58.79,-0.04,0,0,0
seed-0018__sky_hold,8,moon,101.36,100.81,0.01,0,0,0
seed-0018__sky_hold,8,bank,74.01,73.42,0,0,0,0
seed-0018__sky_hold,8,sky,72.79,77.02,0,5,363.95,4.3674
seed-0018__sky_hold,8,forge,99.25,97.23,0.01,0,0,0
seed-0018__sky_hold,8,crystal,70.98,68.09,0.16,0,0,0
seed-0018__sky_hold,8,dream,43.63,59.54,0.08,0,0,0
seed-0018__sky_hold,9,moon,100.43,100.53,-0.01,0,0,0
seed-0018__sky_hold,9,bank,73.1,72.86,-0.01,0,0,0
seed-0018__sky_hold,9,sky,70.45,76.98,-0.03,5,352.25,4.227
seed-0018__sky_hold,9,forge,96.27,96.03,-0.03,0,0,0
seed-0018__sky_hold,9,crystal,65.37,68.13,-0.08,0,0,0
seed-0018__sky_hold,9,dream,48.8,59.16,0.12,0,0,0
seed-0018__sky_hold,10,moon,101.84,100.75,0.01,0,0,0
seed-0018__sky_hold,10,bank,73.5,72.49,0.01,0,0,0
seed-0018__sky_hold,10,sky,70.44,77.53,0,5,352.2,4.2264
seed-0018__sky_hold,10,forge,97.79,95.71,0.02,0,0,0
seed-0018__sky_hold,10,crystal,67.62,69.31,0.03,0,0,0
seed-0018__sky_hold,10,dream,54.59,58.58,0.12,0,0,0
seed-0018__sky_hold,11,moon,100.61,100.1,-0.01,0,0,0
seed-0018__sky_hold,11,bank,73.03,72.35,-0.01,0,0,0
seed-0018__sky_hold,11,sky,73.09,80.28,0.04,5,365.45,21.927
seed-0018__sky_hold,11,forge,94.17,94.56,-0.04,0,0,0
seed-0018__sky_hold,11,crystal,64.94,69.86,-0.04,0,0,0
seed-0018__sky_hold,11,dream,56.55,57.31,0.04,0,0,0
seed-0018__sky_hold,12,moon,100.5,100.2,0,0,0,0
seed-0018__sky_hold,12,bank,74.18,73.77,0.02,0,0,0
seed-0018__sky_hold,12,sky,77.82,79.9,0.06,0,0,23.346
seed-0018__sky_hold,12,forge,93.06,95.9,-0.01,0,0,0
seed-0018__sky_hold,12,crystal,67.37,70.1,0.04,0,0,0
seed-0018__sky_hold,12,dream,60.5,57.76,0.07,0,0,0
seed-0018__crystal_hold,0,moon,86,100,0,0,0,0
seed-0018__crystal_hold,0,bank,75,72,0,0,0,0
seed-0018__crystal_hold,0,sky,80,80,0,0,0,0
seed-0018__crystal_hold,0,forge,88,92,0,0,0,0
seed-0018__crystal_hold,0,crystal,62,68,0,6.4516129,399.9999998,0
seed-0018__crystal_hold,0,dream,58,55,0,0,0,0
seed-0018__crystal_hold,1,moon,90.54,99.67,0.05,0,0,0
seed-0018__crystal_hold,1,bank,73.31,72.15,-0.02,0,0,0
seed-0018__crystal_hold,1,sky,79.79,80.08,0,0,0,0
seed-0018__crystal_hold,1,forge,88.84,91.32,0.01,0,0,0
seed-0018__crystal_hold,1,crystal,64.92,66.84,0.05,6.4516129,418.83870947,31.41290321
seed-0018__crystal_hold,1,dream,56.14,56.02,-0.03,0,0,0
seed-0018__crystal_hold,2,moon,94.05,100.18,0.04,0,0,0
seed-0018__crystal_hold,2,bank,72.93,72.66,-0.01,0,0,0
seed-0018__crystal_hold,2,sky,81.84,80.22,0.03,0,0,0
seed-0018__crystal_hold,2,forge,91.95,92.42,0.04,0,0,0
seed-0018__crystal_hold,2,crystal,66.91,68.19,0.03,6.4516129,431.67741914,32.37580644
seed-0018__crystal_hold,2,dream,53.56,56.3,-0.05,0,0,0
seed-0018__crystal_hold,3,moon,97.1,100.47,0.03,0,0,0
seed-0018__crystal_hold,3,bank,73.1,72.91,0,0,0,0
seed-0018__crystal_hold,3,sky,83.7,79.68,0.02,0,0,0
seed-0018__crystal_hold,3,forge,94.42,92.77,0.03,0,0,0
seed-0018__crystal_hold,3,crystal,67.45,68.7,0.01,6.4516129,435.16129011,4.89556451
seed-0018__crystal_hold,3,dream,51.63,57.4,-0.04,0,0,0
seed-0018__crystal_hold,4,moon,99.56,100.92,0.03,0,0,0
seed-0018__crystal_hold,4,bank,73.73,73.14,0.01,0,0,0
seed-0018__crystal_hold,4,sky,81.75,76.03,-0.02,0,0,0
seed-0018__crystal_hold,4,forge,98.81,93.06,0.05,0,0,0
seed-0018__crystal_hold,4,crystal,68.11,69.9,0.01,6.4516129,439.41935462,4.94346774
seed-0018__crystal_hold,4,dream,49.75,57.5,-0.04,0,0,0
seed-0018__crystal_hold,5,moon,101.29,100.86,0.02,0,0,0
seed-0018__crystal_hold,5,bank,74.23,73.64,0.01,0,0,0
seed-0018__crystal_hold,5,sky,80.21,75.98,-0.02,0,0,0
seed-0018__crystal_hold,5,forge,99.76,92.94,0.01,0,0,0
seed-0018__crystal_hold,5,crystal,63.05,65.59,-0.07,6.4516129,406.77419334,30.5080645
seed-0018__crystal_hold,5,dream,46.91,57.61,-0.06,0,0,0
seed-0018__crystal_hold,6,moon,100.13,100.58,-0.01,0,0,0
seed-0018__crystal_hold,6,bank,73.03,73.69,-0.02,0,0,0
seed-0018__crystal_hold,6,sky,75.43,76.39,-0.06,0,0,0
seed-0018__crystal_hold,6,forge,96.81,91.98,-0.03,0,0,0
seed-0018__crystal_hold,6,crystal,62.22,65,-0.01,6.4516129,401.41935464,4.51596774
seed-0018__crystal_hold,6,dream,42.01,58.45,-0.1,0,0,0
seed-0018__crystal_hold,7,moon,100.17,100.73,0,0,0,0
seed-0018__crystal_hold,7,bank,73.69,73.4,0.01,0,0,0
seed-0018__crystal_hold,7,sky,72.82,77.09,-0.03,0,0,0
seed-0018__crystal_hold,7,forge,98.56,96.71,0.02,0,0,0
seed-0018__crystal_hold,7,crystal,61.19,65.85,-0.02,6.4516129,394.77419335,4.44120968
seed-0018__crystal_hold,7,dream,40.33,58.79,-0.04,0,0,0
seed-0018__crystal_hold,8,moon,101.36,100.81,0.01,0,0,0
seed-0018__crystal_hold,8,bank,74.01,73.42,0,0,0,0
seed-0018__crystal_hold,8,sky,72.79,77.02,0,0,0,0
seed-0018__crystal_hold,8,forge,99.25,97.23,0.01,0,0,0
seed-0018__crystal_hold,8,crystal,70.98,68.09,0.16,6.4516129,457.93548364,34.34516127
seed-0018__crystal_hold,8,dream,43.63,59.54,0.08,0,0,0
seed-0018__crystal_hold,9,moon,100.43,100.53,-0.01,0,0,0
seed-0018__crystal_hold,9,bank,73.1,72.86,-0.01,0,0,0
seed-0018__crystal_hold,9,sky,70.45,76.98,-0.03,0,0,0
seed-0018__crystal_hold,9,forge,96.27,96.03,-0.03,0,0,0
seed-0018__crystal_hold,9,crystal,65.37,68.13,-0.08,6.4516129,421.74193527,31.63064515
seed-0018__crystal_hold,9,dream,48.8,59.16,0.12,0,0,0
seed-0018__crystal_hold,10,moon,101.84,100.75,0.01,0,0,0
seed-0018__crystal_hold,10,bank,73.5,72.49,0.01,0,0,0
seed-0018__crystal_hold,10,sky,70.44,77.53,0,0,0,0
seed-0018__crystal_hold,10,forge,97.79,95.71,0.02,0,0,0
seed-0018__crystal_hold,10,crystal,67.62,69.31,0.03,6.4516129,436.2580643,32.71935482
seed-0018__crystal_hold,10,dream,54.59,58.58,0.12,0,0,0
seed-0018__crystal_hold,11,moon,100.61,100.1,-0.01,0,0,0
seed-0018__crystal_hold,11,bank,73.03,72.35,-0.01,0,0,0
seed-0018__crystal_hold,11,sky,73.09,80.28,0.04,0,0,0
seed-0018__crystal_hold,11,forge,94.17,94.56,-0.04,0,0,0
seed-0018__crystal_hold,11,crystal,64.94,69.86,-0.04,6.4516129,418.96774173,31.42258063
seed-0018__crystal_hold,11,dream,56.55,57.31,0.04,0,0,0
seed-0018__crystal_hold,12,moon,100.5,100.2,0,0,0,0
seed-0018__crystal_hold,12,bank,74.18,73.77,0.02,0,0,0
seed-0018__crystal_hold,12,sky,77.82,79.9,0.06,0,0,0
seed-0018__crystal_hold,12,forge,93.06,95.9,-0.01,0,0,0
seed-0018__crystal_hold,12,crystal,67.37,70.1,0.04,0,0,32.59838708
seed-0018__crystal_hold,12,dream,60.5,57.76,0.07,0,0,0
seed-0019__cash_control,0,moon,86,100,0,0,0,0
seed-0019__cash_control,0,bank,75,72,0,0,0,0
seed-0019__cash_control,0,sky,80,80,0,0,0,0
seed-0019__cash_control,0,forge,88,92,0,0,0,0
seed-0019__cash_control,0,crystal,62,68,0,0,0,0
seed-0019__cash_control,0,dream,58,55,0,0,0,0
seed-0019__cash_control,1,moon,91.16,103.18,0.06,0,0,0
seed-0019__cash_control,1,bank,74.85,72.4,0,0,0,0
seed-0019__cash_control,1,sky,79.82,80.89,0,0,0,0
seed-0019__cash_control,1,forge,89.3,92.54,0.01,0,0,0
seed-0019__cash_control,1,crystal,62.19,67.11,0,0,0,0
seed-0019__cash_control,1,dream,61.48,55.8,0.06,0,0,0
seed-0019__cash_control,2,moon,96.63,103.51,0.06,0,0,0
seed-0019__cash_control,2,bank,74.77,72.64,0,0,0,0
seed-0019__cash_control,2,sky,79.28,77.56,-0.01,0,0,0
seed-0019__cash_control,2,forge,90.79,91.31,0.02,0,0,0
seed-0019__cash_control,2,crystal,64.92,68.26,0.04,0,0,0
seed-0019__cash_control,2,dream,64.52,54.91,0.05,0,0,0
seed-0019__cash_control,3,moon,99.89,103.09,0.03,0,0,0
seed-0019__cash_control,3,bank,74.63,72.64,0,0,0,0
seed-0019__cash_control,3,sky,78.73,76.63,-0.01,0,0,0
seed-0019__cash_control,3,forge,92.16,90.42,0.02,0,0,0
seed-0019__cash_control,3,crystal,67.04,67.31,0.03,0,0,0
seed-0019__cash_control,3,dream,67.24,53.58,0.04,0,0,0
seed-0019__cash_control,4,moon,101.99,103.42,0.02,0,0,0
seed-0019__cash_control,4,bank,74.14,72.65,-0.01,0,0,0
seed-0019__cash_control,4,sky,79.98,77.67,0.02,0,0,0
seed-0019__cash_control,4,forge,97.97,93.62,0.06,0,0,0
seed-0019__cash_control,4,crystal,64.67,67.39,-0.04,0,0,0
seed-0019__cash_control,4,dream,73.2,54.8,0.09,0,0,0
seed-0019__cash_control,5,moon,102.05,102.96,0,0,0,0
seed-0019__cash_control,5,bank,73.41,72.56,-0.01,0,0,0
seed-0019__cash_control,5,sky,79.66,76.72,0,0,0,0
seed-0019__cash_control,5,forge,97.24,93.92,-0.01,0,0,0
seed-0019__cash_control,5,crystal,63.39,68.06,-0.02,0,0,0
seed-0019__cash_control,5,dream,71.49,54.68,-0.02,0,0,0
seed-0019__cash_control,6,moon,103.55,104.79,0.01,0,0,0
seed-0019__cash_control,6,bank,72.8,72.43,-0.01,0,0,0
seed-0019__cash_control,6,sky,77.45,77,-0.03,0,0,0
seed-0019__cash_control,6,forge,93.73,93.75,-0.04,0,0,0
seed-0019__cash_control,6,crystal,60.49,67.07,-0.05,0,0,0
seed-0019__cash_control,6,dream,63.56,53.77,-0.11,0,0,0
seed-0019__cash_control,7,moon,104.72,105.58,0.01,0,0,0
seed-0019__cash_control,7,bank,73.31,73.08,0.01,0,0,0
seed-0019__cash_control,7,sky,76.95,77.63,-0.01,0,0,0
seed-0019__cash_control,7,forge,91.86,94.12,-0.02,0,0,0
seed-0019__cash_control,7,crystal,64.93,68.32,0.07,0,0,0
seed-0019__cash_control,7,dream,69.16,56.59,0.09,0,0,0
seed-0019__cash_control,8,moon,106.4,106.05,0.02,0,0,0
seed-0019__cash_control,8,bank,73.83,73.35,0.01,0,0,0
seed-0019__cash_control,8,sky,74.63,74.63,-0.03,0,0,0
seed-0019__cash_control,8,forge,91.23,94.64,-0.01,0,0,0
seed-0019__cash_control,8,crystal,69.11,69.18,0.06,0,0,0
seed-0019__cash_control,8,dream,74.5,56.37,0.08,0,0,0
seed-0019__cash_control,9,moon,108.49,106.54,0.02,0,0,0
seed-0019__cash_control,9,bank,72.65,72.52,-0.02,0,0,0
seed-0019__cash_control,9,sky,73.15,74.5,-0.02,0,0,0
seed-0019__cash_control,9,forge,91.27,95.08,0,0,0,0
seed-0019__cash_control,9,crystal,72.55,70.37,0.05,0,0,0
seed-0019__cash_control,9,dream,75.94,56.75,0.02,0,0,0
seed-0019__cash_control,10,moon,106.23,105.81,-0.02,0,0,0
seed-0019__cash_control,10,bank,73.06,73.64,0.01,0,0,0
seed-0019__cash_control,10,sky,70.63,73.43,-0.03,0,0,0
seed-0019__cash_control,10,forge,89.78,95.39,-0.02,0,0,0
seed-0019__cash_control,10,crystal,71.03,68.9,-0.02,0,0,0
seed-0019__cash_control,10,dream,75.25,57.73,-0.01,0,0,0
seed-0019__cash_control,11,moon,104.42,105.46,-0.02,0,0,0
seed-0019__cash_control,11,bank,72.3,73.3,-0.01,0,0,0
seed-0019__cash_control,11,sky,66.16,70.58,-0.06,0,0,0
seed-0019__cash_control,11,forge,88.46,95.04,-0.01,0,0,0
seed-0019__cash_control,11,crystal,67.6,67.93,-0.05,0,0,0
seed-0019__cash_control,11,dream,69.56,58.7,-0.08,0,0,0
seed-0019__cash_control,12,moon,105.54,105.32,0.01,0,0,0
seed-0019__cash_control,12,bank,73.57,73.35,0.02,0,0,0
seed-0019__cash_control,12,sky,66.34,71.35,0,0,0,0
seed-0019__cash_control,12,forge,90.51,94.81,0.02,0,0,0
seed-0019__cash_control,12,crystal,68.89,69.59,0.02,0,0,0
seed-0019__cash_control,12,dream,67.92,57.97,-0.02,0,0,0
seed-0019__moon_hold,0,moon,86,100,0,4.65116279,400,0
seed-0019__moon_hold,0,bank,75,72,0,0,0,0
seed-0019__moon_hold,0,sky,80,80,0,0,0,0
seed-0019__moon_hold,0,forge,88,92,0,0,0,0
seed-0019__moon_hold,0,crystal,62,68,0,0,0,0
seed-0019__moon_hold,0,dream,58,55,0,0,0,0
seed-0019__moon_hold,1,moon,91.16,103.18,0.06,4.65116279,424,14.84
seed-0019__moon_hold,1,bank,74.85,72.4,0,0,0,0
seed-0019__moon_hold,1,sky,79.82,80.89,0,0,0,0
seed-0019__moon_hold,1,forge,89.3,92.54,0.01,0,0,0
seed-0019__moon_hold,1,crystal,62.19,67.11,0,0,0,0
seed-0019__moon_hold,1,dream,61.48,55.8,0.06,0,0,0
seed-0019__moon_hold,2,moon,96.63,103.51,0.06,4.65116279,449.4418604,15.73046511
seed-0019__moon_hold,2,bank,74.77,72.64,0,0,0,0
seed-0019__moon_hold,2,sky,79.28,77.56,-0.01,0,0,0
seed-0019__moon_hold,2,forge,90.79,91.31,0.02,0,0,0
seed-0019__moon_hold,2,crystal,64.92,68.26,0.04,0,0,0
seed-0019__moon_hold,2,dream,64.52,54.91,0.05,0,0,0
seed-0019__moon_hold,3,moon,99.89,103.09,0.03,4.65116279,464.60465109,16.26116279
seed-0019__moon_hold,3,bank,74.63,72.64,0,0,0,0
seed-0019__moon_hold,3,sky,78.73,76.63,-0.01,0,0,0
seed-0019__moon_hold,3,forge,92.16,90.42,0.02,0,0,0
seed-0019__moon_hold,3,crystal,67.04,67.31,0.03,0,0,0
seed-0019__moon_hold,3,dream,67.24,53.58,0.04,0,0,0
seed-0019__moon_hold,4,moon,101.99,103.42,0.02,4.65116279,474.37209295,16.60302325
seed-0019__moon_hold,4,bank,74.14,72.65,-0.01,0,0,0
seed-0019__moon_hold,4,sky,79.98,77.67,0.02,0,0,0
seed-0019__moon_hold,4,forge,97.97,93.62,0.06,0,0,0
seed-0019__moon_hold,4,crystal,64.67,67.39,-0.04,0,0,0
seed-0019__moon_hold,4,dream,73.2,54.8,0.09,0,0,0
seed-0019__moon_hold,5,moon,102.05,102.96,0,4.65116279,474.65116272,16.6127907
seed-0019__moon_hold,5,bank,73.41,72.56,-0.01,0,0,0
seed-0019__moon_hold,5,sky,79.66,76.72,0,0,0,0
seed-0019__moon_hold,5,forge,97.24,93.92,-0.01,0,0,0
seed-0019__moon_hold,5,crystal,63.39,68.06,-0.02,0,0,0
seed-0019__moon_hold,5,dream,71.49,54.68,-0.02,0,0,0
seed-0019__moon_hold,6,moon,103.55,104.79,0.01,4.65116279,481.6279069,16.85697674
seed-0019__moon_hold,6,bank,72.8,72.43,-0.01,0,0,0
seed-0019__moon_hold,6,sky,77.45,77,-0.03,0,0,0
seed-0019__moon_hold,6,forge,93.73,93.75,-0.04,0,0,0
seed-0019__moon_hold,6,crystal,60.49,67.07,-0.05,0,0,0
seed-0019__moon_hold,6,dream,63.56,53.77,-0.11,0,0,0
seed-0019__moon_hold,7,moon,104.72,105.58,0.01,4.65116279,487.06976737,17.04744186
seed-0019__moon_hold,7,bank,73.31,73.08,0.01,0,0,0
seed-0019__moon_hold,7,sky,76.95,77.63,-0.01,0,0,0
seed-0019__moon_hold,7,forge,91.86,94.12,-0.02,0,0,0
seed-0019__moon_hold,7,crystal,64.93,68.32,0.07,0,0,0
seed-0019__moon_hold,7,dream,69.16,56.59,0.09,0,0,0
seed-0019__moon_hold,8,moon,106.4,106.05,0.02,4.65116279,494.88372086,17.32093023
seed-0019__moon_hold,8,bank,73.83,73.35,0.01,0,0,0
seed-0019__moon_hold,8,sky,74.63,74.63,-0.03,0,0,0
seed-0019__moon_hold,8,forge,91.23,94.64,-0.01,0,0,0
seed-0019__moon_hold,8,crystal,69.11,69.18,0.06,0,0,0
seed-0019__moon_hold,8,dream,74.5,56.37,0.08,0,0,0
seed-0019__moon_hold,9,moon,108.49,106.54,0.02,4.65116279,504.60465109,17.66116279
seed-0019__moon_hold,9,bank,72.65,72.52,-0.02,0,0,0
seed-0019__moon_hold,9,sky,73.15,74.5,-0.02,0,0,0
seed-0019__moon_hold,9,forge,91.27,95.08,0,0,0,0
seed-0019__moon_hold,9,crystal,72.55,70.37,0.05,0,0,0
seed-0019__moon_hold,9,dream,75.94,56.75,0.02,0,0,0
seed-0019__moon_hold,10,moon,106.23,105.81,-0.02,4.65116279,494.09302318,17.29325581
seed-0019__moon_hold,10,bank,73.06,73.64,0.01,0,0,0
seed-0019__moon_hold,10,sky,70.63,73.43,-0.03,0,0,0
seed-0019__moon_hold,10,forge,89.78,95.39,-0.02,0,0,0
seed-0019__moon_hold,10,crystal,71.03,68.9,-0.02,0,0,0
seed-0019__moon_hold,10,dream,75.25,57.73,-0.01,0,0,0
seed-0019__moon_hold,11,moon,104.42,105.46,-0.02,4.65116279,485.67441853,16.99860465
seed-0019__moon_hold,11,bank,72.3,73.3,-0.01,0,0,0
seed-0019__moon_hold,11,sky,66.16,70.58,-0.06,0,0,0
seed-0019__moon_hold,11,forge,88.46,95.04,-0.01,0,0,0
seed-0019__moon_hold,11,crystal,67.6,67.93,-0.05,0,0,0
seed-0019__moon_hold,11,dream,69.56,58.7,-0.08,0,0,0
seed-0019__moon_hold,12,moon,105.54,105.32,0.01,0,0,17.18093023
seed-0019__moon_hold,12,bank,73.57,73.35,0.02,0,0,0
seed-0019__moon_hold,12,sky,66.34,71.35,0,0,0,0
seed-0019__moon_hold,12,forge,90.51,94.81,0.02,0,0,0
seed-0019__moon_hold,12,crystal,68.89,69.59,0.02,0,0,0
seed-0019__moon_hold,12,dream,67.92,57.97,-0.02,0,0,0
seed-0019__sky_hold,0,moon,86,100,0,0,0,0
seed-0019__sky_hold,0,bank,75,72,0,0,0,0
seed-0019__sky_hold,0,sky,80,80,0,5,400,0
seed-0019__sky_hold,0,forge,88,92,0,0,0,0
seed-0019__sky_hold,0,crystal,62,68,0,0,0,0
seed-0019__sky_hold,0,dream,58,55,0,0,0,0
seed-0019__sky_hold,1,moon,91.16,103.18,0.06,0,0,0
seed-0019__sky_hold,1,bank,74.85,72.4,0,0,0,0
seed-0019__sky_hold,1,sky,79.82,80.89,0,5,399.1,4.7892
seed-0019__sky_hold,1,forge,89.3,92.54,0.01,0,0,0
seed-0019__sky_hold,1,crystal,62.19,67.11,0,0,0,0
seed-0019__sky_hold,1,dream,61.48,55.8,0.06,0,0,0
seed-0019__sky_hold,2,moon,96.63,103.51,0.06,0,0,0
seed-0019__sky_hold,2,bank,74.77,72.64,0,0,0,0
seed-0019__sky_hold,2,sky,79.28,77.56,-0.01,5,396.4,4.7568
seed-0019__sky_hold,2,forge,90.79,91.31,0.02,0,0,0
seed-0019__sky_hold,2,crystal,64.92,68.26,0.04,0,0,0
seed-0019__sky_hold,2,dream,64.52,54.91,0.05,0,0,0
seed-0019__sky_hold,3,moon,99.89,103.09,0.03,0,0,0
seed-0019__sky_hold,3,bank,74.63,72.64,0,0,0,0
seed-0019__sky_hold,3,sky,78.73,76.63,-0.01,5,393.65,4.7238
seed-0019__sky_hold,3,forge,92.16,90.42,0.02,0,0,0
seed-0019__sky_hold,3,crystal,67.04,67.31,0.03,0,0,0
seed-0019__sky_hold,3,dream,67.24,53.58,0.04,0,0,0
seed-0019__sky_hold,4,moon,101.99,103.42,0.02,0,0,0
seed-0019__sky_hold,4,bank,74.14,72.65,-0.01,0,0,0
seed-0019__sky_hold,4,sky,79.98,77.67,0.02,5,399.9,23.994
seed-0019__sky_hold,4,forge,97.97,93.62,0.06,0,0,0
seed-0019__sky_hold,4,crystal,64.67,67.39,-0.04,0,0,0
seed-0019__sky_hold,4,dream,73.2,54.8,0.09,0,0,0
seed-0019__sky_hold,5,moon,102.05,102.96,0,0,0,0
seed-0019__sky_hold,5,bank,73.41,72.56,-0.01,0,0,0
seed-0019__sky_hold,5,sky,79.66,76.72,0,5,398.3,4.7796
seed-0019__sky_hold,5,forge,97.24,93.92,-0.01,0,0,0
seed-0019__sky_hold,5,crystal,63.39,68.06,-0.02,0,0,0
seed-0019__sky_hold,5,dream,71.49,54.68,-0.02,0,0,0
seed-0019__sky_hold,6,moon,103.55,104.79,0.01,0,0,0
seed-0019__sky_hold,6,bank,72.8,72.43,-0.01,0,0,0
seed-0019__sky_hold,6,sky,77.45,77,-0.03,5,387.25,4.647
seed-0019__sky_hold,6,forge,93.73,93.75,-0.04,0,0,0
seed-0019__sky_hold,6,crystal,60.49,67.07,-0.05,0,0,0
seed-0019__sky_hold,6,dream,63.56,53.77,-0.11,0,0,0
seed-0019__sky_hold,7,moon,104.72,105.58,0.01,0,0,0
seed-0019__sky_hold,7,bank,73.31,73.08,0.01,0,0,0
seed-0019__sky_hold,7,sky,76.95,77.63,-0.01,5,384.75,4.617
seed-0019__sky_hold,7,forge,91.86,94.12,-0.02,0,0,0
seed-0019__sky_hold,7,crystal,64.93,68.32,0.07,0,0,0
seed-0019__sky_hold,7,dream,69.16,56.59,0.09,0,0,0
seed-0019__sky_hold,8,moon,106.4,106.05,0.02,0,0,0
seed-0019__sky_hold,8,bank,73.83,73.35,0.01,0,0,0
seed-0019__sky_hold,8,sky,74.63,74.63,-0.03,5,373.15,4.4778
seed-0019__sky_hold,8,forge,91.23,94.64,-0.01,0,0,0
seed-0019__sky_hold,8,crystal,69.11,69.18,0.06,0,0,0
seed-0019__sky_hold,8,dream,74.5,56.37,0.08,0,0,0
seed-0019__sky_hold,9,moon,108.49,106.54,0.02,0,0,0
seed-0019__sky_hold,9,bank,72.65,72.52,-0.02,0,0,0
seed-0019__sky_hold,9,sky,73.15,74.5,-0.02,5,365.75,4.389
seed-0019__sky_hold,9,forge,91.27,95.08,0,0,0,0
seed-0019__sky_hold,9,crystal,72.55,70.37,0.05,0,0,0
seed-0019__sky_hold,9,dream,75.94,56.75,0.02,0,0,0
seed-0019__sky_hold,10,moon,106.23,105.81,-0.02,0,0,0
seed-0019__sky_hold,10,bank,73.06,73.64,0.01,0,0,0
seed-0019__sky_hold,10,sky,70.63,73.43,-0.03,5,353.15,4.2378
seed-0019__sky_hold,10,forge,89.78,95.39,-0.02,0,0,0
seed-0019__sky_hold,10,crystal,71.03,68.9,-0.02,0,0,0
seed-0019__sky_hold,10,dream,75.25,57.73,-0.01,0,0,0
seed-0019__sky_hold,11,moon,104.42,105.46,-0.02,0,0,0
seed-0019__sky_hold,11,bank,72.3,73.3,-0.01,0,0,0
seed-0019__sky_hold,11,sky,66.16,70.58,-0.06,5,330.8,3.9696
seed-0019__sky_hold,11,forge,88.46,95.04,-0.01,0,0,0
seed-0019__sky_hold,11,crystal,67.6,67.93,-0.05,0,0,0
seed-0019__sky_hold,11,dream,69.56,58.7,-0.08,0,0,0
seed-0019__sky_hold,12,moon,105.54,105.32,0.01,0,0,0
seed-0019__sky_hold,12,bank,73.57,73.35,0.02,0,0,0
seed-0019__sky_hold,12,sky,66.34,71.35,0,0,0,3.9804
seed-0019__sky_hold,12,forge,90.51,94.81,0.02,0,0,0
seed-0019__sky_hold,12,crystal,68.89,69.59,0.02,0,0,0
seed-0019__sky_hold,12,dream,67.92,57.97,-0.02,0,0,0
seed-0019__crystal_hold,0,moon,86,100,0,0,0,0
seed-0019__crystal_hold,0,bank,75,72,0,0,0,0
seed-0019__crystal_hold,0,sky,80,80,0,0,0,0
seed-0019__crystal_hold,0,forge,88,92,0,0,0,0
seed-0019__crystal_hold,0,crystal,62,68,0,6.4516129,399.9999998,0
seed-0019__crystal_hold,0,dream,58,55,0,0,0,0
seed-0019__crystal_hold,1,moon,91.16,103.18,0.06,0,0,0
seed-0019__crystal_hold,1,bank,74.85,72.4,0,0,0,0
seed-0019__crystal_hold,1,sky,79.82,80.89,0,0,0,0
seed-0019__crystal_hold,1,forge,89.3,92.54,0.01,0,0,0
seed-0019__crystal_hold,1,crystal,62.19,67.11,0,6.4516129,401.22580625,4.51379032
seed-0019__crystal_hold,1,dream,61.48,55.8,0.06,0,0,0
seed-0019__crystal_hold,2,moon,96.63,103.51,0.06,0,0,0
seed-0019__crystal_hold,2,bank,74.77,72.64,0,0,0,0
seed-0019__crystal_hold,2,sky,79.28,77.56,-0.01,0,0,0
seed-0019__crystal_hold,2,forge,90.79,91.31,0.02,0,0,0
seed-0019__crystal_hold,2,crystal,64.92,68.26,0.04,6.4516129,418.83870947,31.41290321
seed-0019__crystal_hold,2,dream,64.52,54.91,0.05,0,0,0
seed-0019__crystal_hold,3,moon,99.89,103.09,0.03,0,0,0
seed-0019__crystal_hold,3,bank,74.63,72.64,0,0,0,0
seed-0019__crystal_hold,3,sky,78.73,76.63,-0.01,0,0,0
seed-0019__crystal_hold,3,forge,92.16,90.42,0.02,0,0,0
seed-0019__crystal_hold,3,crystal,67.04,67.31,0.03,6.4516129,432.51612882,32.43870966
seed-0019__crystal_hold,3,dream,67.24,53.58,0.04,0,0,0
seed-0019__crystal_hold,4,moon,101.99,103.42,0.02,0,0,0
seed-0019__crystal_hold,4,bank,74.14,72.65,-0.01,0,0,0
seed-0019__crystal_hold,4,sky,79.98,77.67,0.02,0,0,0
seed-0019__crystal_hold,4,forge,97.97,93.62,0.06,0,0,0
seed-0019__crystal_hold,4,crystal,64.67,67.39,-0.04,6.4516129,417.22580624,31.29193547
seed-0019__crystal_hold,4,dream,73.2,54.8,0.09,0,0,0
seed-0019__crystal_hold,5,moon,102.05,102.96,0,0,0,0
seed-0019__crystal_hold,5,bank,73.41,72.56,-0.01,0,0,0
seed-0019__crystal_hold,5,sky,79.66,76.72,0,0,0,0
seed-0019__crystal_hold,5,forge,97.24,93.92,-0.01,0,0,0
seed-0019__crystal_hold,5,crystal,63.39,68.06,-0.02,6.4516129,408.96774173,4.60088709
seed-0019__crystal_hold,5,dream,71.49,54.68,-0.02,0,0,0
seed-0019__crystal_hold,6,moon,103.55,104.79,0.01,0,0,0
seed-0019__crystal_hold,6,bank,72.8,72.43,-0.01,0,0,0
seed-0019__crystal_hold,6,sky,77.45,77,-0.03,0,0,0
seed-0019__crystal_hold,6,forge,93.73,93.75,-0.04,0,0,0
seed-0019__crystal_hold,6,crystal,60.49,67.07,-0.05,6.4516129,390.25806432,29.26935482
seed-0019__crystal_hold,6,dream,63.56,53.77,-0.11,0,0,0
seed-0019__crystal_hold,7,moon,104.72,105.58,0.01,0,0,0
seed-0019__crystal_hold,7,bank,73.31,73.08,0.01,0,0,0
seed-0019__crystal_hold,7,sky,76.95,77.63,-0.01,0,0,0
seed-0019__crystal_hold,7,forge,91.86,94.12,-0.02,0,0,0
seed-0019__crystal_hold,7,crystal,64.93,68.32,0.07,6.4516129,418.9032256,31.41774192
seed-0019__crystal_hold,7,dream,69.16,56.59,0.09,0,0,0
seed-0019__crystal_hold,8,moon,106.4,106.05,0.02,0,0,0
seed-0019__crystal_hold,8,bank,73.83,73.35,0.01,0,0,0
seed-0019__crystal_hold,8,sky,74.63,74.63,-0.03,0,0,0
seed-0019__crystal_hold,8,forge,91.23,94.64,-0.01,0,0,0
seed-0019__crystal_hold,8,crystal,69.11,69.18,0.06,6.4516129,445.87096752,33.44032256
seed-0019__crystal_hold,8,dream,74.5,56.37,0.08,0,0,0
seed-0019__crystal_hold,9,moon,108.49,106.54,0.02,0,0,0
seed-0019__crystal_hold,9,bank,72.65,72.52,-0.02,0,0,0
seed-0019__crystal_hold,9,sky,73.15,74.5,-0.02,0,0,0
seed-0019__crystal_hold,9,forge,91.27,95.08,0,0,0,0
seed-0019__crystal_hold,9,crystal,72.55,70.37,0.05,6.4516129,468.06451589,35.10483869
seed-0019__crystal_hold,9,dream,75.94,56.75,0.02,0,0,0
seed-0019__crystal_hold,10,moon,106.23,105.81,-0.02,0,0,0
seed-0019__crystal_hold,10,bank,73.06,73.64,0.01,0,0,0
seed-0019__crystal_hold,10,sky,70.63,73.43,-0.03,0,0,0
seed-0019__crystal_hold,10,forge,89.78,95.39,-0.02,0,0,0
seed-0019__crystal_hold,10,crystal,71.03,68.9,-0.02,6.4516129,458.25806429,5.15540322
seed-0019__crystal_hold,10,dream,75.25,57.73,-0.01,0,0,0
seed-0019__crystal_hold,11,moon,104.42,105.46,-0.02,0,0,0
seed-0019__crystal_hold,11,bank,72.3,73.3,-0.01,0,0,0
seed-0019__crystal_hold,11,sky,66.16,70.58,-0.06,0,0,0
seed-0019__crystal_hold,11,forge,88.46,95.04,-0.01,0,0,0
seed-0019__crystal_hold,11,crystal,67.6,67.93,-0.05,6.4516129,436.12903204,32.7096774
seed-0019__crystal_hold,11,dream,69.56,58.7,-0.08,0,0,0
seed-0019__crystal_hold,12,moon,105.54,105.32,0.01,0,0,0
seed-0019__crystal_hold,12,bank,73.57,73.35,0.02,0,0,0
seed-0019__crystal_hold,12,sky,66.34,71.35,0,0,0,0
seed-0019__crystal_hold,12,forge,90.51,94.81,0.02,0,0,0
seed-0019__crystal_hold,12,crystal,68.89,69.59,0.02,0,0,5.00008064
seed-0019__crystal_hold,12,dream,67.92,57.97,-0.02,0,0,0
